history_id,date,pair,base,quote,rate,provider,quality_tier
GBP_INR-2023-05-01,2023-05-01,GBP_INR,GBP,INR,106.8824,manual_uploaded_rates,manual
USD_INR-2023-05-01,2023-05-01,USD_INR,USD,INR,82.3014,manual_uploaded_rates,manual
EUR_INR-2023-05-01,2023-05-01,EUR_INR,EUR,INR,90.5345,manual_uploaded_rates,manual
GBP_USD-2023-05-01,2023-05-01,GBP_USD,GBP,USD,1.27194,manual_uploaded_rates,manual
EUR_GBP-2023-05-01,2023-05-01,EUR_GBP,EUR,GBP,0.82824,manual_uploaded_rates,manual
EUR_USD-2023-05-01,2023-05-01,EUR_USD,EUR,USD,1.07474,manual_uploaded_rates,manual
USD_GBP-2023-05-01,2023-05-01,USD_GBP,USD,GBP,0.76908,manual_uploaded_rates,manual
GBP_EUR-2023-05-01,2023-05-01,GBP_EUR,GBP,EUR,1.16348,manual_uploaded_rates,manual
GBP_INR-2023-05-02,2023-05-02,GBP_INR,GBP,INR,106.99,manual_uploaded_rates,manual
USD_INR-2023-05-02,2023-05-02,USD_INR,USD,INR,82.3843,manual_uploaded_rates,manual
EUR_INR-2023-05-02,2023-05-02,EUR_INR,EUR,INR,90.6256,manual_uploaded_rates,manual
GBP_USD-2023-05-02,2023-05-02,GBP_USD,GBP,USD,1.27322,manual_uploaded_rates,manual
EUR_GBP-2023-05-02,2023-05-02,EUR_GBP,EUR,GBP,0.829074,manual_uploaded_rates,manual
EUR_USD-2023-05-02,2023-05-02,EUR_USD,EUR,USD,1.075822,manual_uploaded_rates,manual
USD_GBP-2023-05-02,2023-05-02,USD_GBP,USD,GBP,0.769854,manual_uploaded_rates,manual
GBP_EUR-2023-05-02,2023-05-02,GBP_EUR,GBP,EUR,1.164651,manual_uploaded_rates,manual
GBP_INR-2023-05-03,2023-05-03,GBP_INR,GBP,INR,107.0966,manual_uploaded_rates,manual
USD_INR-2023-05-03,2023-05-03,USD_INR,USD,INR,82.4663,manual_uploaded_rates,manual
EUR_INR-2023-05-03,2023-05-03,EUR_INR,EUR,INR,90.7159,manual_uploaded_rates,manual
GBP_USD-2023-05-03,2023-05-03,GBP_USD,GBP,USD,1.274489,manual_uploaded_rates,manual
EUR_GBP-2023-05-03,2023-05-03,EUR_GBP,EUR,GBP,0.829899,manual_uploaded_rates,manual
EUR_USD-2023-05-03,2023-05-03,EUR_USD,EUR,USD,1.076893,manual_uploaded_rates,manual
USD_GBP-2023-05-03,2023-05-03,USD_GBP,USD,GBP,0.770621,manual_uploaded_rates,manual
GBP_EUR-2023-05-03,2023-05-03,GBP_EUR,GBP,EUR,1.165811,manual_uploaded_rates,manual
GBP_INR-2023-05-04,2023-05-04,GBP_INR,GBP,INR,107.2011,manual_uploaded_rates,manual
USD_INR-2023-05-04,2023-05-04,USD_INR,USD,INR,82.5468,manual_uploaded_rates,manual
EUR_INR-2023-05-04,2023-05-04,EUR_INR,EUR,INR,90.8045,manual_uploaded_rates,manual
GBP_USD-2023-05-04,2023-05-04,GBP_USD,GBP,USD,1.275733,manual_uploaded_rates,manual
EUR_GBP-2023-05-04,2023-05-04,EUR_GBP,EUR,GBP,0.83071,manual_uploaded_rates,manual
EUR_USD-2023-05-04,2023-05-04,EUR_USD,EUR,USD,1.077945,manual_uploaded_rates,manual
USD_GBP-2023-05-04,2023-05-04,USD_GBP,USD,GBP,0.771373,manual_uploaded_rates,manual
GBP_EUR-2023-05-04,2023-05-04,GBP_EUR,GBP,EUR,1.166949,manual_uploaded_rates,manual
GBP_INR-2023-05-05,2023-05-05,GBP_INR,GBP,INR,107.3026,manual_uploaded_rates,manual
USD_INR-2023-05-05,2023-05-05,USD_INR,USD,INR,82.625,manual_uploaded_rates,manual
EUR_INR-2023-05-05,2023-05-05,EUR_INR,EUR,INR,90.8905,manual_uploaded_rates,manual
GBP_USD-2023-05-05,2023-05-05,GBP_USD,GBP,USD,1.276941,manual_uploaded_rates,manual
EUR_GBP-2023-05-05,2023-05-05,EUR_GBP,EUR,GBP,0.831496,manual_uploaded_rates,manual
EUR_USD-2023-05-05,2023-05-05,EUR_USD,EUR,USD,1.078965,manual_uploaded_rates,manual
USD_GBP-2023-05-05,2023-05-05,USD_GBP,USD,GBP,0.772104,manual_uploaded_rates,manual
GBP_EUR-2023-05-05,2023-05-05,GBP_EUR,GBP,EUR,1.168054,manual_uploaded_rates,manual
GBP_INR-2023-05-06,2023-05-06,GBP_INR,GBP,INR,107.4002,manual_uploaded_rates,manual
USD_INR-2023-05-06,2023-05-06,USD_INR,USD,INR,82.7001,manual_uploaded_rates,manual
EUR_INR-2023-05-06,2023-05-06,EUR_INR,EUR,INR,90.9731,manual_uploaded_rates,manual
GBP_USD-2023-05-06,2023-05-06,GBP_USD,GBP,USD,1.278102,manual_uploaded_rates,manual
EUR_GBP-2023-05-06,2023-05-06,EUR_GBP,EUR,GBP,0.832252,manual_uploaded_rates,manual
EUR_USD-2023-05-06,2023-05-06,EUR_USD,EUR,USD,1.079947,manual_uploaded_rates,manual
USD_GBP-2023-05-06,2023-05-06,USD_GBP,USD,GBP,0.772806,manual_uploaded_rates,manual
GBP_EUR-2023-05-06,2023-05-06,GBP_EUR,GBP,EUR,1.169116,manual_uploaded_rates,manual
GBP_INR-2023-05-07,2023-05-07,GBP_INR,GBP,INR,107.4929,manual_uploaded_rates,manual
USD_INR-2023-05-07,2023-05-07,USD_INR,USD,INR,82.7715,manual_uploaded_rates,manual
EUR_INR-2023-05-07,2023-05-07,EUR_INR,EUR,INR,91.0517,manual_uploaded_rates,manual
GBP_USD-2023-05-07,2023-05-07,GBP_USD,GBP,USD,1.279206,manual_uploaded_rates,manual
EUR_GBP-2023-05-07,2023-05-07,EUR_GBP,EUR,GBP,0.832971,manual_uploaded_rates,manual
EUR_USD-2023-05-07,2023-05-07,EUR_USD,EUR,USD,1.080879,manual_uploaded_rates,manual
USD_GBP-2023-05-07,2023-05-07,USD_GBP,USD,GBP,0.773473,manual_uploaded_rates,manual
GBP_EUR-2023-05-07,2023-05-07,GBP_EUR,GBP,EUR,1.170126,manual_uploaded_rates,manual
GBP_INR-2023-05-08,2023-05-08,GBP_INR,GBP,INR,107.5801,manual_uploaded_rates,manual
USD_INR-2023-05-08,2023-05-08,USD_INR,USD,INR,82.8387,manual_uploaded_rates,manual
EUR_INR-2023-05-08,2023-05-08,EUR_INR,EUR,INR,91.1255,manual_uploaded_rates,manual
GBP_USD-2023-05-08,2023-05-08,GBP_USD,GBP,USD,1.280243,manual_uploaded_rates,manual
EUR_GBP-2023-05-08,2023-05-08,EUR_GBP,EUR,GBP,0.833647,manual_uploaded_rates,manual
EUR_USD-2023-05-08,2023-05-08,EUR_USD,EUR,USD,1.081756,manual_uploaded_rates,manual
USD_GBP-2023-05-08,2023-05-08,USD_GBP,USD,GBP,0.7741,manual_uploaded_rates,manual
GBP_EUR-2023-05-08,2023-05-08,GBP_EUR,GBP,EUR,1.171075,manual_uploaded_rates,manual
GBP_INR-2023-05-09,2023-05-09,GBP_INR,GBP,INR,107.661,manual_uploaded_rates,manual
USD_INR-2023-05-09,2023-05-09,USD_INR,USD,INR,82.901,manual_uploaded_rates,manual
EUR_INR-2023-05-09,2023-05-09,EUR_INR,EUR,INR,91.194,manual_uploaded_rates,manual
GBP_USD-2023-05-09,2023-05-09,GBP_USD,GBP,USD,1.281206,manual_uploaded_rates,manual
EUR_GBP-2023-05-09,2023-05-09,EUR_GBP,EUR,GBP,0.834274,manual_uploaded_rates,manual
EUR_USD-2023-05-09,2023-05-09,EUR_USD,EUR,USD,1.082569,manual_uploaded_rates,manual
USD_GBP-2023-05-09,2023-05-09,USD_GBP,USD,GBP,0.774683,manual_uploaded_rates,manual
GBP_EUR-2023-05-09,2023-05-09,GBP_EUR,GBP,EUR,1.171956,manual_uploaded_rates,manual
GBP_INR-2023-05-10,2023-05-10,GBP_INR,GBP,INR,107.7351,manual_uploaded_rates,manual
USD_INR-2023-05-10,2023-05-10,USD_INR,USD,INR,82.958,manual_uploaded_rates,manual
EUR_INR-2023-05-10,2023-05-10,EUR_INR,EUR,INR,91.2568,manual_uploaded_rates,manual
GBP_USD-2023-05-10,2023-05-10,GBP_USD,GBP,USD,1.282088,manual_uploaded_rates,manual
EUR_GBP-2023-05-10,2023-05-10,EUR_GBP,EUR,GBP,0.834848,manual_uploaded_rates,manual
EUR_USD-2023-05-10,2023-05-10,EUR_USD,EUR,USD,1.083314,manual_uploaded_rates,manual
USD_GBP-2023-05-10,2023-05-10,USD_GBP,USD,GBP,0.775216,manual_uploaded_rates,manual
GBP_EUR-2023-05-10,2023-05-10,GBP_EUR,GBP,EUR,1.172762,manual_uploaded_rates,manual
GBP_INR-2023-05-11,2023-05-11,GBP_INR,GBP,INR,107.8019,manual_uploaded_rates,manual
USD_INR-2023-05-11,2023-05-11,USD_INR,USD,INR,83.0095,manual_uploaded_rates,manual
EUR_INR-2023-05-11,2023-05-11,EUR_INR,EUR,INR,91.3134,manual_uploaded_rates,manual
GBP_USD-2023-05-11,2023-05-11,GBP_USD,GBP,USD,1.282883,manual_uploaded_rates,manual
EUR_GBP-2023-05-11,2023-05-11,EUR_GBP,EUR,GBP,0.835366,manual_uploaded_rates,manual
EUR_USD-2023-05-11,2023-05-11,EUR_USD,EUR,USD,1.083986,manual_uploaded_rates,manual
USD_GBP-2023-05-11,2023-05-11,USD_GBP,USD,GBP,0.775697,manual_uploaded_rates,manual
GBP_EUR-2023-05-11,2023-05-11,GBP_EUR,GBP,EUR,1.17349,manual_uploaded_rates,manual
GBP_INR-2023-05-12,2023-05-12,GBP_INR,GBP,INR,107.8612,manual_uploaded_rates,manual
USD_INR-2023-05-12,2023-05-12,USD_INR,USD,INR,83.0551,manual_uploaded_rates,manual
EUR_INR-2023-05-12,2023-05-12,EUR_INR,EUR,INR,91.3636,manual_uploaded_rates,manual
GBP_USD-2023-05-12,2023-05-12,GBP_USD,GBP,USD,1.283588,manual_uploaded_rates,manual
EUR_GBP-2023-05-12,2023-05-12,EUR_GBP,EUR,GBP,0.835825,manual_uploaded_rates,manual
EUR_USD-2023-05-12,2023-05-12,EUR_USD,EUR,USD,1.084583,manual_uploaded_rates,manual
USD_GBP-2023-05-12,2023-05-12,USD_GBP,USD,GBP,0.776123,manual_uploaded_rates,manual
GBP_EUR-2023-05-12,2023-05-12,GBP_EUR,GBP,EUR,1.174135,manual_uploaded_rates,manual
GBP_INR-2023-05-13,2023-05-13,GBP_INR,GBP,INR,107.9128,manual_uploaded_rates,manual
USD_INR-2023-05-13,2023-05-13,USD_INR,USD,INR,83.0948,manual_uploaded_rates,manual
EUR_INR-2023-05-13,2023-05-13,EUR_INR,EUR,INR,91.4073,manual_uploaded_rates,manual
GBP_USD-2023-05-13,2023-05-13,GBP_USD,GBP,USD,1.284202,manual_uploaded_rates,manual
EUR_GBP-2023-05-13,2023-05-13,EUR_GBP,EUR,GBP,0.836225,manual_uploaded_rates,manual
EUR_USD-2023-05-13,2023-05-13,EUR_USD,EUR,USD,1.085101,manual_uploaded_rates,manual
USD_GBP-2023-05-13,2023-05-13,USD_GBP,USD,GBP,0.776494,manual_uploaded_rates,manual
GBP_EUR-2023-05-13,2023-05-13,GBP_EUR,GBP,EUR,1.174697,manual_uploaded_rates,manual
GBP_INR-2023-05-14,2023-05-14,GBP_INR,GBP,INR,107.9566,manual_uploaded_rates,manual
USD_INR-2023-05-14,2023-05-14,USD_INR,USD,INR,83.1286,manual_uploaded_rates,manual
EUR_INR-2023-05-14,2023-05-14,EUR_INR,EUR,INR,91.4444,manual_uploaded_rates,manual
GBP_USD-2023-05-14,2023-05-14,GBP_USD,GBP,USD,1.284724,manual_uploaded_rates,manual
EUR_GBP-2023-05-14,2023-05-14,EUR_GBP,EUR,GBP,0.836564,manual_uploaded_rates,manual
EUR_USD-2023-05-14,2023-05-14,EUR_USD,EUR,USD,1.085542,manual_uploaded_rates,manual
USD_GBP-2023-05-14,2023-05-14,USD_GBP,USD,GBP,0.77681,manual_uploaded_rates,manual
GBP_EUR-2023-05-14,2023-05-14,GBP_EUR,GBP,EUR,1.175173,manual_uploaded_rates,manual
GBP_INR-2023-05-15,2023-05-15,GBP_INR,GBP,INR,107.9928,manual_uploaded_rates,manual
USD_INR-2023-05-15,2023-05-15,USD_INR,USD,INR,83.1564,manual_uploaded_rates,manual
EUR_INR-2023-05-15,2023-05-15,EUR_INR,EUR,INR,91.4751,manual_uploaded_rates,manual
GBP_USD-2023-05-15,2023-05-15,GBP_USD,GBP,USD,1.285154,manual_uploaded_rates,manual
EUR_GBP-2023-05-15,2023-05-15,EUR_GBP,EUR,GBP,0.836844,manual_uploaded_rates,manual
EUR_USD-2023-05-15,2023-05-15,EUR_USD,EUR,USD,1.085905,manual_uploaded_rates,manual
USD_GBP-2023-05-15,2023-05-15,USD_GBP,USD,GBP,0.77707,manual_uploaded_rates,manual
GBP_EUR-2023-05-15,2023-05-15,GBP_EUR,GBP,EUR,1.175567,manual_uploaded_rates,manual
GBP_INR-2023-05-16,2023-05-16,GBP_INR,GBP,INR,108.0215,manual_uploaded_rates,manual
USD_INR-2023-05-16,2023-05-16,USD_INR,USD,INR,83.1786,manual_uploaded_rates,manual
EUR_INR-2023-05-16,2023-05-16,EUR_INR,EUR,INR,91.4994,manual_uploaded_rates,manual
GBP_USD-2023-05-16,2023-05-16,GBP_USD,GBP,USD,1.285496,manual_uploaded_rates,manual
EUR_GBP-2023-05-16,2023-05-16,EUR_GBP,EUR,GBP,0.837067,manual_uploaded_rates,manual
EUR_USD-2023-05-16,2023-05-16,EUR_USD,EUR,USD,1.086195,manual_uploaded_rates,manual
USD_GBP-2023-05-16,2023-05-16,USD_GBP,USD,GBP,0.777277,manual_uploaded_rates,manual
GBP_EUR-2023-05-16,2023-05-16,GBP_EUR,GBP,EUR,1.17588,manual_uploaded_rates,manual
GBP_INR-2023-05-17,2023-05-17,GBP_INR,GBP,INR,108.0433,manual_uploaded_rates,manual
USD_INR-2023-05-17,2023-05-17,USD_INR,USD,INR,83.1953,manual_uploaded_rates,manual
EUR_INR-2023-05-17,2023-05-17,EUR_INR,EUR,INR,91.5178,manual_uploaded_rates,manual
GBP_USD-2023-05-17,2023-05-17,GBP_USD,GBP,USD,1.285755,manual_uploaded_rates,manual
EUR_GBP-2023-05-17,2023-05-17,EUR_GBP,EUR,GBP,0.837236,manual_uploaded_rates,manual
EUR_USD-2023-05-17,2023-05-17,EUR_USD,EUR,USD,1.086413,manual_uploaded_rates,manual
USD_GBP-2023-05-17,2023-05-17,USD_GBP,USD,GBP,0.777433,manual_uploaded_rates,manual
GBP_EUR-2023-05-17,2023-05-17,GBP_EUR,GBP,EUR,1.176117,manual_uploaded_rates,manual
GBP_INR-2023-05-18,2023-05-18,GBP_INR,GBP,INR,108.0584,manual_uploaded_rates,manual
USD_INR-2023-05-18,2023-05-18,USD_INR,USD,INR,83.207,manual_uploaded_rates,manual
EUR_INR-2023-05-18,2023-05-18,EUR_INR,EUR,INR,91.5307,manual_uploaded_rates,manual
GBP_USD-2023-05-18,2023-05-18,GBP_USD,GBP,USD,1.285935,manual_uploaded_rates,manual
EUR_GBP-2023-05-18,2023-05-18,EUR_GBP,EUR,GBP,0.837353,manual_uploaded_rates,manual
EUR_USD-2023-05-18,2023-05-18,EUR_USD,EUR,USD,1.086565,manual_uploaded_rates,manual
USD_GBP-2023-05-18,2023-05-18,USD_GBP,USD,GBP,0.777542,manual_uploaded_rates,manual
GBP_EUR-2023-05-18,2023-05-18,GBP_EUR,GBP,EUR,1.176282,manual_uploaded_rates,manual
GBP_INR-2023-05-19,2023-05-19,GBP_INR,GBP,INR,108.0676,manual_uploaded_rates,manual
USD_INR-2023-05-19,2023-05-19,USD_INR,USD,INR,83.214,manual_uploaded_rates,manual
EUR_INR-2023-05-19,2023-05-19,EUR_INR,EUR,INR,91.5384,manual_uploaded_rates,manual
GBP_USD-2023-05-19,2023-05-19,GBP_USD,GBP,USD,1.286044,manual_uploaded_rates,manual
EUR_GBP-2023-05-19,2023-05-19,EUR_GBP,EUR,GBP,0.837424,manual_uploaded_rates,manual
EUR_USD-2023-05-19,2023-05-19,EUR_USD,EUR,USD,1.086657,manual_uploaded_rates,manual
USD_GBP-2023-05-19,2023-05-19,USD_GBP,USD,GBP,0.777608,manual_uploaded_rates,manual
GBP_EUR-2023-05-19,2023-05-19,GBP_EUR,GBP,EUR,1.176382,manual_uploaded_rates,manual
GBP_INR-2023-05-20,2023-05-20,GBP_INR,GBP,INR,108.0715,manual_uploaded_rates,manual
USD_INR-2023-05-20,2023-05-20,USD_INR,USD,INR,83.217,manual_uploaded_rates,manual
EUR_INR-2023-05-20,2023-05-20,EUR_INR,EUR,INR,91.5417,manual_uploaded_rates,manual
GBP_USD-2023-05-20,2023-05-20,GBP_USD,GBP,USD,1.28609,manual_uploaded_rates,manual
EUR_GBP-2023-05-20,2023-05-20,EUR_GBP,EUR,GBP,0.837454,manual_uploaded_rates,manual
EUR_USD-2023-05-20,2023-05-20,EUR_USD,EUR,USD,1.086696,manual_uploaded_rates,manual
USD_GBP-2023-05-20,2023-05-20,USD_GBP,USD,GBP,0.777636,manual_uploaded_rates,manual
GBP_EUR-2023-05-20,2023-05-20,GBP_EUR,GBP,EUR,1.176424,manual_uploaded_rates,manual
GBP_INR-2023-05-21,2023-05-21,GBP_INR,GBP,INR,108.0708,manual_uploaded_rates,manual
USD_INR-2023-05-21,2023-05-21,USD_INR,USD,INR,83.2165,manual_uploaded_rates,manual
EUR_INR-2023-05-21,2023-05-21,EUR_INR,EUR,INR,91.5412,manual_uploaded_rates,manual
GBP_USD-2023-05-21,2023-05-21,GBP_USD,GBP,USD,1.286082,manual_uploaded_rates,manual
EUR_GBP-2023-05-21,2023-05-21,EUR_GBP,EUR,GBP,0.837449,manual_uploaded_rates,manual
EUR_USD-2023-05-21,2023-05-21,EUR_USD,EUR,USD,1.08669,manual_uploaded_rates,manual
USD_GBP-2023-05-21,2023-05-21,USD_GBP,USD,GBP,0.777631,manual_uploaded_rates,manual
GBP_EUR-2023-05-21,2023-05-21,GBP_EUR,GBP,EUR,1.176417,manual_uploaded_rates,manual
GBP_INR-2023-05-22,2023-05-22,GBP_INR,GBP,INR,108.0664,manual_uploaded_rates,manual
USD_INR-2023-05-22,2023-05-22,USD_INR,USD,INR,83.2131,manual_uploaded_rates,manual
EUR_INR-2023-05-22,2023-05-22,EUR_INR,EUR,INR,91.5374,manual_uploaded_rates,manual
GBP_USD-2023-05-22,2023-05-22,GBP_USD,GBP,USD,1.28603,manual_uploaded_rates,manual
EUR_GBP-2023-05-22,2023-05-22,EUR_GBP,EUR,GBP,0.837415,manual_uploaded_rates,manual
EUR_USD-2023-05-22,2023-05-22,EUR_USD,EUR,USD,1.086646,manual_uploaded_rates,manual
USD_GBP-2023-05-22,2023-05-22,USD_GBP,USD,GBP,0.7776,manual_uploaded_rates,manual
GBP_EUR-2023-05-22,2023-05-22,GBP_EUR,GBP,EUR,1.176369,manual_uploaded_rates,manual
GBP_INR-2023-05-23,2023-05-23,GBP_INR,GBP,INR,108.0592,manual_uploaded_rates,manual
USD_INR-2023-05-23,2023-05-23,USD_INR,USD,INR,83.2076,manual_uploaded_rates,manual
EUR_INR-2023-05-23,2023-05-23,EUR_INR,EUR,INR,91.5313,manual_uploaded_rates,manual
GBP_USD-2023-05-23,2023-05-23,GBP_USD,GBP,USD,1.285944,manual_uploaded_rates,manual
EUR_GBP-2023-05-23,2023-05-23,EUR_GBP,EUR,GBP,0.837359,manual_uploaded_rates,manual
EUR_USD-2023-05-23,2023-05-23,EUR_USD,EUR,USD,1.086573,manual_uploaded_rates,manual
USD_GBP-2023-05-23,2023-05-23,USD_GBP,USD,GBP,0.777548,manual_uploaded_rates,manual
GBP_EUR-2023-05-23,2023-05-23,GBP_EUR,GBP,EUR,1.17629,manual_uploaded_rates,manual
GBP_INR-2023-05-24,2023-05-24,GBP_INR,GBP,INR,108.05,manual_uploaded_rates,manual
USD_INR-2023-05-24,2023-05-24,USD_INR,USD,INR,83.2005,manual_uploaded_rates,manual
EUR_INR-2023-05-24,2023-05-24,EUR_INR,EUR,INR,91.5235,manual_uploaded_rates,manual
GBP_USD-2023-05-24,2023-05-24,GBP_USD,GBP,USD,1.285834,manual_uploaded_rates,manual
EUR_GBP-2023-05-24,2023-05-24,EUR_GBP,EUR,GBP,0.837288,manual_uploaded_rates,manual
EUR_USD-2023-05-24,2023-05-24,EUR_USD,EUR,USD,1.08648,manual_uploaded_rates,manual
USD_GBP-2023-05-24,2023-05-24,USD_GBP,USD,GBP,0.777481,manual_uploaded_rates,manual
GBP_EUR-2023-05-24,2023-05-24,GBP_EUR,GBP,EUR,1.17619,manual_uploaded_rates,manual
GBP_INR-2023-05-25,2023-05-25,GBP_INR,GBP,INR,108.0397,manual_uploaded_rates,manual
USD_INR-2023-05-25,2023-05-25,USD_INR,USD,INR,83.1925,manual_uploaded_rates,manual
EUR_INR-2023-05-25,2023-05-25,EUR_INR,EUR,INR,91.5148,manual_uploaded_rates,manual
GBP_USD-2023-05-25,2023-05-25,GBP_USD,GBP,USD,1.285712,manual_uploaded_rates,manual
EUR_GBP-2023-05-25,2023-05-25,EUR_GBP,EUR,GBP,0.837208,manual_uploaded_rates,manual
EUR_USD-2023-05-25,2023-05-25,EUR_USD,EUR,USD,1.086377,manual_uploaded_rates,manual
USD_GBP-2023-05-25,2023-05-25,USD_GBP,USD,GBP,0.777407,manual_uploaded_rates,manual
GBP_EUR-2023-05-25,2023-05-25,GBP_EUR,GBP,EUR,1.176078,manual_uploaded_rates,manual
GBP_INR-2023-05-26,2023-05-26,GBP_INR,GBP,INR,108.0292,manual_uploaded_rates,manual
USD_INR-2023-05-26,2023-05-26,USD_INR,USD,INR,83.1845,manual_uploaded_rates,manual
EUR_INR-2023-05-26,2023-05-26,EUR_INR,EUR,INR,91.5059,manual_uploaded_rates,manual
GBP_USD-2023-05-26,2023-05-26,GBP_USD,GBP,USD,1.285587,manual_uploaded_rates,manual
EUR_GBP-2023-05-26,2023-05-26,EUR_GBP,EUR,GBP,0.837126,manual_uploaded_rates,manual
EUR_USD-2023-05-26,2023-05-26,EUR_USD,EUR,USD,1.086271,manual_uploaded_rates,manual
USD_GBP-2023-05-26,2023-05-26,USD_GBP,USD,GBP,0.777332,manual_uploaded_rates,manual
GBP_EUR-2023-05-26,2023-05-26,GBP_EUR,GBP,EUR,1.175963,manual_uploaded_rates,manual
GBP_INR-2023-05-27,2023-05-27,GBP_INR,GBP,INR,108.0193,manual_uploaded_rates,manual
USD_INR-2023-05-27,2023-05-27,USD_INR,USD,INR,83.1769,manual_uploaded_rates,manual
EUR_INR-2023-05-27,2023-05-27,EUR_INR,EUR,INR,91.4975,manual_uploaded_rates,manual
GBP_USD-2023-05-27,2023-05-27,GBP_USD,GBP,USD,1.28547,manual_uploaded_rates,manual
EUR_GBP-2023-05-27,2023-05-27,EUR_GBP,EUR,GBP,0.83705,manual_uploaded_rates,manual
EUR_USD-2023-05-27,2023-05-27,EUR_USD,EUR,USD,1.086172,manual_uploaded_rates,manual
USD_GBP-2023-05-27,2023-05-27,USD_GBP,USD,GBP,0.777261,manual_uploaded_rates,manual
GBP_EUR-2023-05-27,2023-05-27,GBP_EUR,GBP,EUR,1.175856,manual_uploaded_rates,manual
GBP_INR-2023-05-28,2023-05-28,GBP_INR,GBP,INR,108.0109,manual_uploaded_rates,manual
USD_INR-2023-05-28,2023-05-28,USD_INR,USD,INR,83.1704,manual_uploaded_rates,manual
EUR_INR-2023-05-28,2023-05-28,EUR_INR,EUR,INR,91.4904,manual_uploaded_rates,manual
GBP_USD-2023-05-28,2023-05-28,GBP_USD,GBP,USD,1.285369,manual_uploaded_rates,manual
EUR_GBP-2023-05-28,2023-05-28,EUR_GBP,EUR,GBP,0.836985,manual_uploaded_rates,manual
EUR_USD-2023-05-28,2023-05-28,EUR_USD,EUR,USD,1.086087,manual_uploaded_rates,manual
USD_GBP-2023-05-28,2023-05-28,USD_GBP,USD,GBP,0.7772,manual_uploaded_rates,manual
GBP_EUR-2023-05-28,2023-05-28,GBP_EUR,GBP,EUR,1.175764,manual_uploaded_rates,manual
GBP_INR-2023-05-29,2023-05-29,GBP_INR,GBP,INR,108.0046,manual_uploaded_rates,manual
USD_INR-2023-05-29,2023-05-29,USD_INR,USD,INR,83.1656,manual_uploaded_rates,manual
EUR_INR-2023-05-29,2023-05-29,EUR_INR,EUR,INR,91.4851,manual_uploaded_rates,manual
GBP_USD-2023-05-29,2023-05-29,GBP_USD,GBP,USD,1.285295,manual_uploaded_rates,manual
EUR_GBP-2023-05-29,2023-05-29,EUR_GBP,EUR,GBP,0.836936,manual_uploaded_rates,manual
EUR_USD-2023-05-29,2023-05-29,EUR_USD,EUR,USD,1.086024,manual_uploaded_rates,manual
USD_GBP-2023-05-29,2023-05-29,USD_GBP,USD,GBP,0.777155,manual_uploaded_rates,manual
GBP_EUR-2023-05-29,2023-05-29,GBP_EUR,GBP,EUR,1.175696,manual_uploaded_rates,manual
GBP_INR-2023-05-30,2023-05-30,GBP_INR,GBP,INR,108.0012,manual_uploaded_rates,manual
USD_INR-2023-05-30,2023-05-30,USD_INR,USD,INR,83.1629,manual_uploaded_rates,manual
EUR_INR-2023-05-30,2023-05-30,EUR_INR,EUR,INR,91.4822,manual_uploaded_rates,manual
GBP_USD-2023-05-30,2023-05-30,GBP_USD,GBP,USD,1.285254,manual_uploaded_rates,manual
EUR_GBP-2023-05-30,2023-05-30,EUR_GBP,EUR,GBP,0.83691,manual_uploaded_rates,manual
EUR_USD-2023-05-30,2023-05-30,EUR_USD,EUR,USD,1.08599,manual_uploaded_rates,manual
USD_GBP-2023-05-30,2023-05-30,USD_GBP,USD,GBP,0.77713,manual_uploaded_rates,manual
GBP_EUR-2023-05-30,2023-05-30,GBP_EUR,GBP,EUR,1.175659,manual_uploaded_rates,manual
GBP_INR-2023-05-31,2023-05-31,GBP_INR,GBP,INR,108.0011,manual_uploaded_rates,manual
USD_INR-2023-05-31,2023-05-31,USD_INR,USD,INR,83.1628,manual_uploaded_rates,manual
EUR_INR-2023-05-31,2023-05-31,EUR_INR,EUR,INR,91.4821,manual_uploaded_rates,manual
GBP_USD-2023-05-31,2023-05-31,GBP_USD,GBP,USD,1.285253,manual_uploaded_rates,manual
EUR_GBP-2023-05-31,2023-05-31,EUR_GBP,EUR,GBP,0.836909,manual_uploaded_rates,manual
EUR_USD-2023-05-31,2023-05-31,EUR_USD,EUR,USD,1.085989,manual_uploaded_rates,manual
USD_GBP-2023-05-31,2023-05-31,USD_GBP,USD,GBP,0.77713,manual_uploaded_rates,manual
GBP_EUR-2023-05-31,2023-05-31,GBP_EUR,GBP,EUR,1.175658,manual_uploaded_rates,manual
GBP_INR-2023-06-01,2023-06-01,GBP_INR,GBP,INR,108.0048,manual_uploaded_rates,manual
USD_INR-2023-06-01,2023-06-01,USD_INR,USD,INR,83.1657,manual_uploaded_rates,manual
EUR_INR-2023-06-01,2023-06-01,EUR_INR,EUR,INR,91.4853,manual_uploaded_rates,manual
GBP_USD-2023-06-01,2023-06-01,GBP_USD,GBP,USD,1.285297,manual_uploaded_rates,manual
EUR_GBP-2023-06-01,2023-06-01,EUR_GBP,EUR,GBP,0.836938,manual_uploaded_rates,manual
EUR_USD-2023-06-01,2023-06-01,EUR_USD,EUR,USD,1.086027,manual_uploaded_rates,manual
USD_GBP-2023-06-01,2023-06-01,USD_GBP,USD,GBP,0.777157,manual_uploaded_rates,manual
GBP_EUR-2023-06-01,2023-06-01,GBP_EUR,GBP,EUR,1.175698,manual_uploaded_rates,manual
GBP_INR-2023-06-02,2023-06-02,GBP_INR,GBP,INR,108.0127,manual_uploaded_rates,manual
USD_INR-2023-06-02,2023-06-02,USD_INR,USD,INR,83.1718,manual_uploaded_rates,manual
EUR_INR-2023-06-02,2023-06-02,EUR_INR,EUR,INR,91.4919,manual_uploaded_rates,manual
GBP_USD-2023-06-02,2023-06-02,GBP_USD,GBP,USD,1.285391,manual_uploaded_rates,manual
EUR_GBP-2023-06-02,2023-06-02,EUR_GBP,EUR,GBP,0.836999,manual_uploaded_rates,manual
EUR_USD-2023-06-02,2023-06-02,EUR_USD,EUR,USD,1.086106,manual_uploaded_rates,manual
USD_GBP-2023-06-02,2023-06-02,USD_GBP,USD,GBP,0.777213,manual_uploaded_rates,manual
GBP_EUR-2023-06-02,2023-06-02,GBP_EUR,GBP,EUR,1.175784,manual_uploaded_rates,manual
GBP_INR-2023-06-03,2023-06-03,GBP_INR,GBP,INR,108.0249,manual_uploaded_rates,manual
USD_INR-2023-06-03,2023-06-03,USD_INR,USD,INR,83.1812,manual_uploaded_rates,manual
EUR_INR-2023-06-03,2023-06-03,EUR_INR,EUR,INR,91.5023,manual_uploaded_rates,manual
GBP_USD-2023-06-03,2023-06-03,GBP_USD,GBP,USD,1.285536,manual_uploaded_rates,manual
EUR_GBP-2023-06-03,2023-06-03,EUR_GBP,EUR,GBP,0.837093,manual_uploaded_rates,manual
EUR_USD-2023-06-03,2023-06-03,EUR_USD,EUR,USD,1.086228,manual_uploaded_rates,manual
USD_GBP-2023-06-03,2023-06-03,USD_GBP,USD,GBP,0.777301,manual_uploaded_rates,manual
GBP_EUR-2023-06-03,2023-06-03,GBP_EUR,GBP,EUR,1.175917,manual_uploaded_rates,manual
GBP_INR-2023-06-04,2023-06-04,GBP_INR,GBP,INR,108.0415,manual_uploaded_rates,manual
USD_INR-2023-06-04,2023-06-04,USD_INR,USD,INR,83.194,manual_uploaded_rates,manual
EUR_INR-2023-06-04,2023-06-04,EUR_INR,EUR,INR,91.5163,manual_uploaded_rates,manual
GBP_USD-2023-06-04,2023-06-04,GBP_USD,GBP,USD,1.285734,manual_uploaded_rates,manual
EUR_GBP-2023-06-04,2023-06-04,EUR_GBP,EUR,GBP,0.837222,manual_uploaded_rates,manual
EUR_USD-2023-06-04,2023-06-04,EUR_USD,EUR,USD,1.086395,manual_uploaded_rates,manual
USD_GBP-2023-06-04,2023-06-04,USD_GBP,USD,GBP,0.77742,manual_uploaded_rates,manual
GBP_EUR-2023-06-04,2023-06-04,GBP_EUR,GBP,EUR,1.176098,manual_uploaded_rates,manual
GBP_INR-2023-06-05,2023-06-05,GBP_INR,GBP,INR,108.0625,manual_uploaded_rates,manual
USD_INR-2023-06-05,2023-06-05,USD_INR,USD,INR,83.2101,manual_uploaded_rates,manual
EUR_INR-2023-06-05,2023-06-05,EUR_INR,EUR,INR,91.5341,manual_uploaded_rates,manual
GBP_USD-2023-06-05,2023-06-05,GBP_USD,GBP,USD,1.285983,manual_uploaded_rates,manual
EUR_GBP-2023-06-05,2023-06-05,EUR_GBP,EUR,GBP,0.837385,manual_uploaded_rates,manual
EUR_USD-2023-06-05,2023-06-05,EUR_USD,EUR,USD,1.086606,manual_uploaded_rates,manual
USD_GBP-2023-06-05,2023-06-05,USD_GBP,USD,GBP,0.777571,manual_uploaded_rates,manual
GBP_EUR-2023-06-05,2023-06-05,GBP_EUR,GBP,EUR,1.176326,manual_uploaded_rates,manual
GBP_INR-2023-06-06,2023-06-06,GBP_INR,GBP,INR,108.0876,manual_uploaded_rates,manual
USD_INR-2023-06-06,2023-06-06,USD_INR,USD,INR,83.2295,manual_uploaded_rates,manual
EUR_INR-2023-06-06,2023-06-06,EUR_INR,EUR,INR,91.5554,manual_uploaded_rates,manual
GBP_USD-2023-06-06,2023-06-06,GBP_USD,GBP,USD,1.286283,manual_uploaded_rates,manual
EUR_GBP-2023-06-06,2023-06-06,EUR_GBP,EUR,GBP,0.83758,manual_uploaded_rates,manual
EUR_USD-2023-06-06,2023-06-06,EUR_USD,EUR,USD,1.086859,manual_uploaded_rates,manual
USD_GBP-2023-06-06,2023-06-06,USD_GBP,USD,GBP,0.777752,manual_uploaded_rates,manual
GBP_EUR-2023-06-06,2023-06-06,GBP_EUR,GBP,EUR,1.1766,manual_uploaded_rates,manual
GBP_INR-2023-06-07,2023-06-07,GBP_INR,GBP,INR,108.1167,manual_uploaded_rates,manual
USD_INR-2023-06-07,2023-06-07,USD_INR,USD,INR,83.2518,manual_uploaded_rates,manual
EUR_INR-2023-06-07,2023-06-07,EUR_INR,EUR,INR,91.58,manual_uploaded_rates,manual
GBP_USD-2023-06-07,2023-06-07,GBP_USD,GBP,USD,1.286628,manual_uploaded_rates,manual
EUR_GBP-2023-06-07,2023-06-07,EUR_GBP,EUR,GBP,0.837805,manual_uploaded_rates,manual
EUR_USD-2023-06-07,2023-06-07,EUR_USD,EUR,USD,1.087151,manual_uploaded_rates,manual
USD_GBP-2023-06-07,2023-06-07,USD_GBP,USD,GBP,0.777961,manual_uploaded_rates,manual
GBP_EUR-2023-06-07,2023-06-07,GBP_EUR,GBP,EUR,1.176916,manual_uploaded_rates,manual
GBP_INR-2023-06-08,2023-06-08,GBP_INR,GBP,INR,108.1492,manual_uploaded_rates,manual
USD_INR-2023-06-08,2023-06-08,USD_INR,USD,INR,83.2769,manual_uploaded_rates,manual
EUR_INR-2023-06-08,2023-06-08,EUR_INR,EUR,INR,91.6075,manual_uploaded_rates,manual
GBP_USD-2023-06-08,2023-06-08,GBP_USD,GBP,USD,1.287015,manual_uploaded_rates,manual
EUR_GBP-2023-06-08,2023-06-08,EUR_GBP,EUR,GBP,0.838056,manual_uploaded_rates,manual
EUR_USD-2023-06-08,2023-06-08,EUR_USD,EUR,USD,1.087478,manual_uploaded_rates,manual
USD_GBP-2023-06-08,2023-06-08,USD_GBP,USD,GBP,0.778195,manual_uploaded_rates,manual
GBP_EUR-2023-06-08,2023-06-08,GBP_EUR,GBP,EUR,1.17727,manual_uploaded_rates,manual
GBP_INR-2023-06-09,2023-06-09,GBP_INR,GBP,INR,108.1846,manual_uploaded_rates,manual
USD_INR-2023-06-09,2023-06-09,USD_INR,USD,INR,83.3041,manual_uploaded_rates,manual
EUR_INR-2023-06-09,2023-06-09,EUR_INR,EUR,INR,91.6376,manual_uploaded_rates,manual
GBP_USD-2023-06-09,2023-06-09,GBP_USD,GBP,USD,1.287437,manual_uploaded_rates,manual
EUR_GBP-2023-06-09,2023-06-09,EUR_GBP,EUR,GBP,0.838331,manual_uploaded_rates,manual
EUR_USD-2023-06-09,2023-06-09,EUR_USD,EUR,USD,1.087834,manual_uploaded_rates,manual
USD_GBP-2023-06-09,2023-06-09,USD_GBP,USD,GBP,0.77845,manual_uploaded_rates,manual
GBP_EUR-2023-06-09,2023-06-09,GBP_EUR,GBP,EUR,1.177655,manual_uploaded_rates,manual
GBP_INR-2023-06-10,2023-06-10,GBP_INR,GBP,INR,108.2223,manual_uploaded_rates,manual
USD_INR-2023-06-10,2023-06-10,USD_INR,USD,INR,83.3332,manual_uploaded_rates,manual
EUR_INR-2023-06-10,2023-06-10,EUR_INR,EUR,INR,91.6695,manual_uploaded_rates,manual
GBP_USD-2023-06-10,2023-06-10,GBP_USD,GBP,USD,1.287886,manual_uploaded_rates,manual
EUR_GBP-2023-06-10,2023-06-10,EUR_GBP,EUR,GBP,0.838623,manual_uploaded_rates,manual
EUR_USD-2023-06-10,2023-06-10,EUR_USD,EUR,USD,1.088214,manual_uploaded_rates,manual
USD_GBP-2023-06-10,2023-06-10,USD_GBP,USD,GBP,0.778722,manual_uploaded_rates,manual
GBP_EUR-2023-06-10,2023-06-10,GBP_EUR,GBP,EUR,1.178066,manual_uploaded_rates,manual
GBP_INR-2023-06-11,2023-06-11,GBP_INR,GBP,INR,108.2617,manual_uploaded_rates,manual
USD_INR-2023-06-11,2023-06-11,USD_INR,USD,INR,83.3635,manual_uploaded_rates,manual
EUR_INR-2023-06-11,2023-06-11,EUR_INR,EUR,INR,91.7028,manual_uploaded_rates,manual
GBP_USD-2023-06-11,2023-06-11,GBP_USD,GBP,USD,1.288354,manual_uploaded_rates,manual
EUR_GBP-2023-06-11,2023-06-11,EUR_GBP,EUR,GBP,0.838928,manual_uploaded_rates,manual
EUR_USD-2023-06-11,2023-06-11,EUR_USD,EUR,USD,1.088609,manual_uploaded_rates,manual
USD_GBP-2023-06-11,2023-06-11,USD_GBP,USD,GBP,0.779005,manual_uploaded_rates,manual
GBP_EUR-2023-06-11,2023-06-11,GBP_EUR,GBP,EUR,1.178494,manual_uploaded_rates,manual
GBP_INR-2023-06-12,2023-06-12,GBP_INR,GBP,INR,108.3019,manual_uploaded_rates,manual
USD_INR-2023-06-12,2023-06-12,USD_INR,USD,INR,83.3944,manual_uploaded_rates,manual
EUR_INR-2023-06-12,2023-06-12,EUR_INR,EUR,INR,91.7369,manual_uploaded_rates,manual
GBP_USD-2023-06-12,2023-06-12,GBP_USD,GBP,USD,1.288832,manual_uploaded_rates,manual
EUR_GBP-2023-06-12,2023-06-12,EUR_GBP,EUR,GBP,0.83924,manual_uploaded_rates,manual
EUR_USD-2023-06-12,2023-06-12,EUR_USD,EUR,USD,1.089013,manual_uploaded_rates,manual
USD_GBP-2023-06-12,2023-06-12,USD_GBP,USD,GBP,0.779294,manual_uploaded_rates,manual
GBP_EUR-2023-06-12,2023-06-12,GBP_EUR,GBP,EUR,1.178932,manual_uploaded_rates,manual
GBP_INR-2023-06-13,2023-06-13,GBP_INR,GBP,INR,108.3421,manual_uploaded_rates,manual
USD_INR-2023-06-13,2023-06-13,USD_INR,USD,INR,83.4254,manual_uploaded_rates,manual
EUR_INR-2023-06-13,2023-06-13,EUR_INR,EUR,INR,91.7709,manual_uploaded_rates,manual
GBP_USD-2023-06-13,2023-06-13,GBP_USD,GBP,USD,1.289311,manual_uploaded_rates,manual
EUR_GBP-2023-06-13,2023-06-13,EUR_GBP,EUR,GBP,0.839551,manual_uploaded_rates,manual
EUR_USD-2023-06-13,2023-06-13,EUR_USD,EUR,USD,1.089418,manual_uploaded_rates,manual
USD_GBP-2023-06-13,2023-06-13,USD_GBP,USD,GBP,0.779583,manual_uploaded_rates,manual
GBP_EUR-2023-06-13,2023-06-13,GBP_EUR,GBP,EUR,1.179369,manual_uploaded_rates,manual
GBP_INR-2023-06-14,2023-06-14,GBP_INR,GBP,INR,108.3814,manual_uploaded_rates,manual
USD_INR-2023-06-14,2023-06-14,USD_INR,USD,INR,83.4557,manual_uploaded_rates,manual
EUR_INR-2023-06-14,2023-06-14,EUR_INR,EUR,INR,91.8043,manual_uploaded_rates,manual
GBP_USD-2023-06-14,2023-06-14,GBP_USD,GBP,USD,1.289779,manual_uploaded_rates,manual
EUR_GBP-2023-06-14,2023-06-14,EUR_GBP,EUR,GBP,0.839856,manual_uploaded_rates,manual
EUR_USD-2023-06-14,2023-06-14,EUR_USD,EUR,USD,1.089813,manual_uploaded_rates,manual
USD_GBP-2023-06-14,2023-06-14,USD_GBP,USD,GBP,0.779866,manual_uploaded_rates,manual
GBP_EUR-2023-06-14,2023-06-14,GBP_EUR,GBP,EUR,1.179798,manual_uploaded_rates,manual
GBP_INR-2023-06-15,2023-06-15,GBP_INR,GBP,INR,108.4191,manual_uploaded_rates,manual
USD_INR-2023-06-15,2023-06-15,USD_INR,USD,INR,83.4847,manual_uploaded_rates,manual
EUR_INR-2023-06-15,2023-06-15,EUR_INR,EUR,INR,91.8362,manual_uploaded_rates,manual
GBP_USD-2023-06-15,2023-06-15,GBP_USD,GBP,USD,1.290227,manual_uploaded_rates,manual
EUR_GBP-2023-06-15,2023-06-15,EUR_GBP,EUR,GBP,0.840148,manual_uploaded_rates,manual
EUR_USD-2023-06-15,2023-06-15,EUR_USD,EUR,USD,1.090192,manual_uploaded_rates,manual
USD_GBP-2023-06-15,2023-06-15,USD_GBP,USD,GBP,0.780137,manual_uploaded_rates,manual
GBP_EUR-2023-06-15,2023-06-15,GBP_EUR,GBP,EUR,1.180208,manual_uploaded_rates,manual
GBP_INR-2023-06-16,2023-06-16,GBP_INR,GBP,INR,108.4541,manual_uploaded_rates,manual
USD_INR-2023-06-16,2023-06-16,USD_INR,USD,INR,83.5117,manual_uploaded_rates,manual
EUR_INR-2023-06-16,2023-06-16,EUR_INR,EUR,INR,91.8659,manual_uploaded_rates,manual
GBP_USD-2023-06-16,2023-06-16,GBP_USD,GBP,USD,1.290644,manual_uploaded_rates,manual
EUR_GBP-2023-06-16,2023-06-16,EUR_GBP,EUR,GBP,0.84042,manual_uploaded_rates,manual
EUR_USD-2023-06-16,2023-06-16,EUR_USD,EUR,USD,1.090544,manual_uploaded_rates,manual
USD_GBP-2023-06-16,2023-06-16,USD_GBP,USD,GBP,0.78039,manual_uploaded_rates,manual
GBP_EUR-2023-06-16,2023-06-16,GBP_EUR,GBP,EUR,1.180589,manual_uploaded_rates,manual
GBP_INR-2023-06-17,2023-06-17,GBP_INR,GBP,INR,108.4858,manual_uploaded_rates,manual
USD_INR-2023-06-17,2023-06-17,USD_INR,USD,INR,83.5361,manual_uploaded_rates,manual
EUR_INR-2023-06-17,2023-06-17,EUR_INR,EUR,INR,91.8927,manual_uploaded_rates,manual
GBP_USD-2023-06-17,2023-06-17,GBP_USD,GBP,USD,1.291021,manual_uploaded_rates,manual
EUR_GBP-2023-06-17,2023-06-17,EUR_GBP,EUR,GBP,0.840665,manual_uploaded_rates,manual
EUR_USD-2023-06-17,2023-06-17,EUR_USD,EUR,USD,1.090863,manual_uploaded_rates,manual
USD_GBP-2023-06-17,2023-06-17,USD_GBP,USD,GBP,0.780617,manual_uploaded_rates,manual
GBP_EUR-2023-06-17,2023-06-17,GBP_EUR,GBP,EUR,1.180934,manual_uploaded_rates,manual
GBP_INR-2023-06-18,2023-06-18,GBP_INR,GBP,INR,108.5132,manual_uploaded_rates,manual
USD_INR-2023-06-18,2023-06-18,USD_INR,USD,INR,83.5572,manual_uploaded_rates,manual
EUR_INR-2023-06-18,2023-06-18,EUR_INR,EUR,INR,91.9159,manual_uploaded_rates,manual
GBP_USD-2023-06-18,2023-06-18,GBP_USD,GBP,USD,1.291348,manual_uploaded_rates,manual
EUR_GBP-2023-06-18,2023-06-18,EUR_GBP,EUR,GBP,0.840878,manual_uploaded_rates,manual
EUR_USD-2023-06-18,2023-06-18,EUR_USD,EUR,USD,1.091139,manual_uploaded_rates,manual
USD_GBP-2023-06-18,2023-06-18,USD_GBP,USD,GBP,0.780815,manual_uploaded_rates,manual
GBP_EUR-2023-06-18,2023-06-18,GBP_EUR,GBP,EUR,1.181233,manual_uploaded_rates,manual
GBP_INR-2023-06-19,2023-06-19,GBP_INR,GBP,INR,108.5357,manual_uploaded_rates,manual
USD_INR-2023-06-19,2023-06-19,USD_INR,USD,INR,83.5745,manual_uploaded_rates,manual
EUR_INR-2023-06-19,2023-06-19,EUR_INR,EUR,INR,91.935,manual_uploaded_rates,manual
GBP_USD-2023-06-19,2023-06-19,GBP_USD,GBP,USD,1.291615,manual_uploaded_rates,manual
EUR_GBP-2023-06-19,2023-06-19,EUR_GBP,EUR,GBP,0.841052,manual_uploaded_rates,manual
EUR_USD-2023-06-19,2023-06-19,EUR_USD,EUR,USD,1.091365,manual_uploaded_rates,manual
USD_GBP-2023-06-19,2023-06-19,USD_GBP,USD,GBP,0.780977,manual_uploaded_rates,manual
GBP_EUR-2023-06-19,2023-06-19,GBP_EUR,GBP,EUR,1.181478,manual_uploaded_rates,manual
GBP_INR-2023-06-20,2023-06-20,GBP_INR,GBP,INR,108.5526,manual_uploaded_rates,manual
USD_INR-2023-06-20,2023-06-20,USD_INR,USD,INR,83.5875,manual_uploaded_rates,manual
EUR_INR-2023-06-20,2023-06-20,EUR_INR,EUR,INR,91.9493,manual_uploaded_rates,manual
GBP_USD-2023-06-20,2023-06-20,GBP_USD,GBP,USD,1.291816,manual_uploaded_rates,manual
EUR_GBP-2023-06-20,2023-06-20,EUR_GBP,EUR,GBP,0.841183,manual_uploaded_rates,manual
EUR_USD-2023-06-20,2023-06-20,EUR_USD,EUR,USD,1.091535,manual_uploaded_rates,manual
USD_GBP-2023-06-20,2023-06-20,USD_GBP,USD,GBP,0.781098,manual_uploaded_rates,manual
GBP_EUR-2023-06-20,2023-06-20,GBP_EUR,GBP,EUR,1.181661,manual_uploaded_rates,manual
GBP_INR-2023-06-21,2023-06-21,GBP_INR,GBP,INR,108.5633,manual_uploaded_rates,manual
USD_INR-2023-06-21,2023-06-21,USD_INR,USD,INR,83.5957,manual_uploaded_rates,manual
EUR_INR-2023-06-21,2023-06-21,EUR_INR,EUR,INR,91.9583,manual_uploaded_rates,manual
GBP_USD-2023-06-21,2023-06-21,GBP_USD,GBP,USD,1.291943,manual_uploaded_rates,manual
EUR_GBP-2023-06-21,2023-06-21,EUR_GBP,EUR,GBP,0.841265,manual_uploaded_rates,manual
EUR_USD-2023-06-21,2023-06-21,EUR_USD,EUR,USD,1.091642,manual_uploaded_rates,manual
USD_GBP-2023-06-21,2023-06-21,USD_GBP,USD,GBP,0.781175,manual_uploaded_rates,manual
GBP_EUR-2023-06-21,2023-06-21,GBP_EUR,GBP,EUR,1.181778,manual_uploaded_rates,manual
GBP_INR-2023-06-22,2023-06-22,GBP_INR,GBP,INR,108.5673,manual_uploaded_rates,manual
USD_INR-2023-06-22,2023-06-22,USD_INR,USD,INR,83.5988,manual_uploaded_rates,manual
EUR_INR-2023-06-22,2023-06-22,EUR_INR,EUR,INR,91.9617,manual_uploaded_rates,manual
GBP_USD-2023-06-22,2023-06-22,GBP_USD,GBP,USD,1.291991,manual_uploaded_rates,manual
EUR_GBP-2023-06-22,2023-06-22,EUR_GBP,EUR,GBP,0.841297,manual_uploaded_rates,manual
EUR_USD-2023-06-22,2023-06-22,EUR_USD,EUR,USD,1.091682,manual_uploaded_rates,manual
USD_GBP-2023-06-22,2023-06-22,USD_GBP,USD,GBP,0.781204,manual_uploaded_rates,manual
GBP_EUR-2023-06-22,2023-06-22,GBP_EUR,GBP,EUR,1.181821,manual_uploaded_rates,manual
GBP_INR-2023-06-23,2023-06-23,GBP_INR,GBP,INR,108.5643,manual_uploaded_rates,manual
USD_INR-2023-06-23,2023-06-23,USD_INR,USD,INR,83.5965,manual_uploaded_rates,manual
EUR_INR-2023-06-23,2023-06-23,EUR_INR,EUR,INR,91.9592,manual_uploaded_rates,manual
GBP_USD-2023-06-23,2023-06-23,GBP_USD,GBP,USD,1.291956,manual_uploaded_rates,manual
EUR_GBP-2023-06-23,2023-06-23,EUR_GBP,EUR,GBP,0.841273,manual_uploaded_rates,manual
EUR_USD-2023-06-23,2023-06-23,EUR_USD,EUR,USD,1.091652,manual_uploaded_rates,manual
USD_GBP-2023-06-23,2023-06-23,USD_GBP,USD,GBP,0.781182,manual_uploaded_rates,manual
GBP_EUR-2023-06-23,2023-06-23,GBP_EUR,GBP,EUR,1.181789,manual_uploaded_rates,manual
GBP_INR-2023-06-24,2023-06-24,GBP_INR,GBP,INR,108.5541,manual_uploaded_rates,manual
USD_INR-2023-06-24,2023-06-24,USD_INR,USD,INR,83.5887,manual_uploaded_rates,manual
EUR_INR-2023-06-24,2023-06-24,EUR_INR,EUR,INR,91.9505,manual_uploaded_rates,manual
GBP_USD-2023-06-24,2023-06-24,GBP_USD,GBP,USD,1.291834,manual_uploaded_rates,manual
EUR_GBP-2023-06-24,2023-06-24,EUR_GBP,EUR,GBP,0.841194,manual_uploaded_rates,manual
EUR_USD-2023-06-24,2023-06-24,EUR_USD,EUR,USD,1.091549,manual_uploaded_rates,manual
USD_GBP-2023-06-24,2023-06-24,USD_GBP,USD,GBP,0.781109,manual_uploaded_rates,manual
GBP_EUR-2023-06-24,2023-06-24,GBP_EUR,GBP,EUR,1.181677,manual_uploaded_rates,manual
GBP_INR-2023-06-25,2023-06-25,GBP_INR,GBP,INR,108.5365,manual_uploaded_rates,manual
USD_INR-2023-06-25,2023-06-25,USD_INR,USD,INR,83.5751,manual_uploaded_rates,manual
EUR_INR-2023-06-25,2023-06-25,EUR_INR,EUR,INR,91.9356,manual_uploaded_rates,manual
GBP_USD-2023-06-25,2023-06-25,GBP_USD,GBP,USD,1.291624,manual_uploaded_rates,manual
EUR_GBP-2023-06-25,2023-06-25,EUR_GBP,EUR,GBP,0.841058,manual_uploaded_rates,manual
EUR_USD-2023-06-25,2023-06-25,EUR_USD,EUR,USD,1.091373,manual_uploaded_rates,manual
USD_GBP-2023-06-25,2023-06-25,USD_GBP,USD,GBP,0.780982,manual_uploaded_rates,manual
GBP_EUR-2023-06-25,2023-06-25,GBP_EUR,GBP,EUR,1.181486,manual_uploaded_rates,manual
GBP_INR-2023-06-26,2023-06-26,GBP_INR,GBP,INR,108.5116,manual_uploaded_rates,manual
USD_INR-2023-06-26,2023-06-26,USD_INR,USD,INR,83.5559,manual_uploaded_rates,manual
EUR_INR-2023-06-26,2023-06-26,EUR_INR,EUR,INR,91.9145,manual_uploaded_rates,manual
GBP_USD-2023-06-26,2023-06-26,GBP_USD,GBP,USD,1.291328,manual_uploaded_rates,manual
EUR_GBP-2023-06-26,2023-06-26,EUR_GBP,EUR,GBP,0.840865,manual_uploaded_rates,manual
EUR_USD-2023-06-26,2023-06-26,EUR_USD,EUR,USD,1.091122,manual_uploaded_rates,manual
USD_GBP-2023-06-26,2023-06-26,USD_GBP,USD,GBP,0.780803,manual_uploaded_rates,manual
GBP_EUR-2023-06-26,2023-06-26,GBP_EUR,GBP,EUR,1.181215,manual_uploaded_rates,manual
GBP_INR-2023-06-27,2023-06-27,GBP_INR,GBP,INR,108.4795,manual_uploaded_rates,manual
USD_INR-2023-06-27,2023-06-27,USD_INR,USD,INR,83.5312,manual_uploaded_rates,manual
EUR_INR-2023-06-27,2023-06-27,EUR_INR,EUR,INR,91.8874,manual_uploaded_rates,manual
GBP_USD-2023-06-27,2023-06-27,GBP_USD,GBP,USD,1.290946,manual_uploaded_rates,manual
EUR_GBP-2023-06-27,2023-06-27,EUR_GBP,EUR,GBP,0.840616,manual_uploaded_rates,manual
EUR_USD-2023-06-27,2023-06-27,EUR_USD,EUR,USD,1.0908,manual_uploaded_rates,manual
USD_GBP-2023-06-27,2023-06-27,USD_GBP,USD,GBP,0.780572,manual_uploaded_rates,manual
GBP_EUR-2023-06-27,2023-06-27,GBP_EUR,GBP,EUR,1.180866,manual_uploaded_rates,manual
GBP_INR-2023-06-28,2023-06-28,GBP_INR,GBP,INR,108.4406,manual_uploaded_rates,manual
USD_INR-2023-06-28,2023-06-28,USD_INR,USD,INR,83.5012,manual_uploaded_rates,manual
EUR_INR-2023-06-28,2023-06-28,EUR_INR,EUR,INR,91.8544,manual_uploaded_rates,manual
GBP_USD-2023-06-28,2023-06-28,GBP_USD,GBP,USD,1.290483,manual_uploaded_rates,manual
EUR_GBP-2023-06-28,2023-06-28,EUR_GBP,EUR,GBP,0.840314,manual_uploaded_rates,manual
EUR_USD-2023-06-28,2023-06-28,EUR_USD,EUR,USD,1.090408,manual_uploaded_rates,manual
USD_GBP-2023-06-28,2023-06-28,USD_GBP,USD,GBP,0.780292,manual_uploaded_rates,manual
GBP_EUR-2023-06-28,2023-06-28,GBP_EUR,GBP,EUR,1.180442,manual_uploaded_rates,manual
GBP_INR-2023-06-29,2023-06-29,GBP_INR,GBP,INR,108.3952,manual_uploaded_rates,manual
USD_INR-2023-06-29,2023-06-29,USD_INR,USD,INR,83.4663,manual_uploaded_rates,manual
EUR_INR-2023-06-29,2023-06-29,EUR_INR,EUR,INR,91.8159,manual_uploaded_rates,manual
GBP_USD-2023-06-29,2023-06-29,GBP_USD,GBP,USD,1.289943,manual_uploaded_rates,manual
EUR_GBP-2023-06-29,2023-06-29,EUR_GBP,EUR,GBP,0.839963,manual_uploaded_rates,manual
EUR_USD-2023-06-29,2023-06-29,EUR_USD,EUR,USD,1.089952,manual_uploaded_rates,manual
USD_GBP-2023-06-29,2023-06-29,USD_GBP,USD,GBP,0.779965,manual_uploaded_rates,manual
GBP_EUR-2023-06-29,2023-06-29,GBP_EUR,GBP,EUR,1.179948,manual_uploaded_rates,manual
GBP_INR-2023-06-30,2023-06-30,GBP_INR,GBP,INR,108.3439,manual_uploaded_rates,manual
USD_INR-2023-06-30,2023-06-30,USD_INR,USD,INR,83.4268,manual_uploaded_rates,manual
EUR_INR-2023-06-30,2023-06-30,EUR_INR,EUR,INR,91.7725,manual_uploaded_rates,manual
GBP_USD-2023-06-30,2023-06-30,GBP_USD,GBP,USD,1.289332,manual_uploaded_rates,manual
EUR_GBP-2023-06-30,2023-06-30,EUR_GBP,EUR,GBP,0.839565,manual_uploaded_rates,manual
EUR_USD-2023-06-30,2023-06-30,EUR_USD,EUR,USD,1.089436,manual_uploaded_rates,manual
USD_GBP-2023-06-30,2023-06-30,USD_GBP,USD,GBP,0.779596,manual_uploaded_rates,manual
GBP_EUR-2023-06-30,2023-06-30,GBP_EUR,GBP,EUR,1.179389,manual_uploaded_rates,manual
GBP_INR-2023-07-01,2023-07-01,GBP_INR,GBP,INR,108.2873,manual_uploaded_rates,manual
USD_INR-2023-07-01,2023-07-01,USD_INR,USD,INR,83.3832,manual_uploaded_rates,manual
EUR_INR-2023-07-01,2023-07-01,EUR_INR,EUR,INR,91.7246,manual_uploaded_rates,manual
GBP_USD-2023-07-01,2023-07-01,GBP_USD,GBP,USD,1.288659,manual_uploaded_rates,manual
EUR_GBP-2023-07-01,2023-07-01,EUR_GBP,EUR,GBP,0.839127,manual_uploaded_rates,manual
EUR_USD-2023-07-01,2023-07-01,EUR_USD,EUR,USD,1.088867,manual_uploaded_rates,manual
USD_GBP-2023-07-01,2023-07-01,USD_GBP,USD,GBP,0.779189,manual_uploaded_rates,manual
GBP_EUR-2023-07-01,2023-07-01,GBP_EUR,GBP,EUR,1.178773,manual_uploaded_rates,manual
GBP_INR-2023-07-02,2023-07-02,GBP_INR,GBP,INR,108.2263,manual_uploaded_rates,manual
USD_INR-2023-07-02,2023-07-02,USD_INR,USD,INR,83.3362,manual_uploaded_rates,manual
EUR_INR-2023-07-02,2023-07-02,EUR_INR,EUR,INR,91.6728,manual_uploaded_rates,manual
GBP_USD-2023-07-02,2023-07-02,GBP_USD,GBP,USD,1.287932,manual_uploaded_rates,manual
EUR_GBP-2023-07-02,2023-07-02,EUR_GBP,EUR,GBP,0.838654,manual_uploaded_rates,manual
EUR_USD-2023-07-02,2023-07-02,EUR_USD,EUR,USD,1.088253,manual_uploaded_rates,manual
USD_GBP-2023-07-02,2023-07-02,USD_GBP,USD,GBP,0.77875,manual_uploaded_rates,manual
GBP_EUR-2023-07-02,2023-07-02,GBP_EUR,GBP,EUR,1.178109,manual_uploaded_rates,manual
GBP_INR-2023-07-03,2023-07-03,GBP_INR,GBP,INR,108.1615,manual_uploaded_rates,manual
USD_INR-2023-07-03,2023-07-03,USD_INR,USD,INR,83.2863,manual_uploaded_rates,manual
EUR_INR-2023-07-03,2023-07-03,EUR_INR,EUR,INR,91.618,manual_uploaded_rates,manual
GBP_USD-2023-07-03,2023-07-03,GBP_USD,GBP,USD,1.287162,manual_uploaded_rates,manual
EUR_GBP-2023-07-03,2023-07-03,EUR_GBP,EUR,GBP,0.838152,manual_uploaded_rates,manual
EUR_USD-2023-07-03,2023-07-03,EUR_USD,EUR,USD,1.087602,manual_uploaded_rates,manual
USD_GBP-2023-07-03,2023-07-03,USD_GBP,USD,GBP,0.778284,manual_uploaded_rates,manual
GBP_EUR-2023-07-03,2023-07-03,GBP_EUR,GBP,EUR,1.177404,manual_uploaded_rates,manual
GBP_INR-2023-07-04,2023-07-04,GBP_INR,GBP,INR,108.094,manual_uploaded_rates,manual
USD_INR-2023-07-04,2023-07-04,USD_INR,USD,INR,83.2343,manual_uploaded_rates,manual
EUR_INR-2023-07-04,2023-07-04,EUR_INR,EUR,INR,91.5608,manual_uploaded_rates,manual
GBP_USD-2023-07-04,2023-07-04,GBP_USD,GBP,USD,1.286358,manual_uploaded_rates,manual
EUR_GBP-2023-07-04,2023-07-04,EUR_GBP,EUR,GBP,0.837629,manual_uploaded_rates,manual
EUR_USD-2023-07-04,2023-07-04,EUR_USD,EUR,USD,1.086923,manual_uploaded_rates,manual
USD_GBP-2023-07-04,2023-07-04,USD_GBP,USD,GBP,0.777798,manual_uploaded_rates,manual
GBP_EUR-2023-07-04,2023-07-04,GBP_EUR,GBP,EUR,1.176669,manual_uploaded_rates,manual
GBP_INR-2023-07-05,2023-07-05,GBP_INR,GBP,INR,108.0246,manual_uploaded_rates,manual
USD_INR-2023-07-05,2023-07-05,USD_INR,USD,INR,83.1809,manual_uploaded_rates,manual
EUR_INR-2023-07-05,2023-07-05,EUR_INR,EUR,INR,91.502,manual_uploaded_rates,manual
GBP_USD-2023-07-05,2023-07-05,GBP_USD,GBP,USD,1.285533,manual_uploaded_rates,manual
EUR_GBP-2023-07-05,2023-07-05,EUR_GBP,EUR,GBP,0.837091,manual_uploaded_rates,manual
EUR_USD-2023-07-05,2023-07-05,EUR_USD,EUR,USD,1.086225,manual_uploaded_rates,manual
USD_GBP-2023-07-05,2023-07-05,USD_GBP,USD,GBP,0.777299,manual_uploaded_rates,manual
GBP_EUR-2023-07-05,2023-07-05,GBP_EUR,GBP,EUR,1.175914,manual_uploaded_rates,manual
GBP_INR-2023-07-06,2023-07-06,GBP_INR,GBP,INR,107.9544,manual_uploaded_rates,manual
USD_INR-2023-07-06,2023-07-06,USD_INR,USD,INR,83.1269,manual_uploaded_rates,manual
EUR_INR-2023-07-06,2023-07-06,EUR_INR,EUR,INR,91.4425,manual_uploaded_rates,manual
GBP_USD-2023-07-06,2023-07-06,GBP_USD,GBP,USD,1.284697,manual_uploaded_rates,manual
EUR_GBP-2023-07-06,2023-07-06,EUR_GBP,EUR,GBP,0.836547,manual_uploaded_rates,manual
EUR_USD-2023-07-06,2023-07-06,EUR_USD,EUR,USD,1.085519,manual_uploaded_rates,manual
USD_GBP-2023-07-06,2023-07-06,USD_GBP,USD,GBP,0.776794,manual_uploaded_rates,manual
GBP_EUR-2023-07-06,2023-07-06,GBP_EUR,GBP,EUR,1.175149,manual_uploaded_rates,manual
GBP_INR-2023-07-07,2023-07-07,GBP_INR,GBP,INR,107.8843,manual_uploaded_rates,manual
USD_INR-2023-07-07,2023-07-07,USD_INR,USD,INR,83.0729,manual_uploaded_rates,manual
EUR_INR-2023-07-07,2023-07-07,EUR_INR,EUR,INR,91.3832,manual_uploaded_rates,manual
GBP_USD-2023-07-07,2023-07-07,GBP_USD,GBP,USD,1.283863,manual_uploaded_rates,manual
EUR_GBP-2023-07-07,2023-07-07,EUR_GBP,EUR,GBP,0.836004,manual_uploaded_rates,manual
EUR_USD-2023-07-07,2023-07-07,EUR_USD,EUR,USD,1.084815,manual_uploaded_rates,manual
USD_GBP-2023-07-07,2023-07-07,USD_GBP,USD,GBP,0.776289,manual_uploaded_rates,manual
GBP_EUR-2023-07-07,2023-07-07,GBP_EUR,GBP,EUR,1.174387,manual_uploaded_rates,manual
GBP_INR-2023-07-08,2023-07-08,GBP_INR,GBP,INR,107.8154,manual_uploaded_rates,manual
USD_INR-2023-07-08,2023-07-08,USD_INR,USD,INR,83.0199,manual_uploaded_rates,manual
EUR_INR-2023-07-08,2023-07-08,EUR_INR,EUR,INR,91.3248,manual_uploaded_rates,manual
GBP_USD-2023-07-08,2023-07-08,GBP_USD,GBP,USD,1.283043,manual_uploaded_rates,manual
EUR_GBP-2023-07-08,2023-07-08,EUR_GBP,EUR,GBP,0.83547,manual_uploaded_rates,manual
EUR_USD-2023-07-08,2023-07-08,EUR_USD,EUR,USD,1.084122,manual_uploaded_rates,manual
USD_GBP-2023-07-08,2023-07-08,USD_GBP,USD,GBP,0.775794,manual_uploaded_rates,manual
GBP_EUR-2023-07-08,2023-07-08,GBP_EUR,GBP,EUR,1.173637,manual_uploaded_rates,manual
GBP_INR-2023-07-09,2023-07-09,GBP_INR,GBP,INR,107.7486,manual_uploaded_rates,manual
USD_INR-2023-07-09,2023-07-09,USD_INR,USD,INR,82.9684,manual_uploaded_rates,manual
EUR_INR-2023-07-09,2023-07-09,EUR_INR,EUR,INR,91.2683,manual_uploaded_rates,manual
GBP_USD-2023-07-09,2023-07-09,GBP_USD,GBP,USD,1.282249,manual_uploaded_rates,manual
EUR_GBP-2023-07-09,2023-07-09,EUR_GBP,EUR,GBP,0.834953,manual_uploaded_rates,manual
EUR_USD-2023-07-09,2023-07-09,EUR_USD,EUR,USD,1.08345,manual_uploaded_rates,manual
USD_GBP-2023-07-09,2023-07-09,USD_GBP,USD,GBP,0.775313,manual_uploaded_rates,manual
GBP_EUR-2023-07-09,2023-07-09,GBP_EUR,GBP,EUR,1.17291,manual_uploaded_rates,manual
GBP_INR-2023-07-10,2023-07-10,GBP_INR,GBP,INR,107.6849,manual_uploaded_rates,manual
USD_INR-2023-07-10,2023-07-10,USD_INR,USD,INR,82.9194,manual_uploaded_rates,manual
EUR_INR-2023-07-10,2023-07-10,EUR_INR,EUR,INR,91.2143,manual_uploaded_rates,manual
GBP_USD-2023-07-10,2023-07-10,GBP_USD,GBP,USD,1.28149,manual_uploaded_rates,manual
EUR_GBP-2023-07-10,2023-07-10,EUR_GBP,EUR,GBP,0.834459,manual_uploaded_rates,manual
EUR_USD-2023-07-10,2023-07-10,EUR_USD,EUR,USD,1.08281,manual_uploaded_rates,manual
USD_GBP-2023-07-10,2023-07-10,USD_GBP,USD,GBP,0.774855,manual_uploaded_rates,manual
GBP_EUR-2023-07-10,2023-07-10,GBP_EUR,GBP,EUR,1.172216,manual_uploaded_rates,manual
GBP_INR-2023-07-11,2023-07-11,GBP_INR,GBP,INR,107.6251,manual_uploaded_rates,manual
USD_INR-2023-07-11,2023-07-11,USD_INR,USD,INR,82.8733,manual_uploaded_rates,manual
EUR_INR-2023-07-11,2023-07-11,EUR_INR,EUR,INR,91.1636,manual_uploaded_rates,manual
GBP_USD-2023-07-11,2023-07-11,GBP_USD,GBP,USD,1.280779,manual_uploaded_rates,manual
EUR_GBP-2023-07-11,2023-07-11,EUR_GBP,EUR,GBP,0.833995,manual_uploaded_rates,manual
EUR_USD-2023-07-11,2023-07-11,EUR_USD,EUR,USD,1.082208,manual_uploaded_rates,manual
USD_GBP-2023-07-11,2023-07-11,USD_GBP,USD,GBP,0.774424,manual_uploaded_rates,manual
GBP_EUR-2023-07-11,2023-07-11,GBP_EUR,GBP,EUR,1.171565,manual_uploaded_rates,manual
GBP_INR-2023-07-12,2023-07-12,GBP_INR,GBP,INR,107.57,manual_uploaded_rates,manual
USD_INR-2023-07-12,2023-07-12,USD_INR,USD,INR,82.8309,manual_uploaded_rates,manual
EUR_INR-2023-07-12,2023-07-12,EUR_INR,EUR,INR,91.117,manual_uploaded_rates,manual
GBP_USD-2023-07-12,2023-07-12,GBP_USD,GBP,USD,1.280123,manual_uploaded_rates,manual
EUR_GBP-2023-07-12,2023-07-12,EUR_GBP,EUR,GBP,0.833569,manual_uploaded_rates,manual
EUR_USD-2023-07-12,2023-07-12,EUR_USD,EUR,USD,1.081654,manual_uploaded_rates,manual
USD_GBP-2023-07-12,2023-07-12,USD_GBP,USD,GBP,0.774028,manual_uploaded_rates,manual
GBP_EUR-2023-07-12,2023-07-12,GBP_EUR,GBP,EUR,1.170965,manual_uploaded_rates,manual
GBP_INR-2023-07-13,2023-07-13,GBP_INR,GBP,INR,107.5204,manual_uploaded_rates,manual
USD_INR-2023-07-13,2023-07-13,USD_INR,USD,INR,82.7927,manual_uploaded_rates,manual
EUR_INR-2023-07-13,2023-07-13,EUR_INR,EUR,INR,91.0749,manual_uploaded_rates,manual
GBP_USD-2023-07-13,2023-07-13,GBP_USD,GBP,USD,1.279532,manual_uploaded_rates,manual
EUR_GBP-2023-07-13,2023-07-13,EUR_GBP,EUR,GBP,0.833184,manual_uploaded_rates,manual
EUR_USD-2023-07-13,2023-07-13,EUR_USD,EUR,USD,1.081155,manual_uploaded_rates,manual
USD_GBP-2023-07-13,2023-07-13,USD_GBP,USD,GBP,0.773671,manual_uploaded_rates,manual
GBP_EUR-2023-07-13,2023-07-13,GBP_EUR,GBP,EUR,1.170425,manual_uploaded_rates,manual
GBP_INR-2023-07-14,2023-07-14,GBP_INR,GBP,INR,107.4767,manual_uploaded_rates,manual
USD_INR-2023-07-14,2023-07-14,USD_INR,USD,INR,82.7591,manual_uploaded_rates,manual
EUR_INR-2023-07-14,2023-07-14,EUR_INR,EUR,INR,91.0379,manual_uploaded_rates,manual
GBP_USD-2023-07-14,2023-07-14,GBP_USD,GBP,USD,1.279013,manual_uploaded_rates,manual
EUR_GBP-2023-07-14,2023-07-14,EUR_GBP,EUR,GBP,0.832846,manual_uploaded_rates,manual
EUR_USD-2023-07-14,2023-07-14,EUR_USD,EUR,USD,1.080716,manual_uploaded_rates,manual
USD_GBP-2023-07-14,2023-07-14,USD_GBP,USD,GBP,0.773357,manual_uploaded_rates,manual
GBP_EUR-2023-07-14,2023-07-14,GBP_EUR,GBP,EUR,1.16995,manual_uploaded_rates,manual
GBP_INR-2023-07-15,2023-07-15,GBP_INR,GBP,INR,107.4396,manual_uploaded_rates,manual
USD_INR-2023-07-15,2023-07-15,USD_INR,USD,INR,82.7305,manual_uploaded_rates,manual
EUR_INR-2023-07-15,2023-07-15,EUR_INR,EUR,INR,91.0065,manual_uploaded_rates,manual
GBP_USD-2023-07-15,2023-07-15,GBP_USD,GBP,USD,1.278571,manual_uploaded_rates,manual
EUR_GBP-2023-07-15,2023-07-15,EUR_GBP,EUR,GBP,0.832558,manual_uploaded_rates,manual
EUR_USD-2023-07-15,2023-07-15,EUR_USD,EUR,USD,1.080343,manual_uploaded_rates,manual
USD_GBP-2023-07-15,2023-07-15,USD_GBP,USD,GBP,0.773089,manual_uploaded_rates,manual
GBP_EUR-2023-07-15,2023-07-15,GBP_EUR,GBP,EUR,1.169545,manual_uploaded_rates,manual
GBP_INR-2023-07-16,2023-07-16,GBP_INR,GBP,INR,107.4093,manual_uploaded_rates,manual
USD_INR-2023-07-16,2023-07-16,USD_INR,USD,INR,82.7072,manual_uploaded_rates,manual
EUR_INR-2023-07-16,2023-07-16,EUR_INR,EUR,INR,90.9809,manual_uploaded_rates,manual
GBP_USD-2023-07-16,2023-07-16,GBP_USD,GBP,USD,1.278211,manual_uploaded_rates,manual
EUR_GBP-2023-07-16,2023-07-16,EUR_GBP,EUR,GBP,0.832323,manual_uploaded_rates,manual
EUR_USD-2023-07-16,2023-07-16,EUR_USD,EUR,USD,1.080038,manual_uploaded_rates,manual
USD_GBP-2023-07-16,2023-07-16,USD_GBP,USD,GBP,0.772872,manual_uploaded_rates,manual
GBP_EUR-2023-07-16,2023-07-16,GBP_EUR,GBP,EUR,1.169216,manual_uploaded_rates,manual
GBP_INR-2023-07-17,2023-07-17,GBP_INR,GBP,INR,107.3861,manual_uploaded_rates,manual
USD_INR-2023-07-17,2023-07-17,USD_INR,USD,INR,82.6893,manual_uploaded_rates,manual
EUR_INR-2023-07-17,2023-07-17,EUR_INR,EUR,INR,90.9612,manual_uploaded_rates,manual
GBP_USD-2023-07-17,2023-07-17,GBP_USD,GBP,USD,1.277935,manual_uploaded_rates,manual
EUR_GBP-2023-07-17,2023-07-17,EUR_GBP,EUR,GBP,0.832144,manual_uploaded_rates,manual
EUR_USD-2023-07-17,2023-07-17,EUR_USD,EUR,USD,1.079805,manual_uploaded_rates,manual
USD_GBP-2023-07-17,2023-07-17,USD_GBP,USD,GBP,0.772705,manual_uploaded_rates,manual
GBP_EUR-2023-07-17,2023-07-17,GBP_EUR,GBP,EUR,1.168964,manual_uploaded_rates,manual
GBP_INR-2023-07-18,2023-07-18,GBP_INR,GBP,INR,107.3702,manual_uploaded_rates,manual
USD_INR-2023-07-18,2023-07-18,USD_INR,USD,INR,82.677,manual_uploaded_rates,manual
EUR_INR-2023-07-18,2023-07-18,EUR_INR,EUR,INR,90.9477,manual_uploaded_rates,manual
GBP_USD-2023-07-18,2023-07-18,GBP_USD,GBP,USD,1.277744,manual_uploaded_rates,manual
EUR_GBP-2023-07-18,2023-07-18,EUR_GBP,EUR,GBP,0.83202,manual_uploaded_rates,manual
EUR_USD-2023-07-18,2023-07-18,EUR_USD,EUR,USD,1.079645,manual_uploaded_rates,manual
USD_GBP-2023-07-18,2023-07-18,USD_GBP,USD,GBP,0.77259,manual_uploaded_rates,manual
GBP_EUR-2023-07-18,2023-07-18,GBP_EUR,GBP,EUR,1.168789,manual_uploaded_rates,manual
GBP_INR-2023-07-19,2023-07-19,GBP_INR,GBP,INR,107.3613,manual_uploaded_rates,manual
USD_INR-2023-07-19,2023-07-19,USD_INR,USD,INR,82.6702,manual_uploaded_rates,manual
EUR_INR-2023-07-19,2023-07-19,EUR_INR,EUR,INR,90.9402,manual_uploaded_rates,manual
GBP_USD-2023-07-19,2023-07-19,GBP_USD,GBP,USD,1.277639,manual_uploaded_rates,manual
EUR_GBP-2023-07-19,2023-07-19,EUR_GBP,EUR,GBP,0.831951,manual_uploaded_rates,manual
EUR_USD-2023-07-19,2023-07-19,EUR_USD,EUR,USD,1.079555,manual_uploaded_rates,manual
USD_GBP-2023-07-19,2023-07-19,USD_GBP,USD,GBP,0.772526,manual_uploaded_rates,manual
GBP_EUR-2023-07-19,2023-07-19,GBP_EUR,GBP,EUR,1.168693,manual_uploaded_rates,manual
GBP_INR-2023-07-20,2023-07-20,GBP_INR,GBP,INR,107.3594,manual_uploaded_rates,manual
USD_INR-2023-07-20,2023-07-20,USD_INR,USD,INR,82.6687,manual_uploaded_rates,manual
EUR_INR-2023-07-20,2023-07-20,EUR_INR,EUR,INR,90.9385,manual_uploaded_rates,manual
GBP_USD-2023-07-20,2023-07-20,GBP_USD,GBP,USD,1.277616,manual_uploaded_rates,manual
EUR_GBP-2023-07-20,2023-07-20,EUR_GBP,EUR,GBP,0.831936,manual_uploaded_rates,manual
EUR_USD-2023-07-20,2023-07-20,EUR_USD,EUR,USD,1.079536,manual_uploaded_rates,manual
USD_GBP-2023-07-20,2023-07-20,USD_GBP,USD,GBP,0.772512,manual_uploaded_rates,manual
GBP_EUR-2023-07-20,2023-07-20,GBP_EUR,GBP,EUR,1.168672,manual_uploaded_rates,manual
GBP_INR-2023-07-21,2023-07-21,GBP_INR,GBP,INR,107.3641,manual_uploaded_rates,manual
USD_INR-2023-07-21,2023-07-21,USD_INR,USD,INR,82.6724,manual_uploaded_rates,manual
EUR_INR-2023-07-21,2023-07-21,EUR_INR,EUR,INR,90.9426,manual_uploaded_rates,manual
GBP_USD-2023-07-21,2023-07-21,GBP_USD,GBP,USD,1.277673,manual_uploaded_rates,manual
EUR_GBP-2023-07-21,2023-07-21,EUR_GBP,EUR,GBP,0.831973,manual_uploaded_rates,manual
EUR_USD-2023-07-21,2023-07-21,EUR_USD,EUR,USD,1.079584,manual_uploaded_rates,manual
USD_GBP-2023-07-21,2023-07-21,USD_GBP,USD,GBP,0.772546,manual_uploaded_rates,manual
GBP_EUR-2023-07-21,2023-07-21,GBP_EUR,GBP,EUR,1.168724,manual_uploaded_rates,manual
GBP_INR-2023-07-22,2023-07-22,GBP_INR,GBP,INR,107.3751,manual_uploaded_rates,manual
USD_INR-2023-07-22,2023-07-22,USD_INR,USD,INR,82.6808,manual_uploaded_rates,manual
EUR_INR-2023-07-22,2023-07-22,EUR_INR,EUR,INR,90.9518,manual_uploaded_rates,manual
GBP_USD-2023-07-22,2023-07-22,GBP_USD,GBP,USD,1.277803,manual_uploaded_rates,manual
EUR_GBP-2023-07-22,2023-07-22,EUR_GBP,EUR,GBP,0.832058,manual_uploaded_rates,manual
EUR_USD-2023-07-22,2023-07-22,EUR_USD,EUR,USD,1.079694,manual_uploaded_rates,manual
USD_GBP-2023-07-22,2023-07-22,USD_GBP,USD,GBP,0.772625,manual_uploaded_rates,manual
GBP_EUR-2023-07-22,2023-07-22,GBP_EUR,GBP,EUR,1.168843,manual_uploaded_rates,manual
GBP_INR-2023-07-23,2023-07-23,GBP_INR,GBP,INR,107.3917,manual_uploaded_rates,manual
USD_INR-2023-07-23,2023-07-23,USD_INR,USD,INR,82.6936,manual_uploaded_rates,manual
EUR_INR-2023-07-23,2023-07-23,EUR_INR,EUR,INR,90.9659,manual_uploaded_rates,manual
GBP_USD-2023-07-23,2023-07-23,GBP_USD,GBP,USD,1.278,manual_uploaded_rates,manual
EUR_GBP-2023-07-23,2023-07-23,EUR_GBP,EUR,GBP,0.832186,manual_uploaded_rates,manual
EUR_USD-2023-07-23,2023-07-23,EUR_USD,EUR,USD,1.079861,manual_uploaded_rates,manual
USD_GBP-2023-07-23,2023-07-23,USD_GBP,USD,GBP,0.772744,manual_uploaded_rates,manual
GBP_EUR-2023-07-23,2023-07-23,GBP_EUR,GBP,EUR,1.169024,manual_uploaded_rates,manual
GBP_INR-2023-07-24,2023-07-24,GBP_INR,GBP,INR,107.4133,manual_uploaded_rates,manual
USD_INR-2023-07-24,2023-07-24,USD_INR,USD,INR,82.7102,manual_uploaded_rates,manual
EUR_INR-2023-07-24,2023-07-24,EUR_INR,EUR,INR,90.9842,manual_uploaded_rates,manual
GBP_USD-2023-07-24,2023-07-24,GBP_USD,GBP,USD,1.278257,manual_uploaded_rates,manual
EUR_GBP-2023-07-24,2023-07-24,EUR_GBP,EUR,GBP,0.832354,manual_uploaded_rates,manual
EUR_USD-2023-07-24,2023-07-24,EUR_USD,EUR,USD,1.080078,manual_uploaded_rates,manual
USD_GBP-2023-07-24,2023-07-24,USD_GBP,USD,GBP,0.7729,manual_uploaded_rates,manual
GBP_EUR-2023-07-24,2023-07-24,GBP_EUR,GBP,EUR,1.169259,manual_uploaded_rates,manual
GBP_INR-2023-07-25,2023-07-25,GBP_INR,GBP,INR,107.4391,manual_uploaded_rates,manual
USD_INR-2023-07-25,2023-07-25,USD_INR,USD,INR,82.7301,manual_uploaded_rates,manual
EUR_INR-2023-07-25,2023-07-25,EUR_INR,EUR,INR,91.0061,manual_uploaded_rates,manual
GBP_USD-2023-07-25,2023-07-25,GBP_USD,GBP,USD,1.278565,manual_uploaded_rates,manual
EUR_GBP-2023-07-25,2023-07-25,EUR_GBP,EUR,GBP,0.832554,manual_uploaded_rates,manual
EUR_USD-2023-07-25,2023-07-25,EUR_USD,EUR,USD,1.080338,manual_uploaded_rates,manual
USD_GBP-2023-07-25,2023-07-25,USD_GBP,USD,GBP,0.773086,manual_uploaded_rates,manual
GBP_EUR-2023-07-25,2023-07-25,GBP_EUR,GBP,EUR,1.16954,manual_uploaded_rates,manual
GBP_INR-2023-07-26,2023-07-26,GBP_INR,GBP,INR,107.4684,manual_uploaded_rates,manual
USD_INR-2023-07-26,2023-07-26,USD_INR,USD,INR,82.7527,manual_uploaded_rates,manual
EUR_INR-2023-07-26,2023-07-26,EUR_INR,EUR,INR,91.0309,manual_uploaded_rates,manual
GBP_USD-2023-07-26,2023-07-26,GBP_USD,GBP,USD,1.278914,manual_uploaded_rates,manual
EUR_GBP-2023-07-26,2023-07-26,EUR_GBP,EUR,GBP,0.832781,manual_uploaded_rates,manual
EUR_USD-2023-07-26,2023-07-26,EUR_USD,EUR,USD,1.080632,manual_uploaded_rates,manual
USD_GBP-2023-07-26,2023-07-26,USD_GBP,USD,GBP,0.773297,manual_uploaded_rates,manual
GBP_EUR-2023-07-26,2023-07-26,GBP_EUR,GBP,EUR,1.169859,manual_uploaded_rates,manual
GBP_INR-2023-07-27,2023-07-27,GBP_INR,GBP,INR,107.5002,manual_uploaded_rates,manual
USD_INR-2023-07-27,2023-07-27,USD_INR,USD,INR,82.7772,manual_uploaded_rates,manual
EUR_INR-2023-07-27,2023-07-27,EUR_INR,EUR,INR,91.0579,manual_uploaded_rates,manual
GBP_USD-2023-07-27,2023-07-27,GBP_USD,GBP,USD,1.279293,manual_uploaded_rates,manual
EUR_GBP-2023-07-27,2023-07-27,EUR_GBP,EUR,GBP,0.833028,manual_uploaded_rates,manual
EUR_USD-2023-07-27,2023-07-27,EUR_USD,EUR,USD,1.080953,manual_uploaded_rates,manual
USD_GBP-2023-07-27,2023-07-27,USD_GBP,USD,GBP,0.773526,manual_uploaded_rates,manual
GBP_EUR-2023-07-27,2023-07-27,GBP_EUR,GBP,EUR,1.170206,manual_uploaded_rates,manual
GBP_INR-2023-07-28,2023-07-28,GBP_INR,GBP,INR,107.5337,manual_uploaded_rates,manual
USD_INR-2023-07-28,2023-07-28,USD_INR,USD,INR,82.8029,manual_uploaded_rates,manual
EUR_INR-2023-07-28,2023-07-28,EUR_INR,EUR,INR,91.0862,manual_uploaded_rates,manual
GBP_USD-2023-07-28,2023-07-28,GBP_USD,GBP,USD,1.279691,manual_uploaded_rates,manual
EUR_GBP-2023-07-28,2023-07-28,EUR_GBP,EUR,GBP,0.833287,manual_uploaded_rates,manual
EUR_USD-2023-07-28,2023-07-28,EUR_USD,EUR,USD,1.081289,manual_uploaded_rates,manual
USD_GBP-2023-07-28,2023-07-28,USD_GBP,USD,GBP,0.773766,manual_uploaded_rates,manual
GBP_EUR-2023-07-28,2023-07-28,GBP_EUR,GBP,EUR,1.17057,manual_uploaded_rates,manual
GBP_INR-2023-07-29,2023-07-29,GBP_INR,GBP,INR,107.5678,manual_uploaded_rates,manual
USD_INR-2023-07-29,2023-07-29,USD_INR,USD,INR,82.8292,manual_uploaded_rates,manual
EUR_INR-2023-07-29,2023-07-29,EUR_INR,EUR,INR,91.1151,manual_uploaded_rates,manual
GBP_USD-2023-07-29,2023-07-29,GBP_USD,GBP,USD,1.280097,manual_uploaded_rates,manual
EUR_GBP-2023-07-29,2023-07-29,EUR_GBP,EUR,GBP,0.833552,manual_uploaded_rates,manual
EUR_USD-2023-07-29,2023-07-29,EUR_USD,EUR,USD,1.081632,manual_uploaded_rates,manual
USD_GBP-2023-07-29,2023-07-29,USD_GBP,USD,GBP,0.774012,manual_uploaded_rates,manual
GBP_EUR-2023-07-29,2023-07-29,GBP_EUR,GBP,EUR,1.170941,manual_uploaded_rates,manual
GBP_INR-2023-07-30,2023-07-30,GBP_INR,GBP,INR,107.6017,manual_uploaded_rates,manual
USD_INR-2023-07-30,2023-07-30,USD_INR,USD,INR,82.8553,manual_uploaded_rates,manual
EUR_INR-2023-07-30,2023-07-30,EUR_INR,EUR,INR,91.1438,manual_uploaded_rates,manual
GBP_USD-2023-07-30,2023-07-30,GBP_USD,GBP,USD,1.2805,manual_uploaded_rates,manual
EUR_GBP-2023-07-30,2023-07-30,EUR_GBP,EUR,GBP,0.833814,manual_uploaded_rates,manual
EUR_USD-2023-07-30,2023-07-30,EUR_USD,EUR,USD,1.081973,manual_uploaded_rates,manual
USD_GBP-2023-07-30,2023-07-30,USD_GBP,USD,GBP,0.774256,manual_uploaded_rates,manual
GBP_EUR-2023-07-30,2023-07-30,GBP_EUR,GBP,EUR,1.17131,manual_uploaded_rates,manual
GBP_INR-2023-07-31,2023-07-31,GBP_INR,GBP,INR,107.6344,manual_uploaded_rates,manual
USD_INR-2023-07-31,2023-07-31,USD_INR,USD,INR,82.8805,manual_uploaded_rates,manual
EUR_INR-2023-07-31,2023-07-31,EUR_INR,EUR,INR,91.1715,manual_uploaded_rates,manual
GBP_USD-2023-07-31,2023-07-31,GBP_USD,GBP,USD,1.280889,manual_uploaded_rates,manual
EUR_GBP-2023-07-31,2023-07-31,EUR_GBP,EUR,GBP,0.834067,manual_uploaded_rates,manual
EUR_USD-2023-07-31,2023-07-31,EUR_USD,EUR,USD,1.082301,manual_uploaded_rates,manual
USD_GBP-2023-07-31,2023-07-31,USD_GBP,USD,GBP,0.774491,manual_uploaded_rates,manual
GBP_EUR-2023-07-31,2023-07-31,GBP_EUR,GBP,EUR,1.171666,manual_uploaded_rates,manual
GBP_INR-2023-08-01,2023-08-01,GBP_INR,GBP,INR,107.6649,manual_uploaded_rates,manual
USD_INR-2023-08-01,2023-08-01,USD_INR,USD,INR,82.904,manual_uploaded_rates,manual
EUR_INR-2023-08-01,2023-08-01,EUR_INR,EUR,INR,91.1974,manual_uploaded_rates,manual
GBP_USD-2023-08-01,2023-08-01,GBP_USD,GBP,USD,1.281253,manual_uploaded_rates,manual
EUR_GBP-2023-08-01,2023-08-01,EUR_GBP,EUR,GBP,0.834304,manual_uploaded_rates,manual
EUR_USD-2023-08-01,2023-08-01,EUR_USD,EUR,USD,1.082609,manual_uploaded_rates,manual
USD_GBP-2023-08-01,2023-08-01,USD_GBP,USD,GBP,0.774711,manual_uploaded_rates,manual
GBP_EUR-2023-08-01,2023-08-01,GBP_EUR,GBP,EUR,1.171999,manual_uploaded_rates,manual
GBP_INR-2023-08-02,2023-08-02,GBP_INR,GBP,INR,107.6926,manual_uploaded_rates,manual
USD_INR-2023-08-02,2023-08-02,USD_INR,USD,INR,82.9253,manual_uploaded_rates,manual
EUR_INR-2023-08-02,2023-08-02,EUR_INR,EUR,INR,91.2208,manual_uploaded_rates,manual
GBP_USD-2023-08-02,2023-08-02,GBP_USD,GBP,USD,1.281581,manual_uploaded_rates,manual
EUR_GBP-2023-08-02,2023-08-02,EUR_GBP,EUR,GBP,0.834518,manual_uploaded_rates,manual
EUR_USD-2023-08-02,2023-08-02,EUR_USD,EUR,USD,1.082886,manual_uploaded_rates,manual
USD_GBP-2023-08-02,2023-08-02,USD_GBP,USD,GBP,0.77491,manual_uploaded_rates,manual
GBP_EUR-2023-08-02,2023-08-02,GBP_EUR,GBP,EUR,1.172299,manual_uploaded_rates,manual
GBP_INR-2023-08-03,2023-08-03,GBP_INR,GBP,INR,107.7164,manual_uploaded_rates,manual
USD_INR-2023-08-03,2023-08-03,USD_INR,USD,INR,82.9436,manual_uploaded_rates,manual
EUR_INR-2023-08-03,2023-08-03,EUR_INR,EUR,INR,91.241,manual_uploaded_rates,manual
GBP_USD-2023-08-03,2023-08-03,GBP_USD,GBP,USD,1.281865,manual_uploaded_rates,manual
EUR_GBP-2023-08-03,2023-08-03,EUR_GBP,EUR,GBP,0.834703,manual_uploaded_rates,manual
EUR_USD-2023-08-03,2023-08-03,EUR_USD,EUR,USD,1.083126,manual_uploaded_rates,manual
USD_GBP-2023-08-03,2023-08-03,USD_GBP,USD,GBP,0.775081,manual_uploaded_rates,manual
GBP_EUR-2023-08-03,2023-08-03,GBP_EUR,GBP,EUR,1.172559,manual_uploaded_rates,manual
GBP_INR-2023-08-04,2023-08-04,GBP_INR,GBP,INR,107.7359,manual_uploaded_rates,manual
USD_INR-2023-08-04,2023-08-04,USD_INR,USD,INR,82.9586,manual_uploaded_rates,manual
EUR_INR-2023-08-04,2023-08-04,EUR_INR,EUR,INR,91.2574,manual_uploaded_rates,manual
GBP_USD-2023-08-04,2023-08-04,GBP_USD,GBP,USD,1.282097,manual_uploaded_rates,manual
EUR_GBP-2023-08-04,2023-08-04,EUR_GBP,EUR,GBP,0.834854,manual_uploaded_rates,manual
EUR_USD-2023-08-04,2023-08-04,EUR_USD,EUR,USD,1.083322,manual_uploaded_rates,manual
USD_GBP-2023-08-04,2023-08-04,USD_GBP,USD,GBP,0.775221,manual_uploaded_rates,manual
GBP_EUR-2023-08-04,2023-08-04,GBP_EUR,GBP,EUR,1.172771,manual_uploaded_rates,manual
GBP_INR-2023-08-05,2023-08-05,GBP_INR,GBP,INR,107.7503,manual_uploaded_rates,manual
USD_INR-2023-08-05,2023-08-05,USD_INR,USD,INR,82.9697,manual_uploaded_rates,manual
EUR_INR-2023-08-05,2023-08-05,EUR_INR,EUR,INR,91.2696,manual_uploaded_rates,manual
GBP_USD-2023-08-05,2023-08-05,GBP_USD,GBP,USD,1.282268,manual_uploaded_rates,manual
EUR_GBP-2023-08-05,2023-08-05,EUR_GBP,EUR,GBP,0.834965,manual_uploaded_rates,manual
EUR_USD-2023-08-05,2023-08-05,EUR_USD,EUR,USD,1.083467,manual_uploaded_rates,manual
USD_GBP-2023-08-05,2023-08-05,USD_GBP,USD,GBP,0.775325,manual_uploaded_rates,manual
GBP_EUR-2023-08-05,2023-08-05,GBP_EUR,GBP,EUR,1.172927,manual_uploaded_rates,manual
GBP_INR-2023-08-06,2023-08-06,GBP_INR,GBP,INR,107.7591,manual_uploaded_rates,manual
USD_INR-2023-08-06,2023-08-06,USD_INR,USD,INR,82.9765,manual_uploaded_rates,manual
EUR_INR-2023-08-06,2023-08-06,EUR_INR,EUR,INR,91.2772,manual_uploaded_rates,manual
GBP_USD-2023-08-06,2023-08-06,GBP_USD,GBP,USD,1.282373,manual_uploaded_rates,manual
EUR_GBP-2023-08-06,2023-08-06,EUR_GBP,EUR,GBP,0.835034,manual_uploaded_rates,manual
EUR_USD-2023-08-06,2023-08-06,EUR_USD,EUR,USD,1.083556,manual_uploaded_rates,manual
USD_GBP-2023-08-06,2023-08-06,USD_GBP,USD,GBP,0.775389,manual_uploaded_rates,manual
GBP_EUR-2023-08-06,2023-08-06,GBP_EUR,GBP,EUR,1.173024,manual_uploaded_rates,manual
GBP_INR-2023-08-07,2023-08-07,GBP_INR,GBP,INR,107.7621,manual_uploaded_rates,manual
USD_INR-2023-08-07,2023-08-07,USD_INR,USD,INR,82.9788,manual_uploaded_rates,manual
EUR_INR-2023-08-07,2023-08-07,EUR_INR,EUR,INR,91.2797,manual_uploaded_rates,manual
GBP_USD-2023-08-07,2023-08-07,GBP_USD,GBP,USD,1.282409,manual_uploaded_rates,manual
EUR_GBP-2023-08-07,2023-08-07,EUR_GBP,EUR,GBP,0.835057,manual_uploaded_rates,manual
EUR_USD-2023-08-07,2023-08-07,EUR_USD,EUR,USD,1.083586,manual_uploaded_rates,manual
USD_GBP-2023-08-07,2023-08-07,USD_GBP,USD,GBP,0.77541,manual_uploaded_rates,manual
GBP_EUR-2023-08-07,2023-08-07,GBP_EUR,GBP,EUR,1.173056,manual_uploaded_rates,manual
GBP_INR-2023-08-08,2023-08-08,GBP_INR,GBP,INR,107.7589,manual_uploaded_rates,manual
USD_INR-2023-08-08,2023-08-08,USD_INR,USD,INR,82.9763,manual_uploaded_rates,manual
EUR_INR-2023-08-08,2023-08-08,EUR_INR,EUR,INR,91.2769,manual_uploaded_rates,manual
GBP_USD-2023-08-08,2023-08-08,GBP_USD,GBP,USD,1.282371,manual_uploaded_rates,manual
EUR_GBP-2023-08-08,2023-08-08,EUR_GBP,EUR,GBP,0.835032,manual_uploaded_rates,manual
EUR_USD-2023-08-08,2023-08-08,EUR_USD,EUR,USD,1.083553,manual_uploaded_rates,manual
USD_GBP-2023-08-08,2023-08-08,USD_GBP,USD,GBP,0.775387,manual_uploaded_rates,manual
GBP_EUR-2023-08-08,2023-08-08,GBP_EUR,GBP,EUR,1.173021,manual_uploaded_rates,manual
GBP_INR-2023-08-09,2023-08-09,GBP_INR,GBP,INR,107.7494,manual_uploaded_rates,manual
USD_INR-2023-08-09,2023-08-09,USD_INR,USD,INR,82.969,manual_uploaded_rates,manual
EUR_INR-2023-08-09,2023-08-09,EUR_INR,EUR,INR,91.2689,manual_uploaded_rates,manual
GBP_USD-2023-08-09,2023-08-09,GBP_USD,GBP,USD,1.282258,manual_uploaded_rates,manual
EUR_GBP-2023-08-09,2023-08-09,EUR_GBP,EUR,GBP,0.834958,manual_uploaded_rates,manual
EUR_USD-2023-08-09,2023-08-09,EUR_USD,EUR,USD,1.083458,manual_uploaded_rates,manual
USD_GBP-2023-08-09,2023-08-09,USD_GBP,USD,GBP,0.775319,manual_uploaded_rates,manual
GBP_EUR-2023-08-09,2023-08-09,GBP_EUR,GBP,EUR,1.172918,manual_uploaded_rates,manual
GBP_INR-2023-08-10,2023-08-10,GBP_INR,GBP,INR,107.7336,manual_uploaded_rates,manual
USD_INR-2023-08-10,2023-08-10,USD_INR,USD,INR,82.9569,manual_uploaded_rates,manual
EUR_INR-2023-08-10,2023-08-10,EUR_INR,EUR,INR,91.2556,manual_uploaded_rates,manual
GBP_USD-2023-08-10,2023-08-10,GBP_USD,GBP,USD,1.28207,manual_uploaded_rates,manual
EUR_GBP-2023-08-10,2023-08-10,EUR_GBP,EUR,GBP,0.834836,manual_uploaded_rates,manual
EUR_USD-2023-08-10,2023-08-10,EUR_USD,EUR,USD,1.0833,manual_uploaded_rates,manual
USD_GBP-2023-08-10,2023-08-10,USD_GBP,USD,GBP,0.775205,manual_uploaded_rates,manual
GBP_EUR-2023-08-10,2023-08-10,GBP_EUR,GBP,EUR,1.172746,manual_uploaded_rates,manual
GBP_INR-2023-08-11,2023-08-11,GBP_INR,GBP,INR,107.7118,manual_uploaded_rates,manual
USD_INR-2023-08-11,2023-08-11,USD_INR,USD,INR,82.94,manual_uploaded_rates,manual
EUR_INR-2023-08-11,2023-08-11,EUR_INR,EUR,INR,91.237,manual_uploaded_rates,manual
GBP_USD-2023-08-11,2023-08-11,GBP_USD,GBP,USD,1.28181,manual_uploaded_rates,manual
EUR_GBP-2023-08-11,2023-08-11,EUR_GBP,EUR,GBP,0.834667,manual_uploaded_rates,manual
EUR_USD-2023-08-11,2023-08-11,EUR_USD,EUR,USD,1.083079,manual_uploaded_rates,manual
USD_GBP-2023-08-11,2023-08-11,USD_GBP,USD,GBP,0.775048,manual_uploaded_rates,manual
GBP_EUR-2023-08-11,2023-08-11,GBP_EUR,GBP,EUR,1.172508,manual_uploaded_rates,manual
GBP_INR-2023-08-12,2023-08-12,GBP_INR,GBP,INR,107.684,manual_uploaded_rates,manual
USD_INR-2023-08-12,2023-08-12,USD_INR,USD,INR,82.9187,manual_uploaded_rates,manual
EUR_INR-2023-08-12,2023-08-12,EUR_INR,EUR,INR,91.2135,manual_uploaded_rates,manual
GBP_USD-2023-08-12,2023-08-12,GBP_USD,GBP,USD,1.281479,manual_uploaded_rates,manual
EUR_GBP-2023-08-12,2023-08-12,EUR_GBP,EUR,GBP,0.834452,manual_uploaded_rates,manual
EUR_USD-2023-08-12,2023-08-12,EUR_USD,EUR,USD,1.0828,manual_uploaded_rates,manual
USD_GBP-2023-08-12,2023-08-12,USD_GBP,USD,GBP,0.774848,manual_uploaded_rates,manual
GBP_EUR-2023-08-12,2023-08-12,GBP_EUR,GBP,EUR,1.172206,manual_uploaded_rates,manual
GBP_INR-2023-08-13,2023-08-13,GBP_INR,GBP,INR,107.6507,manual_uploaded_rates,manual
USD_INR-2023-08-13,2023-08-13,USD_INR,USD,INR,82.8931,manual_uploaded_rates,manual
EUR_INR-2023-08-13,2023-08-13,EUR_INR,EUR,INR,91.1853,manual_uploaded_rates,manual
GBP_USD-2023-08-13,2023-08-13,GBP_USD,GBP,USD,1.281084,manual_uploaded_rates,manual
EUR_GBP-2023-08-13,2023-08-13,EUR_GBP,EUR,GBP,0.834194,manual_uploaded_rates,manual
EUR_USD-2023-08-13,2023-08-13,EUR_USD,EUR,USD,1.082466,manual_uploaded_rates,manual
USD_GBP-2023-08-13,2023-08-13,USD_GBP,USD,GBP,0.774609,manual_uploaded_rates,manual
GBP_EUR-2023-08-13,2023-08-13,GBP_EUR,GBP,EUR,1.171844,manual_uploaded_rates,manual
GBP_INR-2023-08-14,2023-08-14,GBP_INR,GBP,INR,107.6125,manual_uploaded_rates,manual
USD_INR-2023-08-14,2023-08-14,USD_INR,USD,INR,82.8636,manual_uploaded_rates,manual
EUR_INR-2023-08-14,2023-08-14,EUR_INR,EUR,INR,91.153,manual_uploaded_rates,manual
GBP_USD-2023-08-14,2023-08-14,GBP_USD,GBP,USD,1.280629,manual_uploaded_rates,manual
EUR_GBP-2023-08-14,2023-08-14,EUR_GBP,EUR,GBP,0.833898,manual_uploaded_rates,manual
EUR_USD-2023-08-14,2023-08-14,EUR_USD,EUR,USD,1.082081,manual_uploaded_rates,manual
USD_GBP-2023-08-14,2023-08-14,USD_GBP,USD,GBP,0.774334,manual_uploaded_rates,manual
GBP_EUR-2023-08-14,2023-08-14,GBP_EUR,GBP,EUR,1.171428,manual_uploaded_rates,manual
GBP_INR-2023-08-15,2023-08-15,GBP_INR,GBP,INR,107.5699,manual_uploaded_rates,manual
USD_INR-2023-08-15,2023-08-15,USD_INR,USD,INR,82.8308,manual_uploaded_rates,manual
EUR_INR-2023-08-15,2023-08-15,EUR_INR,EUR,INR,91.1168,manual_uploaded_rates,manual
GBP_USD-2023-08-15,2023-08-15,GBP_USD,GBP,USD,1.280121,manual_uploaded_rates,manual
EUR_GBP-2023-08-15,2023-08-15,EUR_GBP,EUR,GBP,0.833567,manual_uploaded_rates,manual
EUR_USD-2023-08-15,2023-08-15,EUR_USD,EUR,USD,1.081653,manual_uploaded_rates,manual
USD_GBP-2023-08-15,2023-08-15,USD_GBP,USD,GBP,0.774027,manual_uploaded_rates,manual
GBP_EUR-2023-08-15,2023-08-15,GBP_EUR,GBP,EUR,1.170964,manual_uploaded_rates,manual
GBP_INR-2023-08-16,2023-08-16,GBP_INR,GBP,INR,107.5235,manual_uploaded_rates,manual
USD_INR-2023-08-16,2023-08-16,USD_INR,USD,INR,82.7951,manual_uploaded_rates,manual
EUR_INR-2023-08-16,2023-08-16,EUR_INR,EUR,INR,91.0776,manual_uploaded_rates,manual
GBP_USD-2023-08-16,2023-08-16,GBP_USD,GBP,USD,1.27957,manual_uploaded_rates,manual
EUR_GBP-2023-08-16,2023-08-16,EUR_GBP,EUR,GBP,0.833208,manual_uploaded_rates,manual
EUR_USD-2023-08-16,2023-08-16,EUR_USD,EUR,USD,1.081187,manual_uploaded_rates,manual
USD_GBP-2023-08-16,2023-08-16,USD_GBP,USD,GBP,0.773693,manual_uploaded_rates,manual
GBP_EUR-2023-08-16,2023-08-16,GBP_EUR,GBP,EUR,1.170459,manual_uploaded_rates,manual
GBP_INR-2023-08-17,2023-08-17,GBP_INR,GBP,INR,107.4742,manual_uploaded_rates,manual
USD_INR-2023-08-17,2023-08-17,USD_INR,USD,INR,82.7571,manual_uploaded_rates,manual
EUR_INR-2023-08-17,2023-08-17,EUR_INR,EUR,INR,91.0358,manual_uploaded_rates,manual
GBP_USD-2023-08-17,2023-08-17,GBP_USD,GBP,USD,1.278983,manual_uploaded_rates,manual
EUR_GBP-2023-08-17,2023-08-17,EUR_GBP,EUR,GBP,0.832826,manual_uploaded_rates,manual
EUR_USD-2023-08-17,2023-08-17,EUR_USD,EUR,USD,1.080691,manual_uploaded_rates,manual
USD_GBP-2023-08-17,2023-08-17,USD_GBP,USD,GBP,0.773338,manual_uploaded_rates,manual
GBP_EUR-2023-08-17,2023-08-17,GBP_EUR,GBP,EUR,1.169922,manual_uploaded_rates,manual
GBP_INR-2023-08-18,2023-08-18,GBP_INR,GBP,INR,107.4227,manual_uploaded_rates,manual
USD_INR-2023-08-18,2023-08-18,USD_INR,USD,INR,82.7175,manual_uploaded_rates,manual
EUR_INR-2023-08-18,2023-08-18,EUR_INR,EUR,INR,90.9922,manual_uploaded_rates,manual
GBP_USD-2023-08-18,2023-08-18,GBP_USD,GBP,USD,1.27837,manual_uploaded_rates,manual
EUR_GBP-2023-08-18,2023-08-18,EUR_GBP,EUR,GBP,0.832427,manual_uploaded_rates,manual
EUR_USD-2023-08-18,2023-08-18,EUR_USD,EUR,USD,1.080173,manual_uploaded_rates,manual
USD_GBP-2023-08-18,2023-08-18,USD_GBP,USD,GBP,0.772968,manual_uploaded_rates,manual
GBP_EUR-2023-08-18,2023-08-18,GBP_EUR,GBP,EUR,1.169362,manual_uploaded_rates,manual
GBP_INR-2023-08-19,2023-08-19,GBP_INR,GBP,INR,107.37,manual_uploaded_rates,manual
USD_INR-2023-08-19,2023-08-19,USD_INR,USD,INR,82.6769,manual_uploaded_rates,manual
EUR_INR-2023-08-19,2023-08-19,EUR_INR,EUR,INR,90.9475,manual_uploaded_rates,manual
GBP_USD-2023-08-19,2023-08-19,GBP_USD,GBP,USD,1.277742,manual_uploaded_rates,manual
EUR_GBP-2023-08-19,2023-08-19,EUR_GBP,EUR,GBP,0.832018,manual_uploaded_rates,manual
EUR_USD-2023-08-19,2023-08-19,EUR_USD,EUR,USD,1.079643,manual_uploaded_rates,manual
USD_GBP-2023-08-19,2023-08-19,USD_GBP,USD,GBP,0.772588,manual_uploaded_rates,manual
GBP_EUR-2023-08-19,2023-08-19,GBP_EUR,GBP,EUR,1.168788,manual_uploaded_rates,manual
GBP_INR-2023-08-20,2023-08-20,GBP_INR,GBP,INR,107.3168,manual_uploaded_rates,manual
USD_INR-2023-08-20,2023-08-20,USD_INR,USD,INR,82.6359,manual_uploaded_rates,manual
EUR_INR-2023-08-20,2023-08-20,EUR_INR,EUR,INR,90.9025,manual_uploaded_rates,manual
GBP_USD-2023-08-20,2023-08-20,GBP_USD,GBP,USD,1.277109,manual_uploaded_rates,manual
EUR_GBP-2023-08-20,2023-08-20,EUR_GBP,EUR,GBP,0.831606,manual_uploaded_rates,manual
EUR_USD-2023-08-20,2023-08-20,EUR_USD,EUR,USD,1.079108,manual_uploaded_rates,manual
USD_GBP-2023-08-20,2023-08-20,USD_GBP,USD,GBP,0.772206,manual_uploaded_rates,manual
GBP_EUR-2023-08-20,2023-08-20,GBP_EUR,GBP,EUR,1.168208,manual_uploaded_rates,manual
GBP_INR-2023-08-21,2023-08-21,GBP_INR,GBP,INR,107.264,manual_uploaded_rates,manual
USD_INR-2023-08-21,2023-08-21,USD_INR,USD,INR,82.5953,manual_uploaded_rates,manual
EUR_INR-2023-08-21,2023-08-21,EUR_INR,EUR,INR,90.8578,manual_uploaded_rates,manual
GBP_USD-2023-08-21,2023-08-21,GBP_USD,GBP,USD,1.276481,manual_uploaded_rates,manual
EUR_GBP-2023-08-21,2023-08-21,EUR_GBP,EUR,GBP,0.831197,manual_uploaded_rates,manual
EUR_USD-2023-08-21,2023-08-21,EUR_USD,EUR,USD,1.078577,manual_uploaded_rates,manual
USD_GBP-2023-08-21,2023-08-21,USD_GBP,USD,GBP,0.771826,manual_uploaded_rates,manual
GBP_EUR-2023-08-21,2023-08-21,GBP_EUR,GBP,EUR,1.167634,manual_uploaded_rates,manual
GBP_INR-2023-08-22,2023-08-22,GBP_INR,GBP,INR,107.2125,manual_uploaded_rates,manual
USD_INR-2023-08-22,2023-08-22,USD_INR,USD,INR,82.5556,manual_uploaded_rates,manual
EUR_INR-2023-08-22,2023-08-22,EUR_INR,EUR,INR,90.8142,manual_uploaded_rates,manual
GBP_USD-2023-08-22,2023-08-22,GBP_USD,GBP,USD,1.275869,manual_uploaded_rates,manual
EUR_GBP-2023-08-22,2023-08-22,EUR_GBP,EUR,GBP,0.830798,manual_uploaded_rates,manual
EUR_USD-2023-08-22,2023-08-22,EUR_USD,EUR,USD,1.07806,manual_uploaded_rates,manual
USD_GBP-2023-08-22,2023-08-22,USD_GBP,USD,GBP,0.771456,manual_uploaded_rates,manual
GBP_EUR-2023-08-22,2023-08-22,GBP_EUR,GBP,EUR,1.167074,manual_uploaded_rates,manual
GBP_INR-2023-08-23,2023-08-23,GBP_INR,GBP,INR,107.1632,manual_uploaded_rates,manual
USD_INR-2023-08-23,2023-08-23,USD_INR,USD,INR,82.5176,manual_uploaded_rates,manual
EUR_INR-2023-08-23,2023-08-23,EUR_INR,EUR,INR,90.7724,manual_uploaded_rates,manual
GBP_USD-2023-08-23,2023-08-23,GBP_USD,GBP,USD,1.275281,manual_uploaded_rates,manual
EUR_GBP-2023-08-23,2023-08-23,EUR_GBP,EUR,GBP,0.830416,manual_uploaded_rates,manual
EUR_USD-2023-08-23,2023-08-23,EUR_USD,EUR,USD,1.077563,manual_uploaded_rates,manual
USD_GBP-2023-08-23,2023-08-23,USD_GBP,USD,GBP,0.7711,manual_uploaded_rates,manual
GBP_EUR-2023-08-23,2023-08-23,GBP_EUR,GBP,EUR,1.166536,manual_uploaded_rates,manual
GBP_INR-2023-08-24,2023-08-24,GBP_INR,GBP,INR,107.1167,manual_uploaded_rates,manual
USD_INR-2023-08-24,2023-08-24,USD_INR,USD,INR,82.4818,manual_uploaded_rates,manual
EUR_INR-2023-08-24,2023-08-24,EUR_INR,EUR,INR,90.733,manual_uploaded_rates,manual
GBP_USD-2023-08-24,2023-08-24,GBP_USD,GBP,USD,1.274728,manual_uploaded_rates,manual
EUR_GBP-2023-08-24,2023-08-24,EUR_GBP,EUR,GBP,0.830056,manual_uploaded_rates,manual
EUR_USD-2023-08-24,2023-08-24,EUR_USD,EUR,USD,1.077096,manual_uploaded_rates,manual
USD_GBP-2023-08-24,2023-08-24,USD_GBP,USD,GBP,0.770766,manual_uploaded_rates,manual
GBP_EUR-2023-08-24,2023-08-24,GBP_EUR,GBP,EUR,1.16603,manual_uploaded_rates,manual
GBP_INR-2023-08-25,2023-08-25,GBP_INR,GBP,INR,107.0738,manual_uploaded_rates,manual
USD_INR-2023-08-25,2023-08-25,USD_INR,USD,INR,82.4488,manual_uploaded_rates,manual
EUR_INR-2023-08-25,2023-08-25,EUR_INR,EUR,INR,90.6966,manual_uploaded_rates,manual
GBP_USD-2023-08-25,2023-08-25,GBP_USD,GBP,USD,1.274217,manual_uploaded_rates,manual
EUR_GBP-2023-08-25,2023-08-25,EUR_GBP,EUR,GBP,0.829723,manual_uploaded_rates,manual
EUR_USD-2023-08-25,2023-08-25,EUR_USD,EUR,USD,1.076664,manual_uploaded_rates,manual
USD_GBP-2023-08-25,2023-08-25,USD_GBP,USD,GBP,0.770457,manual_uploaded_rates,manual
GBP_EUR-2023-08-25,2023-08-25,GBP_EUR,GBP,EUR,1.165563,manual_uploaded_rates,manual
GBP_INR-2023-08-26,2023-08-26,GBP_INR,GBP,INR,107.035,manual_uploaded_rates,manual
USD_INR-2023-08-26,2023-08-26,USD_INR,USD,INR,82.4189,manual_uploaded_rates,manual
EUR_INR-2023-08-26,2023-08-26,EUR_INR,EUR,INR,90.6638,manual_uploaded_rates,manual
GBP_USD-2023-08-26,2023-08-26,GBP_USD,GBP,USD,1.273756,manual_uploaded_rates,manual
EUR_GBP-2023-08-26,2023-08-26,EUR_GBP,EUR,GBP,0.829423,manual_uploaded_rates,manual
EUR_USD-2023-08-26,2023-08-26,EUR_USD,EUR,USD,1.076274,manual_uploaded_rates,manual
USD_GBP-2023-08-26,2023-08-26,USD_GBP,USD,GBP,0.770178,manual_uploaded_rates,manual
GBP_EUR-2023-08-26,2023-08-26,GBP_EUR,GBP,EUR,1.165141,manual_uploaded_rates,manual
GBP_INR-2023-08-27,2023-08-27,GBP_INR,GBP,INR,107.0009,manual_uploaded_rates,manual
USD_INR-2023-08-27,2023-08-27,USD_INR,USD,INR,82.3927,manual_uploaded_rates,manual
EUR_INR-2023-08-27,2023-08-27,EUR_INR,EUR,INR,90.6349,manual_uploaded_rates,manual
GBP_USD-2023-08-27,2023-08-27,GBP_USD,GBP,USD,1.273351,manual_uploaded_rates,manual
EUR_GBP-2023-08-27,2023-08-27,EUR_GBP,EUR,GBP,0.829158,manual_uploaded_rates,manual
EUR_USD-2023-08-27,2023-08-27,EUR_USD,EUR,USD,1.075932,manual_uploaded_rates,manual
USD_GBP-2023-08-27,2023-08-27,USD_GBP,USD,GBP,0.769933,manual_uploaded_rates,manual
GBP_EUR-2023-08-27,2023-08-27,GBP_EUR,GBP,EUR,1.16477,manual_uploaded_rates,manual
GBP_INR-2023-08-28,2023-08-28,GBP_INR,GBP,INR,106.9719,manual_uploaded_rates,manual
USD_INR-2023-08-28,2023-08-28,USD_INR,USD,INR,82.3704,manual_uploaded_rates,manual
EUR_INR-2023-08-28,2023-08-28,EUR_INR,EUR,INR,90.6104,manual_uploaded_rates,manual
GBP_USD-2023-08-28,2023-08-28,GBP_USD,GBP,USD,1.273006,manual_uploaded_rates,manual
EUR_GBP-2023-08-28,2023-08-28,EUR_GBP,EUR,GBP,0.828934,manual_uploaded_rates,manual
EUR_USD-2023-08-28,2023-08-28,EUR_USD,EUR,USD,1.07564,manual_uploaded_rates,manual
USD_GBP-2023-08-28,2023-08-28,USD_GBP,USD,GBP,0.769724,manual_uploaded_rates,manual
GBP_EUR-2023-08-28,2023-08-28,GBP_EUR,GBP,EUR,1.164455,manual_uploaded_rates,manual
GBP_INR-2023-08-29,2023-08-29,GBP_INR,GBP,INR,106.9483,manual_uploaded_rates,manual
USD_INR-2023-08-29,2023-08-29,USD_INR,USD,INR,82.3522,manual_uploaded_rates,manual
EUR_INR-2023-08-29,2023-08-29,EUR_INR,EUR,INR,90.5904,manual_uploaded_rates,manual
GBP_USD-2023-08-29,2023-08-29,GBP_USD,GBP,USD,1.272724,manual_uploaded_rates,manual
EUR_GBP-2023-08-29,2023-08-29,EUR_GBP,EUR,GBP,0.828751,manual_uploaded_rates,manual
EUR_USD-2023-08-29,2023-08-29,EUR_USD,EUR,USD,1.075403,manual_uploaded_rates,manual
USD_GBP-2023-08-29,2023-08-29,USD_GBP,USD,GBP,0.769554,manual_uploaded_rates,manual
GBP_EUR-2023-08-29,2023-08-29,GBP_EUR,GBP,EUR,1.164198,manual_uploaded_rates,manual
GBP_INR-2023-08-30,2023-08-30,GBP_INR,GBP,INR,106.9302,manual_uploaded_rates,manual
USD_INR-2023-08-30,2023-08-30,USD_INR,USD,INR,82.3382,manual_uploaded_rates,manual
EUR_INR-2023-08-30,2023-08-30,EUR_INR,EUR,INR,90.575,manual_uploaded_rates,manual
GBP_USD-2023-08-30,2023-08-30,GBP_USD,GBP,USD,1.272509,manual_uploaded_rates,manual
EUR_GBP-2023-08-30,2023-08-30,EUR_GBP,EUR,GBP,0.828611,manual_uploaded_rates,manual
EUR_USD-2023-08-30,2023-08-30,EUR_USD,EUR,USD,1.075221,manual_uploaded_rates,manual
USD_GBP-2023-08-30,2023-08-30,USD_GBP,USD,GBP,0.769424,manual_uploaded_rates,manual
GBP_EUR-2023-08-30,2023-08-30,GBP_EUR,GBP,EUR,1.164001,manual_uploaded_rates,manual
GBP_INR-2023-08-31,2023-08-31,GBP_INR,GBP,INR,106.9177,manual_uploaded_rates,manual
USD_INR-2023-08-31,2023-08-31,USD_INR,USD,INR,82.3286,manual_uploaded_rates,manual
EUR_INR-2023-08-31,2023-08-31,EUR_INR,EUR,INR,90.5644,manual_uploaded_rates,manual
GBP_USD-2023-08-31,2023-08-31,GBP_USD,GBP,USD,1.27236,manual_uploaded_rates,manual
EUR_GBP-2023-08-31,2023-08-31,EUR_GBP,EUR,GBP,0.828513,manual_uploaded_rates,manual
EUR_USD-2023-08-31,2023-08-31,EUR_USD,EUR,USD,1.075095,manual_uploaded_rates,manual
USD_GBP-2023-08-31,2023-08-31,USD_GBP,USD,GBP,0.769334,manual_uploaded_rates,manual
GBP_EUR-2023-08-31,2023-08-31,GBP_EUR,GBP,EUR,1.163864,manual_uploaded_rates,manual
GBP_INR-2023-09-01,2023-09-01,GBP_INR,GBP,INR,106.9106,manual_uploaded_rates,manual
USD_INR-2023-09-01,2023-09-01,USD_INR,USD,INR,82.3231,manual_uploaded_rates,manual
EUR_INR-2023-09-01,2023-09-01,EUR_INR,EUR,INR,90.5584,manual_uploaded_rates,manual
GBP_USD-2023-09-01,2023-09-01,GBP_USD,GBP,USD,1.272275,manual_uploaded_rates,manual
EUR_GBP-2023-09-01,2023-09-01,EUR_GBP,EUR,GBP,0.828458,manual_uploaded_rates,manual
EUR_USD-2023-09-01,2023-09-01,EUR_USD,EUR,USD,1.075023,manual_uploaded_rates,manual
USD_GBP-2023-09-01,2023-09-01,USD_GBP,USD,GBP,0.769283,manual_uploaded_rates,manual
GBP_EUR-2023-09-01,2023-09-01,GBP_EUR,GBP,EUR,1.163787,manual_uploaded_rates,manual
GBP_INR-2023-09-02,2023-09-02,GBP_INR,GBP,INR,106.9087,manual_uploaded_rates,manual
USD_INR-2023-09-02,2023-09-02,USD_INR,USD,INR,82.3217,manual_uploaded_rates,manual
EUR_INR-2023-09-02,2023-09-02,EUR_INR,EUR,INR,90.5568,manual_uploaded_rates,manual
GBP_USD-2023-09-02,2023-09-02,GBP_USD,GBP,USD,1.272253,manual_uploaded_rates,manual
EUR_GBP-2023-09-02,2023-09-02,EUR_GBP,EUR,GBP,0.828444,manual_uploaded_rates,manual
EUR_USD-2023-09-02,2023-09-02,EUR_USD,EUR,USD,1.075005,manual_uploaded_rates,manual
USD_GBP-2023-09-02,2023-09-02,USD_GBP,USD,GBP,0.769269,manual_uploaded_rates,manual
GBP_EUR-2023-09-02,2023-09-02,GBP_EUR,GBP,EUR,1.163766,manual_uploaded_rates,manual
GBP_INR-2023-09-03,2023-09-03,GBP_INR,GBP,INR,106.9117,manual_uploaded_rates,manual
USD_INR-2023-09-03,2023-09-03,USD_INR,USD,INR,82.324,manual_uploaded_rates,manual
EUR_INR-2023-09-03,2023-09-03,EUR_INR,EUR,INR,90.5594,manual_uploaded_rates,manual
GBP_USD-2023-09-03,2023-09-03,GBP_USD,GBP,USD,1.272289,manual_uploaded_rates,manual
EUR_GBP-2023-09-03,2023-09-03,EUR_GBP,EUR,GBP,0.828467,manual_uploaded_rates,manual
EUR_USD-2023-09-03,2023-09-03,EUR_USD,EUR,USD,1.075035,manual_uploaded_rates,manual
USD_GBP-2023-09-03,2023-09-03,USD_GBP,USD,GBP,0.769291,manual_uploaded_rates,manual
GBP_EUR-2023-09-03,2023-09-03,GBP_EUR,GBP,EUR,1.163799,manual_uploaded_rates,manual
GBP_INR-2023-09-04,2023-09-04,GBP_INR,GBP,INR,106.9191,manual_uploaded_rates,manual
USD_INR-2023-09-04,2023-09-04,USD_INR,USD,INR,82.3297,manual_uploaded_rates,manual
EUR_INR-2023-09-04,2023-09-04,EUR_INR,EUR,INR,90.5656,manual_uploaded_rates,manual
GBP_USD-2023-09-04,2023-09-04,GBP_USD,GBP,USD,1.272377,manual_uploaded_rates,manual
EUR_GBP-2023-09-04,2023-09-04,EUR_GBP,EUR,GBP,0.828525,manual_uploaded_rates,manual
EUR_USD-2023-09-04,2023-09-04,EUR_USD,EUR,USD,1.075109,manual_uploaded_rates,manual
USD_GBP-2023-09-04,2023-09-04,USD_GBP,USD,GBP,0.769344,manual_uploaded_rates,manual
GBP_EUR-2023-09-04,2023-09-04,GBP_EUR,GBP,EUR,1.16388,manual_uploaded_rates,manual
GBP_INR-2023-09-05,2023-09-05,GBP_INR,GBP,INR,106.9303,manual_uploaded_rates,manual
USD_INR-2023-09-05,2023-09-05,USD_INR,USD,INR,82.3383,manual_uploaded_rates,manual
EUR_INR-2023-09-05,2023-09-05,EUR_INR,EUR,INR,90.5751,manual_uploaded_rates,manual
GBP_USD-2023-09-05,2023-09-05,GBP_USD,GBP,USD,1.27251,manual_uploaded_rates,manual
EUR_GBP-2023-09-05,2023-09-05,EUR_GBP,EUR,GBP,0.828611,manual_uploaded_rates,manual
EUR_USD-2023-09-05,2023-09-05,EUR_USD,EUR,USD,1.075222,manual_uploaded_rates,manual
USD_GBP-2023-09-05,2023-09-05,USD_GBP,USD,GBP,0.769425,manual_uploaded_rates,manual
GBP_EUR-2023-09-05,2023-09-05,GBP_EUR,GBP,EUR,1.164002,manual_uploaded_rates,manual
GBP_INR-2023-09-06,2023-09-06,GBP_INR,GBP,INR,106.9447,manual_uploaded_rates,manual
USD_INR-2023-09-06,2023-09-06,USD_INR,USD,INR,82.3494,manual_uploaded_rates,manual
EUR_INR-2023-09-06,2023-09-06,EUR_INR,EUR,INR,90.5873,manual_uploaded_rates,manual
GBP_USD-2023-09-06,2023-09-06,GBP_USD,GBP,USD,1.272681,manual_uploaded_rates,manual
EUR_GBP-2023-09-06,2023-09-06,EUR_GBP,EUR,GBP,0.828723,manual_uploaded_rates,manual
EUR_USD-2023-09-06,2023-09-06,EUR_USD,EUR,USD,1.075366,manual_uploaded_rates,manual
USD_GBP-2023-09-06,2023-09-06,USD_GBP,USD,GBP,0.769528,manual_uploaded_rates,manual
GBP_EUR-2023-09-06,2023-09-06,GBP_EUR,GBP,EUR,1.164158,manual_uploaded_rates,manual
GBP_INR-2023-09-07,2023-09-07,GBP_INR,GBP,INR,106.9614,manual_uploaded_rates,manual
USD_INR-2023-09-07,2023-09-07,USD_INR,USD,INR,82.3623,manual_uploaded_rates,manual
EUR_INR-2023-09-07,2023-09-07,EUR_INR,EUR,INR,90.6015,manual_uploaded_rates,manual
GBP_USD-2023-09-07,2023-09-07,GBP_USD,GBP,USD,1.27288,manual_uploaded_rates,manual
EUR_GBP-2023-09-07,2023-09-07,EUR_GBP,EUR,GBP,0.828852,manual_uploaded_rates,manual
EUR_USD-2023-09-07,2023-09-07,EUR_USD,EUR,USD,1.075535,manual_uploaded_rates,manual
USD_GBP-2023-09-07,2023-09-07,USD_GBP,USD,GBP,0.769649,manual_uploaded_rates,manual
GBP_EUR-2023-09-07,2023-09-07,GBP_EUR,GBP,EUR,1.16434,manual_uploaded_rates,manual
GBP_INR-2023-09-08,2023-09-08,GBP_INR,GBP,INR,106.9797,manual_uploaded_rates,manual
USD_INR-2023-09-08,2023-09-08,USD_INR,USD,INR,82.3764,manual_uploaded_rates,manual
EUR_INR-2023-09-08,2023-09-08,EUR_INR,EUR,INR,90.617,manual_uploaded_rates,manual
GBP_USD-2023-09-08,2023-09-08,GBP_USD,GBP,USD,1.273098,manual_uploaded_rates,manual
EUR_GBP-2023-09-08,2023-09-08,EUR_GBP,EUR,GBP,0.828994,manual_uploaded_rates,manual
EUR_USD-2023-09-08,2023-09-08,EUR_USD,EUR,USD,1.075719,manual_uploaded_rates,manual
USD_GBP-2023-09-08,2023-09-08,USD_GBP,USD,GBP,0.76978,manual_uploaded_rates,manual
GBP_EUR-2023-09-08,2023-09-08,GBP_EUR,GBP,EUR,1.164539,manual_uploaded_rates,manual
GBP_INR-2023-09-09,2023-09-09,GBP_INR,GBP,INR,106.9987,manual_uploaded_rates,manual
USD_INR-2023-09-09,2023-09-09,USD_INR,USD,INR,82.391,manual_uploaded_rates,manual
EUR_INR-2023-09-09,2023-09-09,EUR_INR,EUR,INR,90.633,manual_uploaded_rates,manual
GBP_USD-2023-09-09,2023-09-09,GBP_USD,GBP,USD,1.273324,manual_uploaded_rates,manual
EUR_GBP-2023-09-09,2023-09-09,EUR_GBP,EUR,GBP,0.829141,manual_uploaded_rates,manual
EUR_USD-2023-09-09,2023-09-09,EUR_USD,EUR,USD,1.075909,manual_uploaded_rates,manual
USD_GBP-2023-09-09,2023-09-09,USD_GBP,USD,GBP,0.769917,manual_uploaded_rates,manual
GBP_EUR-2023-09-09,2023-09-09,GBP_EUR,GBP,EUR,1.164746,manual_uploaded_rates,manual
GBP_INR-2023-09-10,2023-09-10,GBP_INR,GBP,INR,107.0175,manual_uploaded_rates,manual
USD_INR-2023-09-10,2023-09-10,USD_INR,USD,INR,82.4054,manual_uploaded_rates,manual
EUR_INR-2023-09-10,2023-09-10,EUR_INR,EUR,INR,90.6489,manual_uploaded_rates,manual
GBP_USD-2023-09-10,2023-09-10,GBP_USD,GBP,USD,1.273547,manual_uploaded_rates,manual
EUR_GBP-2023-09-10,2023-09-10,EUR_GBP,EUR,GBP,0.829287,manual_uploaded_rates,manual
EUR_USD-2023-09-10,2023-09-10,EUR_USD,EUR,USD,1.076098,manual_uploaded_rates,manual
USD_GBP-2023-09-10,2023-09-10,USD_GBP,USD,GBP,0.770052,manual_uploaded_rates,manual
GBP_EUR-2023-09-10,2023-09-10,GBP_EUR,GBP,EUR,1.16495,manual_uploaded_rates,manual
GBP_INR-2023-09-11,2023-09-11,GBP_INR,GBP,INR,107.0351,manual_uploaded_rates,manual
USD_INR-2023-09-11,2023-09-11,USD_INR,USD,INR,82.419,manual_uploaded_rates,manual
EUR_INR-2023-09-11,2023-09-11,EUR_INR,EUR,INR,90.6638,manual_uploaded_rates,manual
GBP_USD-2023-09-11,2023-09-11,GBP_USD,GBP,USD,1.273757,manual_uploaded_rates,manual
EUR_GBP-2023-09-11,2023-09-11,EUR_GBP,EUR,GBP,0.829423,manual_uploaded_rates,manual
EUR_USD-2023-09-11,2023-09-11,EUR_USD,EUR,USD,1.076275,manual_uploaded_rates,manual
USD_GBP-2023-09-11,2023-09-11,USD_GBP,USD,GBP,0.770178,manual_uploaded_rates,manual
GBP_EUR-2023-09-11,2023-09-11,GBP_EUR,GBP,EUR,1.165142,manual_uploaded_rates,manual
GBP_INR-2023-09-12,2023-09-12,GBP_INR,GBP,INR,107.0506,manual_uploaded_rates,manual
USD_INR-2023-09-12,2023-09-12,USD_INR,USD,INR,82.4309,manual_uploaded_rates,manual
EUR_INR-2023-09-12,2023-09-12,EUR_INR,EUR,INR,90.677,manual_uploaded_rates,manual
GBP_USD-2023-09-12,2023-09-12,GBP_USD,GBP,USD,1.273941,manual_uploaded_rates,manual
EUR_GBP-2023-09-12,2023-09-12,EUR_GBP,EUR,GBP,0.829543,manual_uploaded_rates,manual
EUR_USD-2023-09-12,2023-09-12,EUR_USD,EUR,USD,1.076431,manual_uploaded_rates,manual
USD_GBP-2023-09-12,2023-09-12,USD_GBP,USD,GBP,0.77029,manual_uploaded_rates,manual
GBP_EUR-2023-09-12,2023-09-12,GBP_EUR,GBP,EUR,1.165311,manual_uploaded_rates,manual
GBP_INR-2023-09-13,2023-09-13,GBP_INR,GBP,INR,107.0632,manual_uploaded_rates,manual
USD_INR-2023-09-13,2023-09-13,USD_INR,USD,INR,82.4406,manual_uploaded_rates,manual
EUR_INR-2023-09-13,2023-09-13,EUR_INR,EUR,INR,90.6876,manual_uploaded_rates,manual
GBP_USD-2023-09-13,2023-09-13,GBP_USD,GBP,USD,1.274091,manual_uploaded_rates,manual
EUR_GBP-2023-09-13,2023-09-13,EUR_GBP,EUR,GBP,0.829641,manual_uploaded_rates,manual
EUR_USD-2023-09-13,2023-09-13,EUR_USD,EUR,USD,1.076558,manual_uploaded_rates,manual
USD_GBP-2023-09-13,2023-09-13,USD_GBP,USD,GBP,0.770381,manual_uploaded_rates,manual
GBP_EUR-2023-09-13,2023-09-13,GBP_EUR,GBP,EUR,1.165448,manual_uploaded_rates,manual
GBP_INR-2023-09-14,2023-09-14,GBP_INR,GBP,INR,107.0719,manual_uploaded_rates,manual
USD_INR-2023-09-14,2023-09-14,USD_INR,USD,INR,82.4474,manual_uploaded_rates,manual
EUR_INR-2023-09-14,2023-09-14,EUR_INR,EUR,INR,90.6951,manual_uploaded_rates,manual
GBP_USD-2023-09-14,2023-09-14,GBP_USD,GBP,USD,1.274195,manual_uploaded_rates,manual
EUR_GBP-2023-09-14,2023-09-14,EUR_GBP,EUR,GBP,0.829709,manual_uploaded_rates,manual
EUR_USD-2023-09-14,2023-09-14,EUR_USD,EUR,USD,1.076646,manual_uploaded_rates,manual
USD_GBP-2023-09-14,2023-09-14,USD_GBP,USD,GBP,0.770444,manual_uploaded_rates,manual
GBP_EUR-2023-09-14,2023-09-14,GBP_EUR,GBP,EUR,1.165543,manual_uploaded_rates,manual
GBP_INR-2023-09-15,2023-09-15,GBP_INR,GBP,INR,107.0761,manual_uploaded_rates,manual
USD_INR-2023-09-15,2023-09-15,USD_INR,USD,INR,82.4506,manual_uploaded_rates,manual
EUR_INR-2023-09-15,2023-09-15,EUR_INR,EUR,INR,90.6986,manual_uploaded_rates,manual
GBP_USD-2023-09-15,2023-09-15,GBP_USD,GBP,USD,1.274245,manual_uploaded_rates,manual
EUR_GBP-2023-09-15,2023-09-15,EUR_GBP,EUR,GBP,0.829741,manual_uploaded_rates,manual
EUR_USD-2023-09-15,2023-09-15,EUR_USD,EUR,USD,1.076688,manual_uploaded_rates,manual
USD_GBP-2023-09-15,2023-09-15,USD_GBP,USD,GBP,0.770474,manual_uploaded_rates,manual
GBP_EUR-2023-09-15,2023-09-15,GBP_EUR,GBP,EUR,1.165589,manual_uploaded_rates,manual
GBP_INR-2023-09-16,2023-09-16,GBP_INR,GBP,INR,107.075,manual_uploaded_rates,manual
USD_INR-2023-09-16,2023-09-16,USD_INR,USD,INR,82.4497,manual_uploaded_rates,manual
EUR_INR-2023-09-16,2023-09-16,EUR_INR,EUR,INR,90.6977,manual_uploaded_rates,manual
GBP_USD-2023-09-16,2023-09-16,GBP_USD,GBP,USD,1.274232,manual_uploaded_rates,manual
EUR_GBP-2023-09-16,2023-09-16,EUR_GBP,EUR,GBP,0.829732,manual_uploaded_rates,manual
EUR_USD-2023-09-16,2023-09-16,EUR_USD,EUR,USD,1.076677,manual_uploaded_rates,manual
USD_GBP-2023-09-16,2023-09-16,USD_GBP,USD,GBP,0.770466,manual_uploaded_rates,manual
GBP_EUR-2023-09-16,2023-09-16,GBP_EUR,GBP,EUR,1.165576,manual_uploaded_rates,manual
GBP_INR-2023-09-17,2023-09-17,GBP_INR,GBP,INR,107.068,manual_uploaded_rates,manual
USD_INR-2023-09-17,2023-09-17,USD_INR,USD,INR,82.4443,manual_uploaded_rates,manual
EUR_INR-2023-09-17,2023-09-17,EUR_INR,EUR,INR,90.6917,manual_uploaded_rates,manual
GBP_USD-2023-09-17,2023-09-17,GBP_USD,GBP,USD,1.274148,manual_uploaded_rates,manual
EUR_GBP-2023-09-17,2023-09-17,EUR_GBP,EUR,GBP,0.829678,manual_uploaded_rates,manual
EUR_USD-2023-09-17,2023-09-17,EUR_USD,EUR,USD,1.076606,manual_uploaded_rates,manual
USD_GBP-2023-09-17,2023-09-17,USD_GBP,USD,GBP,0.770415,manual_uploaded_rates,manual
GBP_EUR-2023-09-17,2023-09-17,GBP_EUR,GBP,EUR,1.1655,manual_uploaded_rates,manual
GBP_INR-2023-09-18,2023-09-18,GBP_INR,GBP,INR,107.0545,manual_uploaded_rates,manual
USD_INR-2023-09-18,2023-09-18,USD_INR,USD,INR,82.4339,manual_uploaded_rates,manual
EUR_INR-2023-09-18,2023-09-18,EUR_INR,EUR,INR,90.6803,manual_uploaded_rates,manual
GBP_USD-2023-09-18,2023-09-18,GBP_USD,GBP,USD,1.273988,manual_uploaded_rates,manual
EUR_GBP-2023-09-18,2023-09-18,EUR_GBP,EUR,GBP,0.829574,manual_uploaded_rates,manual
EUR_USD-2023-09-18,2023-09-18,EUR_USD,EUR,USD,1.07647,manual_uploaded_rates,manual
USD_GBP-2023-09-18,2023-09-18,USD_GBP,USD,GBP,0.770318,manual_uploaded_rates,manual
GBP_EUR-2023-09-18,2023-09-18,GBP_EUR,GBP,EUR,1.165353,manual_uploaded_rates,manual
GBP_INR-2023-09-19,2023-09-19,GBP_INR,GBP,INR,107.0342,manual_uploaded_rates,manual
USD_INR-2023-09-19,2023-09-19,USD_INR,USD,INR,82.4183,manual_uploaded_rates,manual
EUR_INR-2023-09-19,2023-09-19,EUR_INR,EUR,INR,90.6631,manual_uploaded_rates,manual
GBP_USD-2023-09-19,2023-09-19,GBP_USD,GBP,USD,1.273747,manual_uploaded_rates,manual
EUR_GBP-2023-09-19,2023-09-19,EUR_GBP,EUR,GBP,0.829417,manual_uploaded_rates,manual
EUR_USD-2023-09-19,2023-09-19,EUR_USD,EUR,USD,1.076267,manual_uploaded_rates,manual
USD_GBP-2023-09-19,2023-09-19,USD_GBP,USD,GBP,0.770172,manual_uploaded_rates,manual
GBP_EUR-2023-09-19,2023-09-19,GBP_EUR,GBP,EUR,1.165133,manual_uploaded_rates,manual
GBP_INR-2023-09-20,2023-09-20,GBP_INR,GBP,INR,107.0069,manual_uploaded_rates,manual
USD_INR-2023-09-20,2023-09-20,USD_INR,USD,INR,82.3973,manual_uploaded_rates,manual
EUR_INR-2023-09-20,2023-09-20,EUR_INR,EUR,INR,90.64,manual_uploaded_rates,manual
GBP_USD-2023-09-20,2023-09-20,GBP_USD,GBP,USD,1.273421,manual_uploaded_rates,manual
EUR_GBP-2023-09-20,2023-09-20,EUR_GBP,EUR,GBP,0.829205,manual_uploaded_rates,manual
EUR_USD-2023-09-20,2023-09-20,EUR_USD,EUR,USD,1.075992,manual_uploaded_rates,manual
USD_GBP-2023-09-20,2023-09-20,USD_GBP,USD,GBP,0.769976,manual_uploaded_rates,manual
GBP_EUR-2023-09-20,2023-09-20,GBP_EUR,GBP,EUR,1.164835,manual_uploaded_rates,manual
GBP_INR-2023-09-21,2023-09-21,GBP_INR,GBP,INR,106.9723,manual_uploaded_rates,manual
USD_INR-2023-09-21,2023-09-21,USD_INR,USD,INR,82.3707,manual_uploaded_rates,manual
EUR_INR-2023-09-21,2023-09-21,EUR_INR,EUR,INR,90.6107,manual_uploaded_rates,manual
GBP_USD-2023-09-21,2023-09-21,GBP_USD,GBP,USD,1.27301,manual_uploaded_rates,manual
EUR_GBP-2023-09-21,2023-09-21,EUR_GBP,EUR,GBP,0.828937,manual_uploaded_rates,manual
EUR_USD-2023-09-21,2023-09-21,EUR_USD,EUR,USD,1.075644,manual_uploaded_rates,manual
USD_GBP-2023-09-21,2023-09-21,USD_GBP,USD,GBP,0.769727,manual_uploaded_rates,manual
GBP_EUR-2023-09-21,2023-09-21,GBP_EUR,GBP,EUR,1.164459,manual_uploaded_rates,manual
GBP_INR-2023-09-22,2023-09-22,GBP_INR,GBP,INR,106.9306,manual_uploaded_rates,manual
USD_INR-2023-09-22,2023-09-22,USD_INR,USD,INR,82.3385,manual_uploaded_rates,manual
EUR_INR-2023-09-22,2023-09-22,EUR_INR,EUR,INR,90.5753,manual_uploaded_rates,manual
GBP_USD-2023-09-22,2023-09-22,GBP_USD,GBP,USD,1.272514,manual_uploaded_rates,manual
EUR_GBP-2023-09-22,2023-09-22,EUR_GBP,EUR,GBP,0.828613,manual_uploaded_rates,manual
EUR_USD-2023-09-22,2023-09-22,EUR_USD,EUR,USD,1.075225,manual_uploaded_rates,manual
USD_GBP-2023-09-22,2023-09-22,USD_GBP,USD,GBP,0.769427,manual_uploaded_rates,manual
GBP_EUR-2023-09-22,2023-09-22,GBP_EUR,GBP,EUR,1.164005,manual_uploaded_rates,manual
GBP_INR-2023-09-23,2023-09-23,GBP_INR,GBP,INR,106.8818,manual_uploaded_rates,manual
USD_INR-2023-09-23,2023-09-23,USD_INR,USD,INR,82.301,manual_uploaded_rates,manual
EUR_INR-2023-09-23,2023-09-23,EUR_INR,EUR,INR,90.534,manual_uploaded_rates,manual
GBP_USD-2023-09-23,2023-09-23,GBP_USD,GBP,USD,1.271933,manual_uploaded_rates,manual
EUR_GBP-2023-09-23,2023-09-23,EUR_GBP,EUR,GBP,0.828235,manual_uploaded_rates,manual
EUR_USD-2023-09-23,2023-09-23,EUR_USD,EUR,USD,1.074734,manual_uploaded_rates,manual
USD_GBP-2023-09-23,2023-09-23,USD_GBP,USD,GBP,0.769076,manual_uploaded_rates,manual
GBP_EUR-2023-09-23,2023-09-23,GBP_EUR,GBP,EUR,1.163474,manual_uploaded_rates,manual
GBP_INR-2023-09-24,2023-09-24,GBP_INR,GBP,INR,106.8262,manual_uploaded_rates,manual
USD_INR-2023-09-24,2023-09-24,USD_INR,USD,INR,82.2582,manual_uploaded_rates,manual
EUR_INR-2023-09-24,2023-09-24,EUR_INR,EUR,INR,90.487,manual_uploaded_rates,manual
GBP_USD-2023-09-24,2023-09-24,GBP_USD,GBP,USD,1.271272,manual_uploaded_rates,manual
EUR_GBP-2023-09-24,2023-09-24,EUR_GBP,EUR,GBP,0.827805,manual_uploaded_rates,manual
EUR_USD-2023-09-24,2023-09-24,EUR_USD,EUR,USD,1.074175,manual_uploaded_rates,manual
USD_GBP-2023-09-24,2023-09-24,USD_GBP,USD,GBP,0.768676,manual_uploaded_rates,manual
GBP_EUR-2023-09-24,2023-09-24,GBP_EUR,GBP,EUR,1.162869,manual_uploaded_rates,manual
GBP_INR-2023-09-25,2023-09-25,GBP_INR,GBP,INR,106.7643,manual_uploaded_rates,manual
USD_INR-2023-09-25,2023-09-25,USD_INR,USD,INR,82.2105,manual_uploaded_rates,manual
EUR_INR-2023-09-25,2023-09-25,EUR_INR,EUR,INR,90.4345,manual_uploaded_rates,manual
GBP_USD-2023-09-25,2023-09-25,GBP_USD,GBP,USD,1.270535,manual_uploaded_rates,manual
EUR_GBP-2023-09-25,2023-09-25,EUR_GBP,EUR,GBP,0.827325,manual_uploaded_rates,manual
EUR_USD-2023-09-25,2023-09-25,EUR_USD,EUR,USD,1.073553,manual_uploaded_rates,manual
USD_GBP-2023-09-25,2023-09-25,USD_GBP,USD,GBP,0.76823,manual_uploaded_rates,manual
GBP_EUR-2023-09-25,2023-09-25,GBP_EUR,GBP,EUR,1.162195,manual_uploaded_rates,manual
GBP_INR-2023-09-26,2023-09-26,GBP_INR,GBP,INR,106.6966,manual_uploaded_rates,manual
USD_INR-2023-09-26,2023-09-26,USD_INR,USD,INR,82.1583,manual_uploaded_rates,manual
EUR_INR-2023-09-26,2023-09-26,EUR_INR,EUR,INR,90.3771,manual_uploaded_rates,manual
GBP_USD-2023-09-26,2023-09-26,GBP_USD,GBP,USD,1.269729,manual_uploaded_rates,manual
EUR_GBP-2023-09-26,2023-09-26,EUR_GBP,EUR,GBP,0.8268,manual_uploaded_rates,manual
EUR_USD-2023-09-26,2023-09-26,EUR_USD,EUR,USD,1.072872,manual_uploaded_rates,manual
USD_GBP-2023-09-26,2023-09-26,USD_GBP,USD,GBP,0.767743,manual_uploaded_rates,manual
GBP_EUR-2023-09-26,2023-09-26,GBP_EUR,GBP,EUR,1.161457,manual_uploaded_rates,manual
GBP_INR-2023-09-27,2023-09-27,GBP_INR,GBP,INR,106.6237,manual_uploaded_rates,manual
USD_INR-2023-09-27,2023-09-27,USD_INR,USD,INR,82.1022,manual_uploaded_rates,manual
EUR_INR-2023-09-27,2023-09-27,EUR_INR,EUR,INR,90.3154,manual_uploaded_rates,manual
GBP_USD-2023-09-27,2023-09-27,GBP_USD,GBP,USD,1.268861,manual_uploaded_rates,manual
EUR_GBP-2023-09-27,2023-09-27,EUR_GBP,EUR,GBP,0.826235,manual_uploaded_rates,manual
EUR_USD-2023-09-27,2023-09-27,EUR_USD,EUR,USD,1.072139,manual_uploaded_rates,manual
USD_GBP-2023-09-27,2023-09-27,USD_GBP,USD,GBP,0.767218,manual_uploaded_rates,manual
GBP_EUR-2023-09-27,2023-09-27,GBP_EUR,GBP,EUR,1.160664,manual_uploaded_rates,manual
GBP_INR-2023-09-28,2023-09-28,GBP_INR,GBP,INR,106.5464,manual_uploaded_rates,manual
USD_INR-2023-09-28,2023-09-28,USD_INR,USD,INR,82.0427,manual_uploaded_rates,manual
EUR_INR-2023-09-28,2023-09-28,EUR_INR,EUR,INR,90.2499,manual_uploaded_rates,manual
GBP_USD-2023-09-28,2023-09-28,GBP_USD,GBP,USD,1.267941,manual_uploaded_rates,manual
EUR_GBP-2023-09-28,2023-09-28,EUR_GBP,EUR,GBP,0.825636,manual_uploaded_rates,manual
EUR_USD-2023-09-28,2023-09-28,EUR_USD,EUR,USD,1.071361,manual_uploaded_rates,manual
USD_GBP-2023-09-28,2023-09-28,USD_GBP,USD,GBP,0.766662,manual_uploaded_rates,manual
GBP_EUR-2023-09-28,2023-09-28,GBP_EUR,GBP,EUR,1.159822,manual_uploaded_rates,manual
GBP_INR-2023-09-29,2023-09-29,GBP_INR,GBP,INR,106.4655,manual_uploaded_rates,manual
USD_INR-2023-09-29,2023-09-29,USD_INR,USD,INR,81.9804,manual_uploaded_rates,manual
EUR_INR-2023-09-29,2023-09-29,EUR_INR,EUR,INR,90.1814,manual_uploaded_rates,manual
GBP_USD-2023-09-29,2023-09-29,GBP_USD,GBP,USD,1.266979,manual_uploaded_rates,manual
EUR_GBP-2023-09-29,2023-09-29,EUR_GBP,EUR,GBP,0.825009,manual_uploaded_rates,manual
EUR_USD-2023-09-29,2023-09-29,EUR_USD,EUR,USD,1.070548,manual_uploaded_rates,manual
USD_GBP-2023-09-29,2023-09-29,USD_GBP,USD,GBP,0.76608,manual_uploaded_rates,manual
GBP_EUR-2023-09-29,2023-09-29,GBP_EUR,GBP,EUR,1.158942,manual_uploaded_rates,manual
GBP_INR-2023-09-30,2023-09-30,GBP_INR,GBP,INR,106.3819,manual_uploaded_rates,manual
USD_INR-2023-09-30,2023-09-30,USD_INR,USD,INR,81.9161,manual_uploaded_rates,manual
EUR_INR-2023-09-30,2023-09-30,EUR_INR,EUR,INR,90.1106,manual_uploaded_rates,manual
GBP_USD-2023-09-30,2023-09-30,GBP_USD,GBP,USD,1.265984,manual_uploaded_rates,manual
EUR_GBP-2023-09-30,2023-09-30,EUR_GBP,EUR,GBP,0.824362,manual_uploaded_rates,manual
EUR_USD-2023-09-30,2023-09-30,EUR_USD,EUR,USD,1.069708,manual_uploaded_rates,manual
USD_GBP-2023-09-30,2023-09-30,USD_GBP,USD,GBP,0.765479,manual_uploaded_rates,manual
GBP_EUR-2023-09-30,2023-09-30,GBP_EUR,GBP,EUR,1.158032,manual_uploaded_rates,manual
GBP_INR-2023-10-01,2023-10-01,GBP_INR,GBP,INR,106.2967,manual_uploaded_rates,manual
USD_INR-2023-10-01,2023-10-01,USD_INR,USD,INR,81.8504,manual_uploaded_rates,manual
EUR_INR-2023-10-01,2023-10-01,EUR_INR,EUR,INR,90.0384,manual_uploaded_rates,manual
GBP_USD-2023-10-01,2023-10-01,GBP_USD,GBP,USD,1.26497,manual_uploaded_rates,manual
EUR_GBP-2023-10-01,2023-10-01,EUR_GBP,EUR,GBP,0.823701,manual_uploaded_rates,manual
EUR_USD-2023-10-01,2023-10-01,EUR_USD,EUR,USD,1.068851,manual_uploaded_rates,manual
USD_GBP-2023-10-01,2023-10-01,USD_GBP,USD,GBP,0.764866,manual_uploaded_rates,manual
GBP_EUR-2023-10-01,2023-10-01,GBP_EUR,GBP,EUR,1.157104,manual_uploaded_rates,manual
GBP_INR-2023-10-02,2023-10-02,GBP_INR,GBP,INR,106.2108,manual_uploaded_rates,manual
USD_INR-2023-10-02,2023-10-02,USD_INR,USD,INR,81.7843,manual_uploaded_rates,manual
EUR_INR-2023-10-02,2023-10-02,EUR_INR,EUR,INR,89.9657,manual_uploaded_rates,manual
GBP_USD-2023-10-02,2023-10-02,GBP_USD,GBP,USD,1.263948,manual_uploaded_rates,manual
EUR_GBP-2023-10-02,2023-10-02,EUR_GBP,EUR,GBP,0.823036,manual_uploaded_rates,manual
EUR_USD-2023-10-02,2023-10-02,EUR_USD,EUR,USD,1.067987,manual_uploaded_rates,manual
USD_GBP-2023-10-02,2023-10-02,USD_GBP,USD,GBP,0.764248,manual_uploaded_rates,manual
GBP_EUR-2023-10-02,2023-10-02,GBP_EUR,GBP,EUR,1.156169,manual_uploaded_rates,manual
GBP_INR-2023-10-03,2023-10-03,GBP_INR,GBP,INR,106.1253,manual_uploaded_rates,manual
USD_INR-2023-10-03,2023-10-03,USD_INR,USD,INR,81.7184,manual_uploaded_rates,manual
EUR_INR-2023-10-03,2023-10-03,EUR_INR,EUR,INR,89.8932,manual_uploaded_rates,manual
GBP_USD-2023-10-03,2023-10-03,GBP_USD,GBP,USD,1.26293,manual_uploaded_rates,manual
EUR_GBP-2023-10-03,2023-10-03,EUR_GBP,EUR,GBP,0.822373,manual_uploaded_rates,manual
EUR_USD-2023-10-03,2023-10-03,EUR_USD,EUR,USD,1.067127,manual_uploaded_rates,manual
USD_GBP-2023-10-03,2023-10-03,USD_GBP,USD,GBP,0.763632,manual_uploaded_rates,manual
GBP_EUR-2023-10-03,2023-10-03,GBP_EUR,GBP,EUR,1.155238,manual_uploaded_rates,manual
GBP_INR-2023-10-04,2023-10-04,GBP_INR,GBP,INR,106.0411,manual_uploaded_rates,manual
USD_INR-2023-10-04,2023-10-04,USD_INR,USD,INR,81.6536,manual_uploaded_rates,manual
EUR_INR-2023-10-04,2023-10-04,EUR_INR,EUR,INR,89.8219,manual_uploaded_rates,manual
GBP_USD-2023-10-04,2023-10-04,GBP_USD,GBP,USD,1.261928,manual_uploaded_rates,manual
EUR_GBP-2023-10-04,2023-10-04,EUR_GBP,EUR,GBP,0.821721,manual_uploaded_rates,manual
EUR_USD-2023-10-04,2023-10-04,EUR_USD,EUR,USD,1.06628,manual_uploaded_rates,manual
USD_GBP-2023-10-04,2023-10-04,USD_GBP,USD,GBP,0.763026,manual_uploaded_rates,manual
GBP_EUR-2023-10-04,2023-10-04,GBP_EUR,GBP,EUR,1.154322,manual_uploaded_rates,manual
GBP_INR-2023-10-05,2023-10-05,GBP_INR,GBP,INR,105.9593,manual_uploaded_rates,manual
USD_INR-2023-10-05,2023-10-05,USD_INR,USD,INR,81.5906,manual_uploaded_rates,manual
EUR_INR-2023-10-05,2023-10-05,EUR_INR,EUR,INR,89.7526,manual_uploaded_rates,manual
GBP_USD-2023-10-05,2023-10-05,GBP_USD,GBP,USD,1.260955,manual_uploaded_rates,manual
EUR_GBP-2023-10-05,2023-10-05,EUR_GBP,EUR,GBP,0.821087,manual_uploaded_rates,manual
EUR_USD-2023-10-05,2023-10-05,EUR_USD,EUR,USD,1.065458,manual_uploaded_rates,manual
USD_GBP-2023-10-05,2023-10-05,USD_GBP,USD,GBP,0.762438,manual_uploaded_rates,manual
GBP_EUR-2023-10-05,2023-10-05,GBP_EUR,GBP,EUR,1.153432,manual_uploaded_rates,manual
GBP_INR-2023-10-06,2023-10-06,GBP_INR,GBP,INR,105.8809,manual_uploaded_rates,manual
USD_INR-2023-10-06,2023-10-06,USD_INR,USD,INR,81.5302,manual_uploaded_rates,manual
EUR_INR-2023-10-06,2023-10-06,EUR_INR,EUR,INR,89.6862,manual_uploaded_rates,manual
GBP_USD-2023-10-06,2023-10-06,GBP_USD,GBP,USD,1.260021,manual_uploaded_rates,manual
EUR_GBP-2023-10-06,2023-10-06,EUR_GBP,EUR,GBP,0.820479,manual_uploaded_rates,manual
EUR_USD-2023-10-06,2023-10-06,EUR_USD,EUR,USD,1.064669,manual_uploaded_rates,manual
USD_GBP-2023-10-06,2023-10-06,USD_GBP,USD,GBP,0.761873,manual_uploaded_rates,manual
GBP_EUR-2023-10-06,2023-10-06,GBP_EUR,GBP,EUR,1.152578,manual_uploaded_rates,manual
GBP_INR-2023-10-07,2023-10-07,GBP_INR,GBP,INR,105.8067,manual_uploaded_rates,manual
USD_INR-2023-10-07,2023-10-07,USD_INR,USD,INR,81.4731,manual_uploaded_rates,manual
EUR_INR-2023-10-07,2023-10-07,EUR_INR,EUR,INR,89.6234,manual_uploaded_rates,manual
GBP_USD-2023-10-07,2023-10-07,GBP_USD,GBP,USD,1.259139,manual_uploaded_rates,manual
EUR_GBP-2023-10-07,2023-10-07,EUR_GBP,EUR,GBP,0.819904,manual_uploaded_rates,manual
EUR_USD-2023-10-07,2023-10-07,EUR_USD,EUR,USD,1.063923,manual_uploaded_rates,manual
USD_GBP-2023-10-07,2023-10-07,USD_GBP,USD,GBP,0.76134,manual_uploaded_rates,manual
GBP_EUR-2023-10-07,2023-10-07,GBP_EUR,GBP,EUR,1.15177,manual_uploaded_rates,manual
GBP_INR-2023-10-08,2023-10-08,GBP_INR,GBP,INR,105.7376,manual_uploaded_rates,manual
USD_INR-2023-10-08,2023-10-08,USD_INR,USD,INR,81.4199,manual_uploaded_rates,manual
EUR_INR-2023-10-08,2023-10-08,EUR_INR,EUR,INR,89.5648,manual_uploaded_rates,manual
GBP_USD-2023-10-08,2023-10-08,GBP_USD,GBP,USD,1.258317,manual_uploaded_rates,manual
EUR_GBP-2023-10-08,2023-10-08,EUR_GBP,EUR,GBP,0.819369,manual_uploaded_rates,manual
EUR_USD-2023-10-08,2023-10-08,EUR_USD,EUR,USD,1.063229,manual_uploaded_rates,manual
USD_GBP-2023-10-08,2023-10-08,USD_GBP,USD,GBP,0.760843,manual_uploaded_rates,manual
GBP_EUR-2023-10-08,2023-10-08,GBP_EUR,GBP,EUR,1.151018,manual_uploaded_rates,manual
GBP_INR-2023-10-09,2023-10-09,GBP_INR,GBP,INR,105.6744,manual_uploaded_rates,manual
USD_INR-2023-10-09,2023-10-09,USD_INR,USD,INR,81.3712,manual_uploaded_rates,manual
EUR_INR-2023-10-09,2023-10-09,EUR_INR,EUR,INR,89.5113,manual_uploaded_rates,manual
GBP_USD-2023-10-09,2023-10-09,GBP_USD,GBP,USD,1.257564,manual_uploaded_rates,manual
EUR_GBP-2023-10-09,2023-10-09,EUR_GBP,EUR,GBP,0.818879,manual_uploaded_rates,manual
EUR_USD-2023-10-09,2023-10-09,EUR_USD,EUR,USD,1.062593,manual_uploaded_rates,manual
USD_GBP-2023-10-09,2023-10-09,USD_GBP,USD,GBP,0.760388,manual_uploaded_rates,manual
GBP_EUR-2023-10-09,2023-10-09,GBP_EUR,GBP,EUR,1.15033,manual_uploaded_rates,manual
GBP_INR-2023-10-10,2023-10-10,GBP_INR,GBP,INR,105.6177,manual_uploaded_rates,manual
USD_INR-2023-10-10,2023-10-10,USD_INR,USD,INR,81.3275,manual_uploaded_rates,manual
EUR_INR-2023-10-10,2023-10-10,EUR_INR,EUR,INR,89.4632,manual_uploaded_rates,manual
GBP_USD-2023-10-10,2023-10-10,GBP_USD,GBP,USD,1.256889,manual_uploaded_rates,manual
EUR_GBP-2023-10-10,2023-10-10,EUR_GBP,EUR,GBP,0.818439,manual_uploaded_rates,manual
EUR_USD-2023-10-10,2023-10-10,EUR_USD,EUR,USD,1.062023,manual_uploaded_rates,manual
USD_GBP-2023-10-10,2023-10-10,USD_GBP,USD,GBP,0.759979,manual_uploaded_rates,manual
GBP_EUR-2023-10-10,2023-10-10,GBP_EUR,GBP,EUR,1.149712,manual_uploaded_rates,manual
GBP_INR-2023-10-11,2023-10-11,GBP_INR,GBP,INR,105.5679,manual_uploaded_rates,manual
USD_INR-2023-10-11,2023-10-11,USD_INR,USD,INR,81.2893,manual_uploaded_rates,manual
EUR_INR-2023-10-11,2023-10-11,EUR_INR,EUR,INR,89.4211,manual_uploaded_rates,manual
GBP_USD-2023-10-11,2023-10-11,GBP_USD,GBP,USD,1.256297,manual_uploaded_rates,manual
EUR_GBP-2023-10-11,2023-10-11,EUR_GBP,EUR,GBP,0.818054,manual_uploaded_rates,manual
EUR_USD-2023-10-11,2023-10-11,EUR_USD,EUR,USD,1.061523,manual_uploaded_rates,manual
USD_GBP-2023-10-11,2023-10-11,USD_GBP,USD,GBP,0.759622,manual_uploaded_rates,manual
GBP_EUR-2023-10-11,2023-10-11,GBP_EUR,GBP,EUR,1.149171,manual_uploaded_rates,manual
GBP_INR-2023-10-12,2023-10-12,GBP_INR,GBP,INR,105.5256,manual_uploaded_rates,manual
USD_INR-2023-10-12,2023-10-12,USD_INR,USD,INR,81.2567,manual_uploaded_rates,manual
EUR_INR-2023-10-12,2023-10-12,EUR_INR,EUR,INR,89.3853,manual_uploaded_rates,manual
GBP_USD-2023-10-12,2023-10-12,GBP_USD,GBP,USD,1.255794,manual_uploaded_rates,manual
EUR_GBP-2023-10-12,2023-10-12,EUR_GBP,EUR,GBP,0.817726,manual_uploaded_rates,manual
EUR_USD-2023-10-12,2023-10-12,EUR_USD,EUR,USD,1.061097,manual_uploaded_rates,manual
USD_GBP-2023-10-12,2023-10-12,USD_GBP,USD,GBP,0.759317,manual_uploaded_rates,manual
GBP_EUR-2023-10-12,2023-10-12,GBP_EUR,GBP,EUR,1.148711,manual_uploaded_rates,manual
GBP_INR-2023-10-13,2023-10-13,GBP_INR,GBP,INR,105.491,manual_uploaded_rates,manual
USD_INR-2023-10-13,2023-10-13,USD_INR,USD,INR,81.23,manual_uploaded_rates,manual
EUR_INR-2023-10-13,2023-10-13,EUR_INR,EUR,INR,89.356,manual_uploaded_rates,manual
GBP_USD-2023-10-13,2023-10-13,GBP_USD,GBP,USD,1.255382,manual_uploaded_rates,manual
EUR_GBP-2023-10-13,2023-10-13,EUR_GBP,EUR,GBP,0.817458,manual_uploaded_rates,manual
EUR_USD-2023-10-13,2023-10-13,EUR_USD,EUR,USD,1.060749,manual_uploaded_rates,manual
USD_GBP-2023-10-13,2023-10-13,USD_GBP,USD,GBP,0.759068,manual_uploaded_rates,manual
GBP_EUR-2023-10-13,2023-10-13,GBP_EUR,GBP,EUR,1.148334,manual_uploaded_rates,manual
GBP_INR-2023-10-14,2023-10-14,GBP_INR,GBP,INR,105.4643,manual_uploaded_rates,manual
USD_INR-2023-10-14,2023-10-14,USD_INR,USD,INR,81.2094,manual_uploaded_rates,manual
EUR_INR-2023-10-14,2023-10-14,EUR_INR,EUR,INR,89.3333,manual_uploaded_rates,manual
GBP_USD-2023-10-14,2023-10-14,GBP_USD,GBP,USD,1.255064,manual_uploaded_rates,manual
EUR_GBP-2023-10-14,2023-10-14,EUR_GBP,EUR,GBP,0.817251,manual_uploaded_rates,manual
EUR_USD-2023-10-14,2023-10-14,EUR_USD,EUR,USD,1.06048,manual_uploaded_rates,manual
USD_GBP-2023-10-14,2023-10-14,USD_GBP,USD,GBP,0.758876,manual_uploaded_rates,manual
GBP_EUR-2023-10-14,2023-10-14,GBP_EUR,GBP,EUR,1.148043,manual_uploaded_rates,manual
GBP_INR-2023-10-15,2023-10-15,GBP_INR,GBP,INR,105.4454,manual_uploaded_rates,manual
USD_INR-2023-10-15,2023-10-15,USD_INR,USD,INR,81.1949,manual_uploaded_rates,manual
EUR_INR-2023-10-15,2023-10-15,EUR_INR,EUR,INR,89.3173,manual_uploaded_rates,manual
GBP_USD-2023-10-15,2023-10-15,GBP_USD,GBP,USD,1.254839,manual_uploaded_rates,manual
EUR_GBP-2023-10-15,2023-10-15,EUR_GBP,EUR,GBP,0.817104,manual_uploaded_rates,manual
EUR_USD-2023-10-15,2023-10-15,EUR_USD,EUR,USD,1.06029,manual_uploaded_rates,manual
USD_GBP-2023-10-15,2023-10-15,USD_GBP,USD,GBP,0.75874,manual_uploaded_rates,manual
GBP_EUR-2023-10-15,2023-10-15,GBP_EUR,GBP,EUR,1.147837,manual_uploaded_rates,manual
GBP_INR-2023-10-16,2023-10-16,GBP_INR,GBP,INR,105.4342,manual_uploaded_rates,manual
USD_INR-2023-10-16,2023-10-16,USD_INR,USD,INR,81.1863,manual_uploaded_rates,manual
EUR_INR-2023-10-16,2023-10-16,EUR_INR,EUR,INR,89.3078,manual_uploaded_rates,manual
GBP_USD-2023-10-16,2023-10-16,GBP_USD,GBP,USD,1.254706,manual_uploaded_rates,manual
EUR_GBP-2023-10-16,2023-10-16,EUR_GBP,EUR,GBP,0.817018,manual_uploaded_rates,manual
EUR_USD-2023-10-16,2023-10-16,EUR_USD,EUR,USD,1.060178,manual_uploaded_rates,manual
USD_GBP-2023-10-16,2023-10-16,USD_GBP,USD,GBP,0.758659,manual_uploaded_rates,manual
GBP_EUR-2023-10-16,2023-10-16,GBP_EUR,GBP,EUR,1.147716,manual_uploaded_rates,manual
GBP_INR-2023-10-17,2023-10-17,GBP_INR,GBP,INR,105.4305,manual_uploaded_rates,manual
USD_INR-2023-10-17,2023-10-17,USD_INR,USD,INR,81.1834,manual_uploaded_rates,manual
EUR_INR-2023-10-17,2023-10-17,EUR_INR,EUR,INR,89.3047,manual_uploaded_rates,manual
GBP_USD-2023-10-17,2023-10-17,GBP_USD,GBP,USD,1.254662,manual_uploaded_rates,manual
EUR_GBP-2023-10-17,2023-10-17,EUR_GBP,EUR,GBP,0.816989,manual_uploaded_rates,manual
EUR_USD-2023-10-17,2023-10-17,EUR_USD,EUR,USD,1.060141,manual_uploaded_rates,manual
USD_GBP-2023-10-17,2023-10-17,USD_GBP,USD,GBP,0.758633,manual_uploaded_rates,manual
GBP_EUR-2023-10-17,2023-10-17,GBP_EUR,GBP,EUR,1.147675,manual_uploaded_rates,manual
GBP_INR-2023-10-18,2023-10-18,GBP_INR,GBP,INR,105.4339,manual_uploaded_rates,manual
USD_INR-2023-10-18,2023-10-18,USD_INR,USD,INR,81.1861,manual_uploaded_rates,manual
EUR_INR-2023-10-18,2023-10-18,EUR_INR,EUR,INR,89.3076,manual_uploaded_rates,manual
GBP_USD-2023-10-18,2023-10-18,GBP_USD,GBP,USD,1.254702,manual_uploaded_rates,manual
EUR_GBP-2023-10-18,2023-10-18,EUR_GBP,EUR,GBP,0.817016,manual_uploaded_rates,manual
EUR_USD-2023-10-18,2023-10-18,EUR_USD,EUR,USD,1.060175,manual_uploaded_rates,manual
USD_GBP-2023-10-18,2023-10-18,USD_GBP,USD,GBP,0.758657,manual_uploaded_rates,manual
GBP_EUR-2023-10-18,2023-10-18,GBP_EUR,GBP,EUR,1.147712,manual_uploaded_rates,manual
GBP_INR-2023-10-19,2023-10-19,GBP_INR,GBP,INR,105.4439,manual_uploaded_rates,manual
USD_INR-2023-10-19,2023-10-19,USD_INR,USD,INR,81.1938,manual_uploaded_rates,manual
EUR_INR-2023-10-19,2023-10-19,EUR_INR,EUR,INR,89.3161,manual_uploaded_rates,manual
GBP_USD-2023-10-19,2023-10-19,GBP_USD,GBP,USD,1.254822,manual_uploaded_rates,manual
EUR_GBP-2023-10-19,2023-10-19,EUR_GBP,EUR,GBP,0.817093,manual_uploaded_rates,manual
EUR_USD-2023-10-19,2023-10-19,EUR_USD,EUR,USD,1.060276,manual_uploaded_rates,manual
USD_GBP-2023-10-19,2023-10-19,USD_GBP,USD,GBP,0.758729,manual_uploaded_rates,manual
GBP_EUR-2023-10-19,2023-10-19,GBP_EUR,GBP,EUR,1.147821,manual_uploaded_rates,manual
GBP_INR-2023-10-20,2023-10-20,GBP_INR,GBP,INR,105.46,manual_uploaded_rates,manual
USD_INR-2023-10-20,2023-10-20,USD_INR,USD,INR,81.2061,manual_uploaded_rates,manual
EUR_INR-2023-10-20,2023-10-20,EUR_INR,EUR,INR,89.3296,manual_uploaded_rates,manual
GBP_USD-2023-10-20,2023-10-20,GBP_USD,GBP,USD,1.255012,manual_uploaded_rates,manual
EUR_GBP-2023-10-20,2023-10-20,EUR_GBP,EUR,GBP,0.817217,manual_uploaded_rates,manual
EUR_USD-2023-10-20,2023-10-20,EUR_USD,EUR,USD,1.060437,manual_uploaded_rates,manual
USD_GBP-2023-10-20,2023-10-20,USD_GBP,USD,GBP,0.758845,manual_uploaded_rates,manual
GBP_EUR-2023-10-20,2023-10-20,GBP_EUR,GBP,EUR,1.147996,manual_uploaded_rates,manual
GBP_INR-2023-10-21,2023-10-21,GBP_INR,GBP,INR,105.4813,manual_uploaded_rates,manual
USD_INR-2023-10-21,2023-10-21,USD_INR,USD,INR,81.2226,manual_uploaded_rates,manual
EUR_INR-2023-10-21,2023-10-21,EUR_INR,EUR,INR,89.3477,manual_uploaded_rates,manual
GBP_USD-2023-10-21,2023-10-21,GBP_USD,GBP,USD,1.255267,manual_uploaded_rates,manual
EUR_GBP-2023-10-21,2023-10-21,EUR_GBP,EUR,GBP,0.817383,manual_uploaded_rates,manual
EUR_USD-2023-10-21,2023-10-21,EUR_USD,EUR,USD,1.060652,manual_uploaded_rates,manual
USD_GBP-2023-10-21,2023-10-21,USD_GBP,USD,GBP,0.758998,manual_uploaded_rates,manual
GBP_EUR-2023-10-21,2023-10-21,GBP_EUR,GBP,EUR,1.148228,manual_uploaded_rates,manual
GBP_INR-2023-10-22,2023-10-22,GBP_INR,GBP,INR,105.5073,manual_uploaded_rates,manual
USD_INR-2023-10-22,2023-10-22,USD_INR,USD,INR,81.2425,manual_uploaded_rates,manual
EUR_INR-2023-10-22,2023-10-22,EUR_INR,EUR,INR,89.3697,manual_uploaded_rates,manual
GBP_USD-2023-10-22,2023-10-22,GBP_USD,GBP,USD,1.255575,manual_uploaded_rates,manual
EUR_GBP-2023-10-22,2023-10-22,EUR_GBP,EUR,GBP,0.817584,manual_uploaded_rates,manual
EUR_USD-2023-10-22,2023-10-22,EUR_USD,EUR,USD,1.060912,manual_uploaded_rates,manual
USD_GBP-2023-10-22,2023-10-22,USD_GBP,USD,GBP,0.759185,manual_uploaded_rates,manual
GBP_EUR-2023-10-22,2023-10-22,GBP_EUR,GBP,EUR,1.148511,manual_uploaded_rates,manual
GBP_INR-2023-10-23,2023-10-23,GBP_INR,GBP,INR,105.537,manual_uploaded_rates,manual
USD_INR-2023-10-23,2023-10-23,USD_INR,USD,INR,81.2654,manual_uploaded_rates,manual
EUR_INR-2023-10-23,2023-10-23,EUR_INR,EUR,INR,89.3949,manual_uploaded_rates,manual
GBP_USD-2023-10-23,2023-10-23,GBP_USD,GBP,USD,1.255929,manual_uploaded_rates,manual
EUR_GBP-2023-10-23,2023-10-23,EUR_GBP,EUR,GBP,0.817814,manual_uploaded_rates,manual
EUR_USD-2023-10-23,2023-10-23,EUR_USD,EUR,USD,1.061211,manual_uploaded_rates,manual
USD_GBP-2023-10-23,2023-10-23,USD_GBP,USD,GBP,0.759399,manual_uploaded_rates,manual
GBP_EUR-2023-10-23,2023-10-23,GBP_EUR,GBP,EUR,1.148834,manual_uploaded_rates,manual
GBP_INR-2023-10-24,2023-10-24,GBP_INR,GBP,INR,105.5696,manual_uploaded_rates,manual
USD_INR-2023-10-24,2023-10-24,USD_INR,USD,INR,81.2905,manual_uploaded_rates,manual
EUR_INR-2023-10-24,2023-10-24,EUR_INR,EUR,INR,89.4225,manual_uploaded_rates,manual
GBP_USD-2023-10-24,2023-10-24,GBP_USD,GBP,USD,1.256317,manual_uploaded_rates,manual
EUR_GBP-2023-10-24,2023-10-24,EUR_GBP,EUR,GBP,0.818067,manual_uploaded_rates,manual
EUR_USD-2023-10-24,2023-10-24,EUR_USD,EUR,USD,1.061539,manual_uploaded_rates,manual
USD_GBP-2023-10-24,2023-10-24,USD_GBP,USD,GBP,0.759634,manual_uploaded_rates,manual
GBP_EUR-2023-10-24,2023-10-24,GBP_EUR,GBP,EUR,1.149189,manual_uploaded_rates,manual
GBP_INR-2023-10-25,2023-10-25,GBP_INR,GBP,INR,105.6043,manual_uploaded_rates,manual
USD_INR-2023-10-25,2023-10-25,USD_INR,USD,INR,81.3172,manual_uploaded_rates,manual
EUR_INR-2023-10-25,2023-10-25,EUR_INR,EUR,INR,89.4519,manual_uploaded_rates,manual
GBP_USD-2023-10-25,2023-10-25,GBP_USD,GBP,USD,1.25673,manual_uploaded_rates,manual
EUR_GBP-2023-10-25,2023-10-25,EUR_GBP,EUR,GBP,0.818336,manual_uploaded_rates,manual
EUR_USD-2023-10-25,2023-10-25,EUR_USD,EUR,USD,1.061888,manual_uploaded_rates,manual
USD_GBP-2023-10-25,2023-10-25,USD_GBP,USD,GBP,0.759883,manual_uploaded_rates,manual
GBP_EUR-2023-10-25,2023-10-25,GBP_EUR,GBP,EUR,1.149567,manual_uploaded_rates,manual
GBP_INR-2023-10-26,2023-10-26,GBP_INR,GBP,INR,105.6401,manual_uploaded_rates,manual
USD_INR-2023-10-26,2023-10-26,USD_INR,USD,INR,81.3448,manual_uploaded_rates,manual
EUR_INR-2023-10-26,2023-10-26,EUR_INR,EUR,INR,89.4822,manual_uploaded_rates,manual
GBP_USD-2023-10-26,2023-10-26,GBP_USD,GBP,USD,1.257156,manual_uploaded_rates,manual
EUR_GBP-2023-10-26,2023-10-26,EUR_GBP,EUR,GBP,0.818613,manual_uploaded_rates,manual
EUR_USD-2023-10-26,2023-10-26,EUR_USD,EUR,USD,1.062248,manual_uploaded_rates,manual
USD_GBP-2023-10-26,2023-10-26,USD_GBP,USD,GBP,0.760141,manual_uploaded_rates,manual
GBP_EUR-2023-10-26,2023-10-26,GBP_EUR,GBP,EUR,1.149957,manual_uploaded_rates,manual
GBP_INR-2023-10-27,2023-10-27,GBP_INR,GBP,INR,105.6762,manual_uploaded_rates,manual
USD_INR-2023-10-27,2023-10-27,USD_INR,USD,INR,81.3726,manual_uploaded_rates,manual
EUR_INR-2023-10-27,2023-10-27,EUR_INR,EUR,INR,89.5128,manual_uploaded_rates,manual
GBP_USD-2023-10-27,2023-10-27,GBP_USD,GBP,USD,1.257586,manual_uploaded_rates,manual
EUR_GBP-2023-10-27,2023-10-27,EUR_GBP,EUR,GBP,0.818893,manual_uploaded_rates,manual
EUR_USD-2023-10-27,2023-10-27,EUR_USD,EUR,USD,1.062612,manual_uploaded_rates,manual
USD_GBP-2023-10-27,2023-10-27,USD_GBP,USD,GBP,0.760401,manual_uploaded_rates,manual
GBP_EUR-2023-10-27,2023-10-27,GBP_EUR,GBP,EUR,1.15035,manual_uploaded_rates,manual
GBP_INR-2023-10-28,2023-10-28,GBP_INR,GBP,INR,105.7118,manual_uploaded_rates,manual
USD_INR-2023-10-28,2023-10-28,USD_INR,USD,INR,81.4001,manual_uploaded_rates,manual
EUR_INR-2023-10-28,2023-10-28,EUR_INR,EUR,INR,89.543,manual_uploaded_rates,manual
GBP_USD-2023-10-28,2023-10-28,GBP_USD,GBP,USD,1.25801,manual_uploaded_rates,manual
EUR_GBP-2023-10-28,2023-10-28,EUR_GBP,EUR,GBP,0.819169,manual_uploaded_rates,manual
EUR_USD-2023-10-28,2023-10-28,EUR_USD,EUR,USD,1.06297,manual_uploaded_rates,manual
USD_GBP-2023-10-28,2023-10-28,USD_GBP,USD,GBP,0.760657,manual_uploaded_rates,manual
GBP_EUR-2023-10-28,2023-10-28,GBP_EUR,GBP,EUR,1.150738,manual_uploaded_rates,manual
GBP_INR-2023-10-29,2023-10-29,GBP_INR,GBP,INR,105.7462,manual_uploaded_rates,manual
USD_INR-2023-10-29,2023-10-29,USD_INR,USD,INR,81.4265,manual_uploaded_rates,manual
EUR_INR-2023-10-29,2023-10-29,EUR_INR,EUR,INR,89.5721,manual_uploaded_rates,manual
GBP_USD-2023-10-29,2023-10-29,GBP_USD,GBP,USD,1.258419,manual_uploaded_rates,manual
EUR_GBP-2023-10-29,2023-10-29,EUR_GBP,EUR,GBP,0.819435,manual_uploaded_rates,manual
EUR_USD-2023-10-29,2023-10-29,EUR_USD,EUR,USD,1.063315,manual_uploaded_rates,manual
USD_GBP-2023-10-29,2023-10-29,USD_GBP,USD,GBP,0.760904,manual_uploaded_rates,manual
GBP_EUR-2023-10-29,2023-10-29,GBP_EUR,GBP,EUR,1.151112,manual_uploaded_rates,manual
GBP_INR-2023-10-30,2023-10-30,GBP_INR,GBP,INR,105.7785,manual_uploaded_rates,manual
USD_INR-2023-10-30,2023-10-30,USD_INR,USD,INR,81.4514,manual_uploaded_rates,manual
EUR_INR-2023-10-30,2023-10-30,EUR_INR,EUR,INR,89.5995,manual_uploaded_rates,manual
GBP_USD-2023-10-30,2023-10-30,GBP_USD,GBP,USD,1.258803,manual_uploaded_rates,manual
EUR_GBP-2023-10-30,2023-10-30,EUR_GBP,EUR,GBP,0.819686,manual_uploaded_rates,manual
EUR_USD-2023-10-30,2023-10-30,EUR_USD,EUR,USD,1.06364,manual_uploaded_rates,manual
USD_GBP-2023-10-30,2023-10-30,USD_GBP,USD,GBP,0.761137,manual_uploaded_rates,manual
GBP_EUR-2023-10-30,2023-10-30,GBP_EUR,GBP,EUR,1.151463,manual_uploaded_rates,manual
GBP_INR-2023-10-31,2023-10-31,GBP_INR,GBP,INR,105.8082,manual_uploaded_rates,manual
USD_INR-2023-10-31,2023-10-31,USD_INR,USD,INR,81.4743,manual_uploaded_rates,manual
EUR_INR-2023-10-31,2023-10-31,EUR_INR,EUR,INR,89.6246,manual_uploaded_rates,manual
GBP_USD-2023-10-31,2023-10-31,GBP_USD,GBP,USD,1.259157,manual_uploaded_rates,manual
EUR_GBP-2023-10-31,2023-10-31,EUR_GBP,EUR,GBP,0.819916,manual_uploaded_rates,manual
EUR_USD-2023-10-31,2023-10-31,EUR_USD,EUR,USD,1.063939,manual_uploaded_rates,manual
USD_GBP-2023-10-31,2023-10-31,USD_GBP,USD,GBP,0.761351,manual_uploaded_rates,manual
GBP_EUR-2023-10-31,2023-10-31,GBP_EUR,GBP,EUR,1.151787,manual_uploaded_rates,manual
GBP_INR-2023-11-01,2023-11-01,GBP_INR,GBP,INR,105.8347,manual_uploaded_rates,manual
USD_INR-2023-11-01,2023-11-01,USD_INR,USD,INR,81.4947,manual_uploaded_rates,manual
EUR_INR-2023-11-01,2023-11-01,EUR_INR,EUR,INR,89.6471,manual_uploaded_rates,manual
GBP_USD-2023-11-01,2023-11-01,GBP_USD,GBP,USD,1.259473,manual_uploaded_rates,manual
EUR_GBP-2023-11-01,2023-11-01,EUR_GBP,EUR,GBP,0.820122,manual_uploaded_rates,manual
EUR_USD-2023-11-01,2023-11-01,EUR_USD,EUR,USD,1.064206,manual_uploaded_rates,manual
USD_GBP-2023-11-01,2023-11-01,USD_GBP,USD,GBP,0.761542,manual_uploaded_rates,manual
GBP_EUR-2023-11-01,2023-11-01,GBP_EUR,GBP,EUR,1.152076,manual_uploaded_rates,manual
GBP_INR-2023-11-02,2023-11-02,GBP_INR,GBP,INR,105.8577,manual_uploaded_rates,manual
USD_INR-2023-11-02,2023-11-02,USD_INR,USD,INR,81.5124,manual_uploaded_rates,manual
EUR_INR-2023-11-02,2023-11-02,EUR_INR,EUR,INR,89.6666,manual_uploaded_rates,manual
GBP_USD-2023-11-02,2023-11-02,GBP_USD,GBP,USD,1.259746,manual_uploaded_rates,manual
EUR_GBP-2023-11-02,2023-11-02,EUR_GBP,EUR,GBP,0.8203,manual_uploaded_rates,manual
EUR_USD-2023-11-02,2023-11-02,EUR_USD,EUR,USD,1.064436,manual_uploaded_rates,manual
USD_GBP-2023-11-02,2023-11-02,USD_GBP,USD,GBP,0.761707,manual_uploaded_rates,manual
GBP_EUR-2023-11-02,2023-11-02,GBP_EUR,GBP,EUR,1.152326,manual_uploaded_rates,manual
GBP_INR-2023-11-03,2023-11-03,GBP_INR,GBP,INR,105.8768,manual_uploaded_rates,manual
USD_INR-2023-11-03,2023-11-03,USD_INR,USD,INR,81.5271,manual_uploaded_rates,manual
EUR_INR-2023-11-03,2023-11-03,EUR_INR,EUR,INR,89.6827,manual_uploaded_rates,manual
GBP_USD-2023-11-03,2023-11-03,GBP_USD,GBP,USD,1.259973,manual_uploaded_rates,manual
EUR_GBP-2023-11-03,2023-11-03,EUR_GBP,EUR,GBP,0.820447,manual_uploaded_rates,manual
EUR_USD-2023-11-03,2023-11-03,EUR_USD,EUR,USD,1.064628,manual_uploaded_rates,manual
USD_GBP-2023-11-03,2023-11-03,USD_GBP,USD,GBP,0.761844,manual_uploaded_rates,manual
GBP_EUR-2023-11-03,2023-11-03,GBP_EUR,GBP,EUR,1.152533,manual_uploaded_rates,manual
GBP_INR-2023-11-04,2023-11-04,GBP_INR,GBP,INR,105.8918,manual_uploaded_rates,manual
USD_INR-2023-11-04,2023-11-04,USD_INR,USD,INR,81.5386,manual_uploaded_rates,manual
EUR_INR-2023-11-04,2023-11-04,EUR_INR,EUR,INR,89.6954,manual_uploaded_rates,manual
GBP_USD-2023-11-04,2023-11-04,GBP_USD,GBP,USD,1.260152,manual_uploaded_rates,manual
EUR_GBP-2023-11-04,2023-11-04,EUR_GBP,EUR,GBP,0.820564,manual_uploaded_rates,manual
EUR_USD-2023-11-04,2023-11-04,EUR_USD,EUR,USD,1.064779,manual_uploaded_rates,manual
USD_GBP-2023-11-04,2023-11-04,USD_GBP,USD,GBP,0.761952,manual_uploaded_rates,manual
GBP_EUR-2023-11-04,2023-11-04,GBP_EUR,GBP,EUR,1.152697,manual_uploaded_rates,manual
GBP_INR-2023-11-05,2023-11-05,GBP_INR,GBP,INR,105.9027,manual_uploaded_rates,manual
USD_INR-2023-11-05,2023-11-05,USD_INR,USD,INR,81.547,manual_uploaded_rates,manual
EUR_INR-2023-11-05,2023-11-05,EUR_INR,EUR,INR,89.7046,manual_uploaded_rates,manual
GBP_USD-2023-11-05,2023-11-05,GBP_USD,GBP,USD,1.260281,manual_uploaded_rates,manual
EUR_GBP-2023-11-05,2023-11-05,EUR_GBP,EUR,GBP,0.820648,manual_uploaded_rates,manual
EUR_USD-2023-11-05,2023-11-05,EUR_USD,EUR,USD,1.064889,manual_uploaded_rates,manual
USD_GBP-2023-11-05,2023-11-05,USD_GBP,USD,GBP,0.76203,manual_uploaded_rates,manual
GBP_EUR-2023-11-05,2023-11-05,GBP_EUR,GBP,EUR,1.152815,manual_uploaded_rates,manual
GBP_INR-2023-11-06,2023-11-06,GBP_INR,GBP,INR,105.9095,manual_uploaded_rates,manual
USD_INR-2023-11-06,2023-11-06,USD_INR,USD,INR,81.5523,manual_uploaded_rates,manual
EUR_INR-2023-11-06,2023-11-06,EUR_INR,EUR,INR,89.7104,manual_uploaded_rates,manual
GBP_USD-2023-11-06,2023-11-06,GBP_USD,GBP,USD,1.260362,manual_uploaded_rates,manual
EUR_GBP-2023-11-06,2023-11-06,EUR_GBP,EUR,GBP,0.820701,manual_uploaded_rates,manual
EUR_USD-2023-11-06,2023-11-06,EUR_USD,EUR,USD,1.064957,manual_uploaded_rates,manual
USD_GBP-2023-11-06,2023-11-06,USD_GBP,USD,GBP,0.762079,manual_uploaded_rates,manual
GBP_EUR-2023-11-06,2023-11-06,GBP_EUR,GBP,EUR,1.152889,manual_uploaded_rates,manual
GBP_INR-2023-11-07,2023-11-07,GBP_INR,GBP,INR,105.9124,manual_uploaded_rates,manual
USD_INR-2023-11-07,2023-11-07,USD_INR,USD,INR,81.5545,manual_uploaded_rates,manual
EUR_INR-2023-11-07,2023-11-07,EUR_INR,EUR,INR,89.7129,manual_uploaded_rates,manual
GBP_USD-2023-11-07,2023-11-07,GBP_USD,GBP,USD,1.260397,manual_uploaded_rates,manual
EUR_GBP-2023-11-07,2023-11-07,EUR_GBP,EUR,GBP,0.820723,manual_uploaded_rates,manual
EUR_USD-2023-11-07,2023-11-07,EUR_USD,EUR,USD,1.064986,manual_uploaded_rates,manual
USD_GBP-2023-11-07,2023-11-07,USD_GBP,USD,GBP,0.7621,manual_uploaded_rates,manual
GBP_EUR-2023-11-07,2023-11-07,GBP_EUR,GBP,EUR,1.152921,manual_uploaded_rates,manual
GBP_INR-2023-11-08,2023-11-08,GBP_INR,GBP,INR,105.9118,manual_uploaded_rates,manual
USD_INR-2023-11-08,2023-11-08,USD_INR,USD,INR,81.554,manual_uploaded_rates,manual
EUR_INR-2023-11-08,2023-11-08,EUR_INR,EUR,INR,89.7123,manual_uploaded_rates,manual
GBP_USD-2023-11-08,2023-11-08,GBP_USD,GBP,USD,1.260389,manual_uploaded_rates,manual
EUR_GBP-2023-11-08,2023-11-08,EUR_GBP,EUR,GBP,0.820718,manual_uploaded_rates,manual
EUR_USD-2023-11-08,2023-11-08,EUR_USD,EUR,USD,1.06498,manual_uploaded_rates,manual
USD_GBP-2023-11-08,2023-11-08,USD_GBP,USD,GBP,0.762096,manual_uploaded_rates,manual
GBP_EUR-2023-11-08,2023-11-08,GBP_EUR,GBP,EUR,1.152914,manual_uploaded_rates,manual
GBP_INR-2023-11-09,2023-11-09,GBP_INR,GBP,INR,105.908,manual_uploaded_rates,manual
USD_INR-2023-11-09,2023-11-09,USD_INR,USD,INR,81.5511,manual_uploaded_rates,manual
EUR_INR-2023-11-09,2023-11-09,EUR_INR,EUR,INR,89.7091,manual_uploaded_rates,manual
GBP_USD-2023-11-09,2023-11-09,GBP_USD,GBP,USD,1.260344,manual_uploaded_rates,manual
EUR_GBP-2023-11-09,2023-11-09,EUR_GBP,EUR,GBP,0.820689,manual_uploaded_rates,manual
EUR_USD-2023-11-09,2023-11-09,EUR_USD,EUR,USD,1.064942,manual_uploaded_rates,manual
USD_GBP-2023-11-09,2023-11-09,USD_GBP,USD,GBP,0.762068,manual_uploaded_rates,manual
GBP_EUR-2023-11-09,2023-11-09,GBP_EUR,GBP,EUR,1.152873,manual_uploaded_rates,manual
GBP_INR-2023-11-10,2023-11-10,GBP_INR,GBP,INR,105.9015,manual_uploaded_rates,manual
USD_INR-2023-11-10,2023-11-10,USD_INR,USD,INR,81.5461,manual_uploaded_rates,manual
EUR_INR-2023-11-10,2023-11-10,EUR_INR,EUR,INR,89.7037,manual_uploaded_rates,manual
GBP_USD-2023-11-10,2023-11-10,GBP_USD,GBP,USD,1.260267,manual_uploaded_rates,manual
EUR_GBP-2023-11-10,2023-11-10,EUR_GBP,EUR,GBP,0.820639,manual_uploaded_rates,manual
EUR_USD-2023-11-10,2023-11-10,EUR_USD,EUR,USD,1.064877,manual_uploaded_rates,manual
USD_GBP-2023-11-10,2023-11-10,USD_GBP,USD,GBP,0.762022,manual_uploaded_rates,manual
GBP_EUR-2023-11-10,2023-11-10,GBP_EUR,GBP,EUR,1.152803,manual_uploaded_rates,manual
GBP_INR-2023-11-11,2023-11-11,GBP_INR,GBP,INR,105.8931,manual_uploaded_rates,manual
USD_INR-2023-11-11,2023-11-11,USD_INR,USD,INR,81.5397,manual_uploaded_rates,manual
EUR_INR-2023-11-11,2023-11-11,EUR_INR,EUR,INR,89.6966,manual_uploaded_rates,manual
GBP_USD-2023-11-11,2023-11-11,GBP_USD,GBP,USD,1.260167,manual_uploaded_rates,manual
EUR_GBP-2023-11-11,2023-11-11,EUR_GBP,EUR,GBP,0.820574,manual_uploaded_rates,manual
EUR_USD-2023-11-11,2023-11-11,EUR_USD,EUR,USD,1.064793,manual_uploaded_rates,manual
USD_GBP-2023-11-11,2023-11-11,USD_GBP,USD,GBP,0.761962,manual_uploaded_rates,manual
GBP_EUR-2023-11-11,2023-11-11,GBP_EUR,GBP,EUR,1.152711,manual_uploaded_rates,manual
GBP_INR-2023-11-12,2023-11-12,GBP_INR,GBP,INR,105.8834,manual_uploaded_rates,manual
USD_INR-2023-11-12,2023-11-12,USD_INR,USD,INR,81.5322,manual_uploaded_rates,manual
EUR_INR-2023-11-12,2023-11-12,EUR_INR,EUR,INR,89.6884,manual_uploaded_rates,manual
GBP_USD-2023-11-12,2023-11-12,GBP_USD,GBP,USD,1.260052,manual_uploaded_rates,manual
EUR_GBP-2023-11-12,2023-11-12,EUR_GBP,EUR,GBP,0.820499,manual_uploaded_rates,manual
EUR_USD-2023-11-12,2023-11-12,EUR_USD,EUR,USD,1.064695,manual_uploaded_rates,manual
USD_GBP-2023-11-12,2023-11-12,USD_GBP,USD,GBP,0.761892,manual_uploaded_rates,manual
GBP_EUR-2023-11-12,2023-11-12,GBP_EUR,GBP,EUR,1.152606,manual_uploaded_rates,manual
GBP_INR-2023-11-13,2023-11-13,GBP_INR,GBP,INR,105.8732,manual_uploaded_rates,manual
USD_INR-2023-11-13,2023-11-13,USD_INR,USD,INR,81.5243,manual_uploaded_rates,manual
EUR_INR-2023-11-13,2023-11-13,EUR_INR,EUR,INR,89.6797,manual_uploaded_rates,manual
GBP_USD-2023-11-13,2023-11-13,GBP_USD,GBP,USD,1.25993,manual_uploaded_rates,manual
EUR_GBP-2023-11-13,2023-11-13,EUR_GBP,EUR,GBP,0.82042,manual_uploaded_rates,manual
EUR_USD-2023-11-13,2023-11-13,EUR_USD,EUR,USD,1.064592,manual_uploaded_rates,manual
USD_GBP-2023-11-13,2023-11-13,USD_GBP,USD,GBP,0.761818,manual_uploaded_rates,manual
GBP_EUR-2023-11-13,2023-11-13,GBP_EUR,GBP,EUR,1.152494,manual_uploaded_rates,manual
GBP_INR-2023-11-14,2023-11-14,GBP_INR,GBP,INR,105.8633,manual_uploaded_rates,manual
USD_INR-2023-11-14,2023-11-14,USD_INR,USD,INR,81.5167,manual_uploaded_rates,manual
EUR_INR-2023-11-14,2023-11-14,EUR_INR,EUR,INR,89.6713,manual_uploaded_rates,manual
GBP_USD-2023-11-14,2023-11-14,GBP_USD,GBP,USD,1.259812,manual_uploaded_rates,manual
EUR_GBP-2023-11-14,2023-11-14,EUR_GBP,EUR,GBP,0.820343,manual_uploaded_rates,manual
EUR_USD-2023-11-14,2023-11-14,EUR_USD,EUR,USD,1.064492,manual_uploaded_rates,manual
USD_GBP-2023-11-14,2023-11-14,USD_GBP,USD,GBP,0.761747,manual_uploaded_rates,manual
GBP_EUR-2023-11-14,2023-11-14,GBP_EUR,GBP,EUR,1.152386,manual_uploaded_rates,manual
GBP_INR-2023-11-15,2023-11-15,GBP_INR,GBP,INR,105.8545,manual_uploaded_rates,manual
USD_INR-2023-11-15,2023-11-15,USD_INR,USD,INR,81.5099,manual_uploaded_rates,manual
EUR_INR-2023-11-15,2023-11-15,EUR_INR,EUR,INR,89.6638,manual_uploaded_rates,manual
GBP_USD-2023-11-15,2023-11-15,GBP_USD,GBP,USD,1.259708,manual_uploaded_rates,manual
EUR_GBP-2023-11-15,2023-11-15,EUR_GBP,EUR,GBP,0.820275,manual_uploaded_rates,manual
EUR_USD-2023-11-15,2023-11-15,EUR_USD,EUR,USD,1.064404,manual_uploaded_rates,manual
USD_GBP-2023-11-15,2023-11-15,USD_GBP,USD,GBP,0.761684,manual_uploaded_rates,manual
GBP_EUR-2023-11-15,2023-11-15,GBP_EUR,GBP,EUR,1.152291,manual_uploaded_rates,manual
GBP_INR-2023-11-16,2023-11-16,GBP_INR,GBP,INR,105.8477,manual_uploaded_rates,manual
USD_INR-2023-11-16,2023-11-16,USD_INR,USD,INR,81.5047,manual_uploaded_rates,manual
EUR_INR-2023-11-16,2023-11-16,EUR_INR,EUR,INR,89.6581,manual_uploaded_rates,manual
GBP_USD-2023-11-16,2023-11-16,GBP_USD,GBP,USD,1.259627,manual_uploaded_rates,manual
EUR_GBP-2023-11-16,2023-11-16,EUR_GBP,EUR,GBP,0.820222,manual_uploaded_rates,manual
EUR_USD-2023-11-16,2023-11-16,EUR_USD,EUR,USD,1.064336,manual_uploaded_rates,manual
USD_GBP-2023-11-16,2023-11-16,USD_GBP,USD,GBP,0.761635,manual_uploaded_rates,manual
GBP_EUR-2023-11-16,2023-11-16,GBP_EUR,GBP,EUR,1.152217,manual_uploaded_rates,manual
GBP_INR-2023-11-17,2023-11-17,GBP_INR,GBP,INR,105.8438,manual_uploaded_rates,manual
USD_INR-2023-11-17,2023-11-17,USD_INR,USD,INR,81.5017,manual_uploaded_rates,manual
EUR_INR-2023-11-17,2023-11-17,EUR_INR,EUR,INR,89.6548,manual_uploaded_rates,manual
GBP_USD-2023-11-17,2023-11-17,GBP_USD,GBP,USD,1.25958,manual_uploaded_rates,manual
EUR_GBP-2023-11-17,2023-11-17,EUR_GBP,EUR,GBP,0.820192,manual_uploaded_rates,manual
EUR_USD-2023-11-17,2023-11-17,EUR_USD,EUR,USD,1.064296,manual_uploaded_rates,manual
USD_GBP-2023-11-17,2023-11-17,USD_GBP,USD,GBP,0.761607,manual_uploaded_rates,manual
GBP_EUR-2023-11-17,2023-11-17,GBP_EUR,GBP,EUR,1.152174,manual_uploaded_rates,manual
GBP_INR-2023-11-18,2023-11-18,GBP_INR,GBP,INR,105.8435,manual_uploaded_rates,manual
USD_INR-2023-11-18,2023-11-18,USD_INR,USD,INR,81.5015,manual_uploaded_rates,manual
EUR_INR-2023-11-18,2023-11-18,EUR_INR,EUR,INR,89.6546,manual_uploaded_rates,manual
GBP_USD-2023-11-18,2023-11-18,GBP_USD,GBP,USD,1.259577,manual_uploaded_rates,manual
EUR_GBP-2023-11-18,2023-11-18,EUR_GBP,EUR,GBP,0.82019,manual_uploaded_rates,manual
EUR_USD-2023-11-18,2023-11-18,EUR_USD,EUR,USD,1.064294,manual_uploaded_rates,manual
USD_GBP-2023-11-18,2023-11-18,USD_GBP,USD,GBP,0.761605,manual_uploaded_rates,manual
GBP_EUR-2023-11-18,2023-11-18,GBP_EUR,GBP,EUR,1.152171,manual_uploaded_rates,manual
GBP_INR-2023-11-19,2023-11-19,GBP_INR,GBP,INR,105.8478,manual_uploaded_rates,manual
USD_INR-2023-11-19,2023-11-19,USD_INR,USD,INR,81.5047,manual_uploaded_rates,manual
EUR_INR-2023-11-19,2023-11-19,EUR_INR,EUR,INR,89.6581,manual_uploaded_rates,manual
GBP_USD-2023-11-19,2023-11-19,GBP_USD,GBP,USD,1.259628,manual_uploaded_rates,manual
EUR_GBP-2023-11-19,2023-11-19,EUR_GBP,EUR,GBP,0.820223,manual_uploaded_rates,manual
EUR_USD-2023-11-19,2023-11-19,EUR_USD,EUR,USD,1.064337,manual_uploaded_rates,manual
USD_GBP-2023-11-19,2023-11-19,USD_GBP,USD,GBP,0.761635,manual_uploaded_rates,manual
GBP_EUR-2023-11-19,2023-11-19,GBP_EUR,GBP,EUR,1.152218,manual_uploaded_rates,manual
GBP_INR-2023-11-20,2023-11-20,GBP_INR,GBP,INR,105.8572,manual_uploaded_rates,manual
USD_INR-2023-11-20,2023-11-20,USD_INR,USD,INR,81.512,manual_uploaded_rates,manual
EUR_INR-2023-11-20,2023-11-20,EUR_INR,EUR,INR,89.6661,manual_uploaded_rates,manual
GBP_USD-2023-11-20,2023-11-20,GBP_USD,GBP,USD,1.25974,manual_uploaded_rates,manual
EUR_GBP-2023-11-20,2023-11-20,EUR_GBP,EUR,GBP,0.820296,manual_uploaded_rates,manual
EUR_USD-2023-11-20,2023-11-20,EUR_USD,EUR,USD,1.064431,manual_uploaded_rates,manual
USD_GBP-2023-11-20,2023-11-20,USD_GBP,USD,GBP,0.761703,manual_uploaded_rates,manual
GBP_EUR-2023-11-20,2023-11-20,GBP_EUR,GBP,EUR,1.15232,manual_uploaded_rates,manual
GBP_INR-2023-11-21,2023-11-21,GBP_INR,GBP,INR,105.8725,manual_uploaded_rates,manual
USD_INR-2023-11-21,2023-11-21,USD_INR,USD,INR,81.5238,manual_uploaded_rates,manual
EUR_INR-2023-11-21,2023-11-21,EUR_INR,EUR,INR,89.6791,manual_uploaded_rates,manual
GBP_USD-2023-11-21,2023-11-21,GBP_USD,GBP,USD,1.259922,manual_uploaded_rates,manual
EUR_GBP-2023-11-21,2023-11-21,EUR_GBP,EUR,GBP,0.820414,manual_uploaded_rates,manual
EUR_USD-2023-11-21,2023-11-21,EUR_USD,EUR,USD,1.064585,manual_uploaded_rates,manual
USD_GBP-2023-11-21,2023-11-21,USD_GBP,USD,GBP,0.761813,manual_uploaded_rates,manual
GBP_EUR-2023-11-21,2023-11-21,GBP_EUR,GBP,EUR,1.152487,manual_uploaded_rates,manual
GBP_INR-2023-11-22,2023-11-22,GBP_INR,GBP,INR,105.8943,manual_uploaded_rates,manual
USD_INR-2023-11-22,2023-11-22,USD_INR,USD,INR,81.5405,manual_uploaded_rates,manual
EUR_INR-2023-11-22,2023-11-22,EUR_INR,EUR,INR,89.6975,manual_uploaded_rates,manual
GBP_USD-2023-11-22,2023-11-22,GBP_USD,GBP,USD,1.260181,manual_uploaded_rates,manual
EUR_GBP-2023-11-22,2023-11-22,EUR_GBP,EUR,GBP,0.820583,manual_uploaded_rates,manual
EUR_USD-2023-11-22,2023-11-22,EUR_USD,EUR,USD,1.064804,manual_uploaded_rates,manual
USD_GBP-2023-11-22,2023-11-22,USD_GBP,USD,GBP,0.76197,manual_uploaded_rates,manual
GBP_EUR-2023-11-22,2023-11-22,GBP_EUR,GBP,EUR,1.152724,manual_uploaded_rates,manual
GBP_INR-2023-11-23,2023-11-23,GBP_INR,GBP,INR,105.9229,manual_uploaded_rates,manual
USD_INR-2023-11-23,2023-11-23,USD_INR,USD,INR,81.5626,manual_uploaded_rates,manual
EUR_INR-2023-11-23,2023-11-23,EUR_INR,EUR,INR,89.7218,manual_uploaded_rates,manual
GBP_USD-2023-11-23,2023-11-23,GBP_USD,GBP,USD,1.260521,manual_uploaded_rates,manual
EUR_GBP-2023-11-23,2023-11-23,EUR_GBP,EUR,GBP,0.820805,manual_uploaded_rates,manual
EUR_USD-2023-11-23,2023-11-23,EUR_USD,EUR,USD,1.065092,manual_uploaded_rates,manual
USD_GBP-2023-11-23,2023-11-23,USD_GBP,USD,GBP,0.762176,manual_uploaded_rates,manual
GBP_EUR-2023-11-23,2023-11-23,GBP_EUR,GBP,EUR,1.153035,manual_uploaded_rates,manual
GBP_INR-2023-11-24,2023-11-24,GBP_INR,GBP,INR,105.9587,manual_uploaded_rates,manual
USD_INR-2023-11-24,2023-11-24,USD_INR,USD,INR,81.5902,manual_uploaded_rates,manual
EUR_INR-2023-11-24,2023-11-24,EUR_INR,EUR,INR,89.7521,manual_uploaded_rates,manual
GBP_USD-2023-11-24,2023-11-24,GBP_USD,GBP,USD,1.260948,manual_uploaded_rates,manual
EUR_GBP-2023-11-24,2023-11-24,EUR_GBP,EUR,GBP,0.821082,manual_uploaded_rates,manual
EUR_USD-2023-11-24,2023-11-24,EUR_USD,EUR,USD,1.065452,manual_uploaded_rates,manual
USD_GBP-2023-11-24,2023-11-24,USD_GBP,USD,GBP,0.762434,manual_uploaded_rates,manual
GBP_EUR-2023-11-24,2023-11-24,GBP_EUR,GBP,EUR,1.153425,manual_uploaded_rates,manual
GBP_INR-2023-11-25,2023-11-25,GBP_INR,GBP,INR,106.002,manual_uploaded_rates,manual
USD_INR-2023-11-25,2023-11-25,USD_INR,USD,INR,81.6235,manual_uploaded_rates,manual
EUR_INR-2023-11-25,2023-11-25,EUR_INR,EUR,INR,89.7888,manual_uploaded_rates,manual
GBP_USD-2023-11-25,2023-11-25,GBP_USD,GBP,USD,1.261463,manual_uploaded_rates,manual
EUR_GBP-2023-11-25,2023-11-25,EUR_GBP,EUR,GBP,0.821418,manual_uploaded_rates,manual
EUR_USD-2023-11-25,2023-11-25,EUR_USD,EUR,USD,1.065887,manual_uploaded_rates,manual
USD_GBP-2023-11-25,2023-11-25,USD_GBP,USD,GBP,0.762745,manual_uploaded_rates,manual
GBP_EUR-2023-11-25,2023-11-25,GBP_EUR,GBP,EUR,1.153896,manual_uploaded_rates,manual
GBP_INR-2023-11-26,2023-11-26,GBP_INR,GBP,INR,106.0528,manual_uploaded_rates,manual
USD_INR-2023-11-26,2023-11-26,USD_INR,USD,INR,81.6626,manual_uploaded_rates,manual
EUR_INR-2023-11-26,2023-11-26,EUR_INR,EUR,INR,89.8318,manual_uploaded_rates,manual
GBP_USD-2023-11-26,2023-11-26,GBP_USD,GBP,USD,1.262068,manual_uploaded_rates,manual
EUR_GBP-2023-11-26,2023-11-26,EUR_GBP,EUR,GBP,0.821812,manual_uploaded_rates,manual
EUR_USD-2023-11-26,2023-11-26,EUR_USD,EUR,USD,1.066398,manual_uploaded_rates,manual
USD_GBP-2023-11-26,2023-11-26,USD_GBP,USD,GBP,0.763111,manual_uploaded_rates,manual
GBP_EUR-2023-11-26,2023-11-26,GBP_EUR,GBP,EUR,1.15445,manual_uploaded_rates,manual
GBP_INR-2023-11-27,2023-11-27,GBP_INR,GBP,INR,106.1112,manual_uploaded_rates,manual
USD_INR-2023-11-27,2023-11-27,USD_INR,USD,INR,81.7076,manual_uploaded_rates,manual
EUR_INR-2023-11-27,2023-11-27,EUR_INR,EUR,INR,89.8812,manual_uploaded_rates,manual
GBP_USD-2023-11-27,2023-11-27,GBP_USD,GBP,USD,1.262762,manual_uploaded_rates,manual
EUR_GBP-2023-11-27,2023-11-27,EUR_GBP,EUR,GBP,0.822264,manual_uploaded_rates,manual
EUR_USD-2023-11-27,2023-11-27,EUR_USD,EUR,USD,1.066985,manual_uploaded_rates,manual
USD_GBP-2023-11-27,2023-11-27,USD_GBP,USD,GBP,0.763531,manual_uploaded_rates,manual
GBP_EUR-2023-11-27,2023-11-27,GBP_EUR,GBP,EUR,1.155085,manual_uploaded_rates,manual
GBP_INR-2023-11-28,2023-11-28,GBP_INR,GBP,INR,106.1768,manual_uploaded_rates,manual
USD_INR-2023-11-28,2023-11-28,USD_INR,USD,INR,81.7581,manual_uploaded_rates,manual
EUR_INR-2023-11-28,2023-11-28,EUR_INR,EUR,INR,89.9368,manual_uploaded_rates,manual
GBP_USD-2023-11-28,2023-11-28,GBP_USD,GBP,USD,1.263543,manual_uploaded_rates,manual
EUR_GBP-2023-11-28,2023-11-28,EUR_GBP,EUR,GBP,0.822772,manual_uploaded_rates,manual
EUR_USD-2023-11-28,2023-11-28,EUR_USD,EUR,USD,1.067645,manual_uploaded_rates,manual
USD_GBP-2023-11-28,2023-11-28,USD_GBP,USD,GBP,0.764003,manual_uploaded_rates,manual
GBP_EUR-2023-11-28,2023-11-28,GBP_EUR,GBP,EUR,1.155799,manual_uploaded_rates,manual
GBP_INR-2023-11-29,2023-11-29,GBP_INR,GBP,INR,106.2494,manual_uploaded_rates,manual
USD_INR-2023-11-29,2023-11-29,USD_INR,USD,INR,81.814,manual_uploaded_rates,manual
EUR_INR-2023-11-29,2023-11-29,EUR_INR,EUR,INR,89.9984,manual_uploaded_rates,manual
GBP_USD-2023-11-29,2023-11-29,GBP_USD,GBP,USD,1.264408,manual_uploaded_rates,manual
EUR_GBP-2023-11-29,2023-11-29,EUR_GBP,EUR,GBP,0.823335,manual_uploaded_rates,manual
EUR_USD-2023-11-29,2023-11-29,EUR_USD,EUR,USD,1.068375,manual_uploaded_rates,manual
USD_GBP-2023-11-29,2023-11-29,USD_GBP,USD,GBP,0.764526,manual_uploaded_rates,manual
GBP_EUR-2023-11-29,2023-11-29,GBP_EUR,GBP,EUR,1.15659,manual_uploaded_rates,manual
GBP_INR-2023-11-30,2023-11-30,GBP_INR,GBP,INR,106.3287,manual_uploaded_rates,manual
USD_INR-2023-11-30,2023-11-30,USD_INR,USD,INR,81.875,manual_uploaded_rates,manual
EUR_INR-2023-11-30,2023-11-30,EUR_INR,EUR,INR,90.0655,manual_uploaded_rates,manual
GBP_USD-2023-11-30,2023-11-30,GBP_USD,GBP,USD,1.26535,manual_uploaded_rates,manual
EUR_GBP-2023-11-30,2023-11-30,EUR_GBP,EUR,GBP,0.823949,manual_uploaded_rates,manual
EUR_USD-2023-11-30,2023-11-30,EUR_USD,EUR,USD,1.069172,manual_uploaded_rates,manual
USD_GBP-2023-11-30,2023-11-30,USD_GBP,USD,GBP,0.765095,manual_uploaded_rates,manual
GBP_EUR-2023-11-30,2023-11-30,GBP_EUR,GBP,EUR,1.157452,manual_uploaded_rates,manual
GBP_INR-2023-12-01,2023-12-01,GBP_INR,GBP,INR,106.4139,manual_uploaded_rates,manual
USD_INR-2023-12-01,2023-12-01,USD_INR,USD,INR,81.9406,manual_uploaded_rates,manual
EUR_INR-2023-12-01,2023-12-01,EUR_INR,EUR,INR,90.1377,manual_uploaded_rates,manual
GBP_USD-2023-12-01,2023-12-01,GBP_USD,GBP,USD,1.266364,manual_uploaded_rates,manual
EUR_GBP-2023-12-01,2023-12-01,EUR_GBP,EUR,GBP,0.824609,manual_uploaded_rates,manual
EUR_USD-2023-12-01,2023-12-01,EUR_USD,EUR,USD,1.070029,manual_uploaded_rates,manual
USD_GBP-2023-12-01,2023-12-01,USD_GBP,USD,GBP,0.765709,manual_uploaded_rates,manual
GBP_EUR-2023-12-01,2023-12-01,GBP_EUR,GBP,EUR,1.15838,manual_uploaded_rates,manual
GBP_INR-2023-12-02,2023-12-02,GBP_INR,GBP,INR,106.5044,manual_uploaded_rates,manual
USD_INR-2023-12-02,2023-12-02,USD_INR,USD,INR,82.0104,manual_uploaded_rates,manual
EUR_INR-2023-12-02,2023-12-02,EUR_INR,EUR,INR,90.2143,manual_uploaded_rates,manual
GBP_USD-2023-12-02,2023-12-02,GBP_USD,GBP,USD,1.267442,manual_uploaded_rates,manual
EUR_GBP-2023-12-02,2023-12-02,EUR_GBP,EUR,GBP,0.825311,manual_uploaded_rates,manual
EUR_USD-2023-12-02,2023-12-02,EUR_USD,EUR,USD,1.070939,manual_uploaded_rates,manual
USD_GBP-2023-12-02,2023-12-02,USD_GBP,USD,GBP,0.76636,manual_uploaded_rates,manual
GBP_EUR-2023-12-02,2023-12-02,GBP_EUR,GBP,EUR,1.159365,manual_uploaded_rates,manual
GBP_INR-2023-12-03,2023-12-03,GBP_INR,GBP,INR,106.5995,manual_uploaded_rates,manual
USD_INR-2023-12-03,2023-12-03,USD_INR,USD,INR,82.0836,manual_uploaded_rates,manual
EUR_INR-2023-12-03,2023-12-03,EUR_INR,EUR,INR,90.2949,manual_uploaded_rates,manual
GBP_USD-2023-12-03,2023-12-03,GBP_USD,GBP,USD,1.268574,manual_uploaded_rates,manual
EUR_GBP-2023-12-03,2023-12-03,EUR_GBP,EUR,GBP,0.826048,manual_uploaded_rates,manual
EUR_USD-2023-12-03,2023-12-03,EUR_USD,EUR,USD,1.071895,manual_uploaded_rates,manual
USD_GBP-2023-12-03,2023-12-03,USD_GBP,USD,GBP,0.767044,manual_uploaded_rates,manual
GBP_EUR-2023-12-03,2023-12-03,GBP_EUR,GBP,EUR,1.160401,manual_uploaded_rates,manual
GBP_INR-2023-12-04,2023-12-04,GBP_INR,GBP,INR,106.6983,manual_uploaded_rates,manual
USD_INR-2023-12-04,2023-12-04,USD_INR,USD,INR,82.1597,manual_uploaded_rates,manual
EUR_INR-2023-12-04,2023-12-04,EUR_INR,EUR,INR,90.3786,manual_uploaded_rates,manual
GBP_USD-2023-12-04,2023-12-04,GBP_USD,GBP,USD,1.269749,manual_uploaded_rates,manual
EUR_GBP-2023-12-04,2023-12-04,EUR_GBP,EUR,GBP,0.826813,manual_uploaded_rates,manual
EUR_USD-2023-12-04,2023-12-04,EUR_USD,EUR,USD,1.072889,manual_uploaded_rates,manual
USD_GBP-2023-12-04,2023-12-04,USD_GBP,USD,GBP,0.767755,manual_uploaded_rates,manual
GBP_EUR-2023-12-04,2023-12-04,GBP_EUR,GBP,EUR,1.161476,manual_uploaded_rates,manual
GBP_INR-2023-12-05,2023-12-05,GBP_INR,GBP,INR,106.7999,manual_uploaded_rates,manual
USD_INR-2023-12-05,2023-12-05,USD_INR,USD,INR,82.2379,manual_uploaded_rates,manual
EUR_INR-2023-12-05,2023-12-05,EUR_INR,EUR,INR,90.4646,manual_uploaded_rates,manual
GBP_USD-2023-12-05,2023-12-05,GBP_USD,GBP,USD,1.270958,manual_uploaded_rates,manual
EUR_GBP-2023-12-05,2023-12-05,EUR_GBP,EUR,GBP,0.8276,manual_uploaded_rates,manual
EUR_USD-2023-12-05,2023-12-05,EUR_USD,EUR,USD,1.07391,manual_uploaded_rates,manual
USD_GBP-2023-12-05,2023-12-05,USD_GBP,USD,GBP,0.768486,manual_uploaded_rates,manual
GBP_EUR-2023-12-05,2023-12-05,GBP_EUR,GBP,EUR,1.162582,manual_uploaded_rates,manual
GBP_INR-2023-12-06,2023-12-06,GBP_INR,GBP,INR,106.9032,manual_uploaded_rates,manual
USD_INR-2023-12-06,2023-12-06,USD_INR,USD,INR,82.3174,manual_uploaded_rates,manual
EUR_INR-2023-12-06,2023-12-06,EUR_INR,EUR,INR,90.5521,manual_uploaded_rates,manual
GBP_USD-2023-12-06,2023-12-06,GBP_USD,GBP,USD,1.272188,manual_uploaded_rates,manual
EUR_GBP-2023-12-06,2023-12-06,EUR_GBP,EUR,GBP,0.828401,manual_uploaded_rates,manual
EUR_USD-2023-12-06,2023-12-06,EUR_USD,EUR,USD,1.074949,manual_uploaded_rates,manual
USD_GBP-2023-12-06,2023-12-06,USD_GBP,USD,GBP,0.76923,manual_uploaded_rates,manual
GBP_EUR-2023-12-06,2023-12-06,GBP_EUR,GBP,EUR,1.163706,manual_uploaded_rates,manual
GBP_INR-2023-12-07,2023-12-07,GBP_INR,GBP,INR,107.0073,manual_uploaded_rates,manual
USD_INR-2023-12-07,2023-12-07,USD_INR,USD,INR,82.3976,manual_uploaded_rates,manual
EUR_INR-2023-12-07,2023-12-07,EUR_INR,EUR,INR,90.6403,manual_uploaded_rates,manual
GBP_USD-2023-12-07,2023-12-07,GBP_USD,GBP,USD,1.273426,manual_uploaded_rates,manual
EUR_GBP-2023-12-07,2023-12-07,EUR_GBP,EUR,GBP,0.829208,manual_uploaded_rates,manual
EUR_USD-2023-12-07,2023-12-07,EUR_USD,EUR,USD,1.075996,manual_uploaded_rates,manual
USD_GBP-2023-12-07,2023-12-07,USD_GBP,USD,GBP,0.769979,manual_uploaded_rates,manual
GBP_EUR-2023-12-07,2023-12-07,GBP_EUR,GBP,EUR,1.164839,manual_uploaded_rates,manual
GBP_INR-2023-12-08,2023-12-08,GBP_INR,GBP,INR,107.1111,manual_uploaded_rates,manual
USD_INR-2023-12-08,2023-12-08,USD_INR,USD,INR,82.4775,manual_uploaded_rates,manual
EUR_INR-2023-12-08,2023-12-08,EUR_INR,EUR,INR,90.7282,manual_uploaded_rates,manual
GBP_USD-2023-12-08,2023-12-08,GBP_USD,GBP,USD,1.274662,manual_uploaded_rates,manual
EUR_GBP-2023-12-08,2023-12-08,EUR_GBP,EUR,GBP,0.830012,manual_uploaded_rates,manual
EUR_USD-2023-12-08,2023-12-08,EUR_USD,EUR,USD,1.07704,manual_uploaded_rates,manual
USD_GBP-2023-12-08,2023-12-08,USD_GBP,USD,GBP,0.770726,manual_uploaded_rates,manual
GBP_EUR-2023-12-08,2023-12-08,GBP_EUR,GBP,EUR,1.165969,manual_uploaded_rates,manual
GBP_INR-2023-12-09,2023-12-09,GBP_INR,GBP,INR,107.2136,manual_uploaded_rates,manual
USD_INR-2023-12-09,2023-12-09,USD_INR,USD,INR,82.5564,manual_uploaded_rates,manual
EUR_INR-2023-12-09,2023-12-09,EUR_INR,EUR,INR,90.815,manual_uploaded_rates,manual
GBP_USD-2023-12-09,2023-12-09,GBP_USD,GBP,USD,1.275881,manual_uploaded_rates,manual
EUR_GBP-2023-12-09,2023-12-09,EUR_GBP,EUR,GBP,0.830806,manual_uploaded_rates,manual
EUR_USD-2023-12-09,2023-12-09,EUR_USD,EUR,USD,1.07807,manual_uploaded_rates,manual
USD_GBP-2023-12-09,2023-12-09,USD_GBP,USD,GBP,0.771463,manual_uploaded_rates,manual
GBP_EUR-2023-12-09,2023-12-09,GBP_EUR,GBP,EUR,1.167085,manual_uploaded_rates,manual
GBP_INR-2023-12-10,2023-12-10,GBP_INR,GBP,INR,107.3137,manual_uploaded_rates,manual
USD_INR-2023-12-10,2023-12-10,USD_INR,USD,INR,82.6335,manual_uploaded_rates,manual
EUR_INR-2023-12-10,2023-12-10,EUR_INR,EUR,INR,90.8999,manual_uploaded_rates,manual
GBP_USD-2023-12-10,2023-12-10,GBP_USD,GBP,USD,1.277073,manual_uploaded_rates,manual
EUR_GBP-2023-12-10,2023-12-10,EUR_GBP,EUR,GBP,0.831582,manual_uploaded_rates,manual
EUR_USD-2023-12-10,2023-12-10,EUR_USD,EUR,USD,1.079077,manual_uploaded_rates,manual
USD_GBP-2023-12-10,2023-12-10,USD_GBP,USD,GBP,0.772184,manual_uploaded_rates,manual
GBP_EUR-2023-12-10,2023-12-10,GBP_EUR,GBP,EUR,1.168175,manual_uploaded_rates,manual
GBP_INR-2023-12-11,2023-12-11,GBP_INR,GBP,INR,107.4105,manual_uploaded_rates,manual
USD_INR-2023-12-11,2023-12-11,USD_INR,USD,INR,82.7081,manual_uploaded_rates,manual
EUR_INR-2023-12-11,2023-12-11,EUR_INR,EUR,INR,90.9819,manual_uploaded_rates,manual
GBP_USD-2023-12-11,2023-12-11,GBP_USD,GBP,USD,1.278225,manual_uploaded_rates,manual
EUR_GBP-2023-12-11,2023-12-11,EUR_GBP,EUR,GBP,0.832333,manual_uploaded_rates,manual
EUR_USD-2023-12-11,2023-12-11,EUR_USD,EUR,USD,1.080051,manual_uploaded_rates,manual
USD_GBP-2023-12-11,2023-12-11,USD_GBP,USD,GBP,0.77288,manual_uploaded_rates,manual
GBP_EUR-2023-12-11,2023-12-11,GBP_EUR,GBP,EUR,1.169229,manual_uploaded_rates,manual
GBP_INR-2023-12-12,2023-12-12,GBP_INR,GBP,INR,107.5031,manual_uploaded_rates,manual
USD_INR-2023-12-12,2023-12-12,USD_INR,USD,INR,82.7794,manual_uploaded_rates,manual
EUR_INR-2023-12-12,2023-12-12,EUR_INR,EUR,INR,91.0603,manual_uploaded_rates,manual
GBP_USD-2023-12-12,2023-12-12,GBP_USD,GBP,USD,1.279327,manual_uploaded_rates,manual
EUR_GBP-2023-12-12,2023-12-12,EUR_GBP,EUR,GBP,0.83305,manual_uploaded_rates,manual
EUR_USD-2023-12-12,2023-12-12,EUR_USD,EUR,USD,1.080982,manual_uploaded_rates,manual
USD_GBP-2023-12-12,2023-12-12,USD_GBP,USD,GBP,0.773547,manual_uploaded_rates,manual
GBP_EUR-2023-12-12,2023-12-12,GBP_EUR,GBP,EUR,1.170237,manual_uploaded_rates,manual
GBP_INR-2023-12-13,2023-12-13,GBP_INR,GBP,INR,107.5907,manual_uploaded_rates,manual
USD_INR-2023-12-13,2023-12-13,USD_INR,USD,INR,82.8468,manual_uploaded_rates,manual
EUR_INR-2023-12-13,2023-12-13,EUR_INR,EUR,INR,91.1345,manual_uploaded_rates,manual
GBP_USD-2023-12-13,2023-12-13,GBP_USD,GBP,USD,1.280369,manual_uploaded_rates,manual
EUR_GBP-2023-12-13,2023-12-13,EUR_GBP,EUR,GBP,0.833728,manual_uploaded_rates,manual
EUR_USD-2023-12-13,2023-12-13,EUR_USD,EUR,USD,1.081862,manual_uploaded_rates,manual
USD_GBP-2023-12-13,2023-12-13,USD_GBP,USD,GBP,0.774176,manual_uploaded_rates,manual
GBP_EUR-2023-12-13,2023-12-13,GBP_EUR,GBP,EUR,1.17119,manual_uploaded_rates,manual
GBP_INR-2023-12-14,2023-12-14,GBP_INR,GBP,INR,107.6724,manual_uploaded_rates,manual
USD_INR-2023-12-14,2023-12-14,USD_INR,USD,INR,82.9097,manual_uploaded_rates,manual
EUR_INR-2023-12-14,2023-12-14,EUR_INR,EUR,INR,91.2037,manual_uploaded_rates,manual
GBP_USD-2023-12-14,2023-12-14,GBP_USD,GBP,USD,1.281341,manual_uploaded_rates,manual
EUR_GBP-2023-12-14,2023-12-14,EUR_GBP,EUR,GBP,0.834362,manual_uploaded_rates,manual
EUR_USD-2023-12-14,2023-12-14,EUR_USD,EUR,USD,1.082683,manual_uploaded_rates,manual
USD_GBP-2023-12-14,2023-12-14,USD_GBP,USD,GBP,0.774764,manual_uploaded_rates,manual
GBP_EUR-2023-12-14,2023-12-14,GBP_EUR,GBP,EUR,1.172079,manual_uploaded_rates,manual
GBP_INR-2023-12-15,2023-12-15,GBP_INR,GBP,INR,107.7476,manual_uploaded_rates,manual
USD_INR-2023-12-15,2023-12-15,USD_INR,USD,INR,82.9676,manual_uploaded_rates,manual
EUR_INR-2023-12-15,2023-12-15,EUR_INR,EUR,INR,91.2674,manual_uploaded_rates,manual
GBP_USD-2023-12-15,2023-12-15,GBP_USD,GBP,USD,1.282236,manual_uploaded_rates,manual
EUR_GBP-2023-12-15,2023-12-15,EUR_GBP,EUR,GBP,0.834945,manual_uploaded_rates,manual
EUR_USD-2023-12-15,2023-12-15,EUR_USD,EUR,USD,1.08344,manual_uploaded_rates,manual
USD_GBP-2023-12-15,2023-12-15,USD_GBP,USD,GBP,0.775306,manual_uploaded_rates,manual
GBP_EUR-2023-12-15,2023-12-15,GBP_EUR,GBP,EUR,1.172898,manual_uploaded_rates,manual
GBP_INR-2023-12-16,2023-12-16,GBP_INR,GBP,INR,107.8159,manual_uploaded_rates,manual
USD_INR-2023-12-16,2023-12-16,USD_INR,USD,INR,83.0202,manual_uploaded_rates,manual
EUR_INR-2023-12-16,2023-12-16,EUR_INR,EUR,INR,91.3252,manual_uploaded_rates,manual
GBP_USD-2023-12-16,2023-12-16,GBP_USD,GBP,USD,1.283048,manual_uploaded_rates,manual
EUR_GBP-2023-12-16,2023-12-16,EUR_GBP,EUR,GBP,0.835473,manual_uploaded_rates,manual
EUR_USD-2023-12-16,2023-12-16,EUR_USD,EUR,USD,1.084126,manual_uploaded_rates,manual
USD_GBP-2023-12-16,2023-12-16,USD_GBP,USD,GBP,0.775797,manual_uploaded_rates,manual
GBP_EUR-2023-12-16,2023-12-16,GBP_EUR,GBP,EUR,1.173641,manual_uploaded_rates,manual
GBP_INR-2023-12-17,2023-12-17,GBP_INR,GBP,INR,107.8767,manual_uploaded_rates,manual
USD_INR-2023-12-17,2023-12-17,USD_INR,USD,INR,83.0671,manual_uploaded_rates,manual
EUR_INR-2023-12-17,2023-12-17,EUR_INR,EUR,INR,91.3767,manual_uploaded_rates,manual
GBP_USD-2023-12-17,2023-12-17,GBP_USD,GBP,USD,1.283773,manual_uploaded_rates,manual
EUR_GBP-2023-12-17,2023-12-17,EUR_GBP,EUR,GBP,0.835945,manual_uploaded_rates,manual
EUR_USD-2023-12-17,2023-12-17,EUR_USD,EUR,USD,1.084738,manual_uploaded_rates,manual
USD_GBP-2023-12-17,2023-12-17,USD_GBP,USD,GBP,0.776235,manual_uploaded_rates,manual
GBP_EUR-2023-12-17,2023-12-17,GBP_EUR,GBP,EUR,1.174304,manual_uploaded_rates,manual
GBP_INR-2023-12-18,2023-12-18,GBP_INR,GBP,INR,107.9299,manual_uploaded_rates,manual
USD_INR-2023-12-18,2023-12-18,USD_INR,USD,INR,83.108,manual_uploaded_rates,manual
EUR_INR-2023-12-18,2023-12-18,EUR_INR,EUR,INR,91.4218,manual_uploaded_rates,manual
GBP_USD-2023-12-18,2023-12-18,GBP_USD,GBP,USD,1.284406,manual_uploaded_rates,manual
EUR_GBP-2023-12-18,2023-12-18,EUR_GBP,EUR,GBP,0.836357,manual_uploaded_rates,manual
EUR_USD-2023-12-18,2023-12-18,EUR_USD,EUR,USD,1.085273,manual_uploaded_rates,manual
USD_GBP-2023-12-18,2023-12-18,USD_GBP,USD,GBP,0.776617,manual_uploaded_rates,manual
GBP_EUR-2023-12-18,2023-12-18,GBP_EUR,GBP,EUR,1.174883,manual_uploaded_rates,manual
GBP_INR-2023-12-19,2023-12-19,GBP_INR,GBP,INR,107.9753,manual_uploaded_rates,manual
USD_INR-2023-12-19,2023-12-19,USD_INR,USD,INR,83.143,manual_uploaded_rates,manual
EUR_INR-2023-12-19,2023-12-19,EUR_INR,EUR,INR,91.4603,manual_uploaded_rates,manual
GBP_USD-2023-12-19,2023-12-19,GBP_USD,GBP,USD,1.284946,manual_uploaded_rates,manual
EUR_GBP-2023-12-19,2023-12-19,EUR_GBP,EUR,GBP,0.836709,manual_uploaded_rates,manual
EUR_USD-2023-12-19,2023-12-19,EUR_USD,EUR,USD,1.085729,manual_uploaded_rates,manual
USD_GBP-2023-12-19,2023-12-19,USD_GBP,USD,GBP,0.776944,manual_uploaded_rates,manual
GBP_EUR-2023-12-19,2023-12-19,GBP_EUR,GBP,EUR,1.175377,manual_uploaded_rates,manual
GBP_INR-2023-12-20,2023-12-20,GBP_INR,GBP,INR,108.0129,manual_uploaded_rates,manual
USD_INR-2023-12-20,2023-12-20,USD_INR,USD,INR,83.1719,manual_uploaded_rates,manual
EUR_INR-2023-12-20,2023-12-20,EUR_INR,EUR,INR,91.4921,manual_uploaded_rates,manual
GBP_USD-2023-12-20,2023-12-20,GBP_USD,GBP,USD,1.285393,manual_uploaded_rates,manual
EUR_GBP-2023-12-20,2023-12-20,EUR_GBP,EUR,GBP,0.837,manual_uploaded_rates,manual
EUR_USD-2023-12-20,2023-12-20,EUR_USD,EUR,USD,1.086108,manual_uploaded_rates,manual
USD_GBP-2023-12-20,2023-12-20,USD_GBP,USD,GBP,0.777215,manual_uploaded_rates,manual
GBP_EUR-2023-12-20,2023-12-20,GBP_EUR,GBP,EUR,1.175786,manual_uploaded_rates,manual
GBP_INR-2023-12-21,2023-12-21,GBP_INR,GBP,INR,108.0429,manual_uploaded_rates,manual
USD_INR-2023-12-21,2023-12-21,USD_INR,USD,INR,83.195,manual_uploaded_rates,manual
EUR_INR-2023-12-21,2023-12-21,EUR_INR,EUR,INR,91.5175,manual_uploaded_rates,manual
GBP_USD-2023-12-21,2023-12-21,GBP_USD,GBP,USD,1.28575,manual_uploaded_rates,manual
EUR_GBP-2023-12-21,2023-12-21,EUR_GBP,EUR,GBP,0.837232,manual_uploaded_rates,manual
EUR_USD-2023-12-21,2023-12-21,EUR_USD,EUR,USD,1.086409,manual_uploaded_rates,manual
USD_GBP-2023-12-21,2023-12-21,USD_GBP,USD,GBP,0.77743,manual_uploaded_rates,manual
GBP_EUR-2023-12-21,2023-12-21,GBP_EUR,GBP,EUR,1.176112,manual_uploaded_rates,manual
GBP_INR-2023-12-22,2023-12-22,GBP_INR,GBP,INR,108.0654,manual_uploaded_rates,manual
USD_INR-2023-12-22,2023-12-22,USD_INR,USD,INR,83.2124,manual_uploaded_rates,manual
EUR_INR-2023-12-22,2023-12-22,EUR_INR,EUR,INR,91.5366,manual_uploaded_rates,manual
GBP_USD-2023-12-22,2023-12-22,GBP_USD,GBP,USD,1.286019,manual_uploaded_rates,manual
EUR_GBP-2023-12-22,2023-12-22,EUR_GBP,EUR,GBP,0.837407,manual_uploaded_rates,manual
EUR_USD-2023-12-22,2023-12-22,EUR_USD,EUR,USD,1.086636,manual_uploaded_rates,manual
USD_GBP-2023-12-22,2023-12-22,USD_GBP,USD,GBP,0.777593,manual_uploaded_rates,manual
GBP_EUR-2023-12-22,2023-12-22,GBP_EUR,GBP,EUR,1.176358,manual_uploaded_rates,manual
GBP_INR-2023-12-23,2023-12-23,GBP_INR,GBP,INR,108.0811,manual_uploaded_rates,manual
USD_INR-2023-12-23,2023-12-23,USD_INR,USD,INR,83.2244,manual_uploaded_rates,manual
EUR_INR-2023-12-23,2023-12-23,EUR_INR,EUR,INR,91.5498,manual_uploaded_rates,manual
GBP_USD-2023-12-23,2023-12-23,GBP_USD,GBP,USD,1.286204,manual_uploaded_rates,manual
EUR_GBP-2023-12-23,2023-12-23,EUR_GBP,EUR,GBP,0.837528,manual_uploaded_rates,manual
EUR_USD-2023-12-23,2023-12-23,EUR_USD,EUR,USD,1.086793,manual_uploaded_rates,manual
USD_GBP-2023-12-23,2023-12-23,USD_GBP,USD,GBP,0.777705,manual_uploaded_rates,manual
GBP_EUR-2023-12-23,2023-12-23,GBP_EUR,GBP,EUR,1.176528,manual_uploaded_rates,manual
GBP_INR-2023-12-24,2023-12-24,GBP_INR,GBP,INR,108.0902,manual_uploaded_rates,manual
USD_INR-2023-12-24,2023-12-24,USD_INR,USD,INR,83.2315,manual_uploaded_rates,manual
EUR_INR-2023-12-24,2023-12-24,EUR_INR,EUR,INR,91.5576,manual_uploaded_rates,manual
GBP_USD-2023-12-24,2023-12-24,GBP_USD,GBP,USD,1.286314,manual_uploaded_rates,manual
EUR_GBP-2023-12-24,2023-12-24,EUR_GBP,EUR,GBP,0.8376,manual_uploaded_rates,manual
EUR_USD-2023-12-24,2023-12-24,EUR_USD,EUR,USD,1.086885,manual_uploaded_rates,manual
USD_GBP-2023-12-24,2023-12-24,USD_GBP,USD,GBP,0.777771,manual_uploaded_rates,manual
GBP_EUR-2023-12-24,2023-12-24,GBP_EUR,GBP,EUR,1.176628,manual_uploaded_rates,manual
GBP_INR-2023-12-25,2023-12-25,GBP_INR,GBP,INR,108.0936,manual_uploaded_rates,manual
USD_INR-2023-12-25,2023-12-25,USD_INR,USD,INR,83.234,manual_uploaded_rates,manual
EUR_INR-2023-12-25,2023-12-25,EUR_INR,EUR,INR,91.5604,manual_uploaded_rates,manual
GBP_USD-2023-12-25,2023-12-25,GBP_USD,GBP,USD,1.286353,manual_uploaded_rates,manual
EUR_GBP-2023-12-25,2023-12-25,EUR_GBP,EUR,GBP,0.837626,manual_uploaded_rates,manual
EUR_USD-2023-12-25,2023-12-25,EUR_USD,EUR,USD,1.086919,manual_uploaded_rates,manual
USD_GBP-2023-12-25,2023-12-25,USD_GBP,USD,GBP,0.777795,manual_uploaded_rates,manual
GBP_EUR-2023-12-25,2023-12-25,GBP_EUR,GBP,EUR,1.176664,manual_uploaded_rates,manual
GBP_INR-2023-12-26,2023-12-26,GBP_INR,GBP,INR,108.0918,manual_uploaded_rates,manual
USD_INR-2023-12-26,2023-12-26,USD_INR,USD,INR,83.2327,manual_uploaded_rates,manual
EUR_INR-2023-12-26,2023-12-26,EUR_INR,EUR,INR,91.559,manual_uploaded_rates,manual
GBP_USD-2023-12-26,2023-12-26,GBP_USD,GBP,USD,1.286333,manual_uploaded_rates,manual
EUR_GBP-2023-12-26,2023-12-26,EUR_GBP,EUR,GBP,0.837612,manual_uploaded_rates,manual
EUR_USD-2023-12-26,2023-12-26,EUR_USD,EUR,USD,1.086901,manual_uploaded_rates,manual
USD_GBP-2023-12-26,2023-12-26,USD_GBP,USD,GBP,0.777782,manual_uploaded_rates,manual
GBP_EUR-2023-12-26,2023-12-26,GBP_EUR,GBP,EUR,1.176645,manual_uploaded_rates,manual
GBP_INR-2023-12-27,2023-12-27,GBP_INR,GBP,INR,108.0857,manual_uploaded_rates,manual
USD_INR-2023-12-27,2023-12-27,USD_INR,USD,INR,83.228,manual_uploaded_rates,manual
EUR_INR-2023-12-27,2023-12-27,EUR_INR,EUR,INR,91.5538,manual_uploaded_rates,manual
GBP_USD-2023-12-27,2023-12-27,GBP_USD,GBP,USD,1.28626,manual_uploaded_rates,manual
EUR_GBP-2023-12-27,2023-12-27,EUR_GBP,EUR,GBP,0.837565,manual_uploaded_rates,manual
EUR_USD-2023-12-27,2023-12-27,EUR_USD,EUR,USD,1.08684,manual_uploaded_rates,manual
USD_GBP-2023-12-27,2023-12-27,USD_GBP,USD,GBP,0.777739,manual_uploaded_rates,manual
GBP_EUR-2023-12-27,2023-12-27,GBP_EUR,GBP,EUR,1.176579,manual_uploaded_rates,manual
GBP_INR-2023-12-28,2023-12-28,GBP_INR,GBP,INR,108.0762,manual_uploaded_rates,manual
USD_INR-2023-12-28,2023-12-28,USD_INR,USD,INR,83.2207,manual_uploaded_rates,manual
EUR_INR-2023-12-28,2023-12-28,EUR_INR,EUR,INR,91.5457,manual_uploaded_rates,manual
GBP_USD-2023-12-28,2023-12-28,GBP_USD,GBP,USD,1.286147,manual_uploaded_rates,manual
EUR_GBP-2023-12-28,2023-12-28,EUR_GBP,EUR,GBP,0.837491,manual_uploaded_rates,manual
EUR_USD-2023-12-28,2023-12-28,EUR_USD,EUR,USD,1.086744,manual_uploaded_rates,manual
USD_GBP-2023-12-28,2023-12-28,USD_GBP,USD,GBP,0.77767,manual_uploaded_rates,manual
GBP_EUR-2023-12-28,2023-12-28,GBP_EUR,GBP,EUR,1.176475,manual_uploaded_rates,manual
GBP_INR-2023-12-29,2023-12-29,GBP_INR,GBP,INR,108.0641,manual_uploaded_rates,manual
USD_INR-2023-12-29,2023-12-29,USD_INR,USD,INR,83.2114,manual_uploaded_rates,manual
EUR_INR-2023-12-29,2023-12-29,EUR_INR,EUR,INR,91.5355,manual_uploaded_rates,manual
GBP_USD-2023-12-29,2023-12-29,GBP_USD,GBP,USD,1.286003,manual_uploaded_rates,manual
EUR_GBP-2023-12-29,2023-12-29,EUR_GBP,EUR,GBP,0.837397,manual_uploaded_rates,manual
EUR_USD-2023-12-29,2023-12-29,EUR_USD,EUR,USD,1.086622,manual_uploaded_rates,manual
USD_GBP-2023-12-29,2023-12-29,USD_GBP,USD,GBP,0.777583,manual_uploaded_rates,manual
GBP_EUR-2023-12-29,2023-12-29,GBP_EUR,GBP,EUR,1.176344,manual_uploaded_rates,manual
GBP_INR-2023-12-30,2023-12-30,GBP_INR,GBP,INR,108.0504,manual_uploaded_rates,manual
USD_INR-2023-12-30,2023-12-30,USD_INR,USD,INR,83.2008,manual_uploaded_rates,manual
EUR_INR-2023-12-30,2023-12-30,EUR_INR,EUR,INR,91.5238,manual_uploaded_rates,manual
GBP_USD-2023-12-30,2023-12-30,GBP_USD,GBP,USD,1.285839,manual_uploaded_rates,manual
EUR_GBP-2023-12-30,2023-12-30,EUR_GBP,EUR,GBP,0.837291,manual_uploaded_rates,manual
EUR_USD-2023-12-30,2023-12-30,EUR_USD,EUR,USD,1.086484,manual_uploaded_rates,manual
USD_GBP-2023-12-30,2023-12-30,USD_GBP,USD,GBP,0.777484,manual_uploaded_rates,manual
GBP_EUR-2023-12-30,2023-12-30,GBP_EUR,GBP,EUR,1.176194,manual_uploaded_rates,manual
GBP_INR-2023-12-31,2023-12-31,GBP_INR,GBP,INR,108.0359,manual_uploaded_rates,manual
USD_INR-2023-12-31,2023-12-31,USD_INR,USD,INR,83.1896,manual_uploaded_rates,manual
EUR_INR-2023-12-31,2023-12-31,EUR_INR,EUR,INR,91.5116,manual_uploaded_rates,manual
GBP_USD-2023-12-31,2023-12-31,GBP_USD,GBP,USD,1.285667,manual_uploaded_rates,manual
EUR_GBP-2023-12-31,2023-12-31,EUR_GBP,EUR,GBP,0.837178,manual_uploaded_rates,manual
EUR_USD-2023-12-31,2023-12-31,EUR_USD,EUR,USD,1.086339,manual_uploaded_rates,manual
USD_GBP-2023-12-31,2023-12-31,USD_GBP,USD,GBP,0.77738,manual_uploaded_rates,manual
GBP_EUR-2023-12-31,2023-12-31,GBP_EUR,GBP,EUR,1.176036,manual_uploaded_rates,manual
GBP_INR-2024-01-01,2024-01-01,GBP_INR,GBP,INR,108.0216,manual_uploaded_rates,manual
USD_INR-2024-01-01,2024-01-01,USD_INR,USD,INR,83.1786,manual_uploaded_rates,manual
EUR_INR-2024-01-01,2024-01-01,EUR_INR,EUR,INR,91.4994,manual_uploaded_rates,manual
GBP_USD-2024-01-01,2024-01-01,GBP_USD,GBP,USD,1.285496,manual_uploaded_rates,manual
EUR_GBP-2024-01-01,2024-01-01,EUR_GBP,EUR,GBP,0.837067,manual_uploaded_rates,manual
EUR_USD-2024-01-01,2024-01-01,EUR_USD,EUR,USD,1.086195,manual_uploaded_rates,manual
USD_GBP-2024-01-01,2024-01-01,USD_GBP,USD,GBP,0.777277,manual_uploaded_rates,manual
GBP_EUR-2024-01-01,2024-01-01,GBP_EUR,GBP,EUR,1.17588,manual_uploaded_rates,manual
GBP_INR-2024-01-02,2024-01-02,GBP_INR,GBP,INR,108.0083,manual_uploaded_rates,manual
USD_INR-2024-01-02,2024-01-02,USD_INR,USD,INR,83.1684,manual_uploaded_rates,manual
EUR_INR-2024-01-02,2024-01-02,EUR_INR,EUR,INR,91.4882,manual_uploaded_rates,manual
GBP_USD-2024-01-02,2024-01-02,GBP_USD,GBP,USD,1.285339,manual_uploaded_rates,manual
EUR_GBP-2024-01-02,2024-01-02,EUR_GBP,EUR,GBP,0.836965,manual_uploaded_rates,manual
EUR_USD-2024-01-02,2024-01-02,EUR_USD,EUR,USD,1.086061,manual_uploaded_rates,manual
USD_GBP-2024-01-02,2024-01-02,USD_GBP,USD,GBP,0.777181,manual_uploaded_rates,manual
GBP_EUR-2024-01-02,2024-01-02,GBP_EUR,GBP,EUR,1.175736,manual_uploaded_rates,manual
GBP_INR-2024-01-03,2024-01-03,GBP_INR,GBP,INR,107.9969,manual_uploaded_rates,manual
USD_INR-2024-01-03,2024-01-03,USD_INR,USD,INR,83.1596,manual_uploaded_rates,manual
EUR_INR-2024-01-03,2024-01-03,EUR_INR,EUR,INR,91.4785,manual_uploaded_rates,manual
GBP_USD-2024-01-03,2024-01-03,GBP_USD,GBP,USD,1.285203,manual_uploaded_rates,manual
EUR_GBP-2024-01-03,2024-01-03,EUR_GBP,EUR,GBP,0.836876,manual_uploaded_rates,manual
EUR_USD-2024-01-03,2024-01-03,EUR_USD,EUR,USD,1.085947,manual_uploaded_rates,manual
USD_GBP-2024-01-03,2024-01-03,USD_GBP,USD,GBP,0.777099,manual_uploaded_rates,manual
GBP_EUR-2024-01-03,2024-01-03,GBP_EUR,GBP,EUR,1.175612,manual_uploaded_rates,manual
GBP_INR-2024-01-04,2024-01-04,GBP_INR,GBP,INR,107.9881,manual_uploaded_rates,manual
USD_INR-2024-01-04,2024-01-04,USD_INR,USD,INR,83.1528,manual_uploaded_rates,manual
EUR_INR-2024-01-04,2024-01-04,EUR_INR,EUR,INR,91.4711,manual_uploaded_rates,manual
GBP_USD-2024-01-04,2024-01-04,GBP_USD,GBP,USD,1.285098,manual_uploaded_rates,manual
EUR_GBP-2024-01-04,2024-01-04,EUR_GBP,EUR,GBP,0.836808,manual_uploaded_rates,manual
EUR_USD-2024-01-04,2024-01-04,EUR_USD,EUR,USD,1.085858,manual_uploaded_rates,manual
USD_GBP-2024-01-04,2024-01-04,USD_GBP,USD,GBP,0.777036,manual_uploaded_rates,manual
GBP_EUR-2024-01-04,2024-01-04,GBP_EUR,GBP,EUR,1.175516,manual_uploaded_rates,manual
GBP_INR-2024-01-05,2024-01-05,GBP_INR,GBP,INR,107.9826,manual_uploaded_rates,manual
USD_INR-2024-01-05,2024-01-05,USD_INR,USD,INR,83.1486,manual_uploaded_rates,manual
EUR_INR-2024-01-05,2024-01-05,EUR_INR,EUR,INR,91.4664,manual_uploaded_rates,manual
GBP_USD-2024-01-05,2024-01-05,GBP_USD,GBP,USD,1.285032,manual_uploaded_rates,manual
EUR_GBP-2024-01-05,2024-01-05,EUR_GBP,EUR,GBP,0.836765,manual_uploaded_rates,manual
EUR_USD-2024-01-05,2024-01-05,EUR_USD,EUR,USD,1.085803,manual_uploaded_rates,manual
USD_GBP-2024-01-05,2024-01-05,USD_GBP,USD,GBP,0.776996,manual_uploaded_rates,manual
GBP_EUR-2024-01-05,2024-01-05,GBP_EUR,GBP,EUR,1.175456,manual_uploaded_rates,manual
GBP_INR-2024-01-06,2024-01-06,GBP_INR,GBP,INR,107.9809,manual_uploaded_rates,manual
USD_INR-2024-01-06,2024-01-06,USD_INR,USD,INR,83.1473,manual_uploaded_rates,manual
EUR_INR-2024-01-06,2024-01-06,EUR_INR,EUR,INR,91.465,manual_uploaded_rates,manual
GBP_USD-2024-01-06,2024-01-06,GBP_USD,GBP,USD,1.285012,manual_uploaded_rates,manual
EUR_GBP-2024-01-06,2024-01-06,EUR_GBP,EUR,GBP,0.836752,manual_uploaded_rates,manual
EUR_USD-2024-01-06,2024-01-06,EUR_USD,EUR,USD,1.085786,manual_uploaded_rates,manual
USD_GBP-2024-01-06,2024-01-06,USD_GBP,USD,GBP,0.776984,manual_uploaded_rates,manual
GBP_EUR-2024-01-06,2024-01-06,GBP_EUR,GBP,EUR,1.175438,manual_uploaded_rates,manual
GBP_INR-2024-01-07,2024-01-07,GBP_INR,GBP,INR,107.9835,manual_uploaded_rates,manual
USD_INR-2024-01-07,2024-01-07,USD_INR,USD,INR,83.1493,manual_uploaded_rates,manual
EUR_INR-2024-01-07,2024-01-07,EUR_INR,EUR,INR,91.4672,manual_uploaded_rates,manual
GBP_USD-2024-01-07,2024-01-07,GBP_USD,GBP,USD,1.285043,manual_uploaded_rates,manual
EUR_GBP-2024-01-07,2024-01-07,EUR_GBP,EUR,GBP,0.836772,manual_uploaded_rates,manual
EUR_USD-2024-01-07,2024-01-07,EUR_USD,EUR,USD,1.085812,manual_uploaded_rates,manual
USD_GBP-2024-01-07,2024-01-07,USD_GBP,USD,GBP,0.777003,manual_uploaded_rates,manual
GBP_EUR-2024-01-07,2024-01-07,GBP_EUR,GBP,EUR,1.175466,manual_uploaded_rates,manual
GBP_INR-2024-01-08,2024-01-08,GBP_INR,GBP,INR,107.9907,manual_uploaded_rates,manual
USD_INR-2024-01-08,2024-01-08,USD_INR,USD,INR,83.1549,manual_uploaded_rates,manual
EUR_INR-2024-01-08,2024-01-08,EUR_INR,EUR,INR,91.4733,manual_uploaded_rates,manual
GBP_USD-2024-01-08,2024-01-08,GBP_USD,GBP,USD,1.28513,manual_uploaded_rates,manual
EUR_GBP-2024-01-08,2024-01-08,EUR_GBP,EUR,GBP,0.836829,manual_uploaded_rates,manual
EUR_USD-2024-01-08,2024-01-08,EUR_USD,EUR,USD,1.085885,manual_uploaded_rates,manual
USD_GBP-2024-01-08,2024-01-08,USD_GBP,USD,GBP,0.777055,manual_uploaded_rates,manual
GBP_EUR-2024-01-08,2024-01-08,GBP_EUR,GBP,EUR,1.175545,manual_uploaded_rates,manual
GBP_INR-2024-01-09,2024-01-09,GBP_INR,GBP,INR,108.0028,manual_uploaded_rates,manual
USD_INR-2024-01-09,2024-01-09,USD_INR,USD,INR,83.1642,manual_uploaded_rates,manual
EUR_INR-2024-01-09,2024-01-09,EUR_INR,EUR,INR,91.4836,manual_uploaded_rates,manual
GBP_USD-2024-01-09,2024-01-09,GBP_USD,GBP,USD,1.285274,manual_uploaded_rates,manual
EUR_GBP-2024-01-09,2024-01-09,EUR_GBP,EUR,GBP,0.836922,manual_uploaded_rates,manual
EUR_USD-2024-01-09,2024-01-09,EUR_USD,EUR,USD,1.086006,manual_uploaded_rates,manual
USD_GBP-2024-01-09,2024-01-09,USD_GBP,USD,GBP,0.777142,manual_uploaded_rates,manual
GBP_EUR-2024-01-09,2024-01-09,GBP_EUR,GBP,EUR,1.175677,manual_uploaded_rates,manual
GBP_INR-2024-01-10,2024-01-10,GBP_INR,GBP,INR,108.0199,manual_uploaded_rates,manual
USD_INR-2024-01-10,2024-01-10,USD_INR,USD,INR,83.1773,manual_uploaded_rates,manual
EUR_INR-2024-01-10,2024-01-10,EUR_INR,EUR,INR,91.498,manual_uploaded_rates,manual
GBP_USD-2024-01-10,2024-01-10,GBP_USD,GBP,USD,1.285476,manual_uploaded_rates,manual
EUR_GBP-2024-01-10,2024-01-10,EUR_GBP,EUR,GBP,0.837054,manual_uploaded_rates,manual
EUR_USD-2024-01-10,2024-01-10,EUR_USD,EUR,USD,1.086178,manual_uploaded_rates,manual
USD_GBP-2024-01-10,2024-01-10,USD_GBP,USD,GBP,0.777265,manual_uploaded_rates,manual
GBP_EUR-2024-01-10,2024-01-10,GBP_EUR,GBP,EUR,1.175862,manual_uploaded_rates,manual
GBP_INR-2024-01-11,2024-01-11,GBP_INR,GBP,INR,108.0418,manual_uploaded_rates,manual
USD_INR-2024-01-11,2024-01-11,USD_INR,USD,INR,83.1942,manual_uploaded_rates,manual
EUR_INR-2024-01-11,2024-01-11,EUR_INR,EUR,INR,91.5166,manual_uploaded_rates,manual
GBP_USD-2024-01-11,2024-01-11,GBP_USD,GBP,USD,1.285737,manual_uploaded_rates,manual
EUR_GBP-2024-01-11,2024-01-11,EUR_GBP,EUR,GBP,0.837224,manual_uploaded_rates,manual
EUR_USD-2024-01-11,2024-01-11,EUR_USD,EUR,USD,1.086398,manual_uploaded_rates,manual
USD_GBP-2024-01-11,2024-01-11,USD_GBP,USD,GBP,0.777422,manual_uploaded_rates,manual
GBP_EUR-2024-01-11,2024-01-11,GBP_EUR,GBP,EUR,1.176101,manual_uploaded_rates,manual
GBP_INR-2024-01-12,2024-01-12,GBP_INR,GBP,INR,108.0684,manual_uploaded_rates,manual
USD_INR-2024-01-12,2024-01-12,USD_INR,USD,INR,83.2147,manual_uploaded_rates,manual
EUR_INR-2024-01-12,2024-01-12,EUR_INR,EUR,INR,91.5392,manual_uploaded_rates,manual
GBP_USD-2024-01-12,2024-01-12,GBP_USD,GBP,USD,1.286054,manual_uploaded_rates,manual
EUR_GBP-2024-01-12,2024-01-12,EUR_GBP,EUR,GBP,0.837431,manual_uploaded_rates,manual
EUR_USD-2024-01-12,2024-01-12,EUR_USD,EUR,USD,1.086666,manual_uploaded_rates,manual
USD_GBP-2024-01-12,2024-01-12,USD_GBP,USD,GBP,0.777614,manual_uploaded_rates,manual
GBP_EUR-2024-01-12,2024-01-12,GBP_EUR,GBP,EUR,1.176391,manual_uploaded_rates,manual
GBP_INR-2024-01-13,2024-01-13,GBP_INR,GBP,INR,108.0995,manual_uploaded_rates,manual
USD_INR-2024-01-13,2024-01-13,USD_INR,USD,INR,83.2386,manual_uploaded_rates,manual
EUR_INR-2024-01-13,2024-01-13,EUR_INR,EUR,INR,91.5655,manual_uploaded_rates,manual
GBP_USD-2024-01-13,2024-01-13,GBP_USD,GBP,USD,1.286424,manual_uploaded_rates,manual
EUR_GBP-2024-01-13,2024-01-13,EUR_GBP,EUR,GBP,0.837671,manual_uploaded_rates,manual
EUR_USD-2024-01-13,2024-01-13,EUR_USD,EUR,USD,1.086978,manual_uploaded_rates,manual
USD_GBP-2024-01-13,2024-01-13,USD_GBP,USD,GBP,0.777838,manual_uploaded_rates,manual
GBP_EUR-2024-01-13,2024-01-13,GBP_EUR,GBP,EUR,1.176729,manual_uploaded_rates,manual
GBP_INR-2024-01-14,2024-01-14,GBP_INR,GBP,INR,108.1346,manual_uploaded_rates,manual
USD_INR-2024-01-14,2024-01-14,USD_INR,USD,INR,83.2656,manual_uploaded_rates,manual
EUR_INR-2024-01-14,2024-01-14,EUR_INR,EUR,INR,91.5952,manual_uploaded_rates,manual
GBP_USD-2024-01-14,2024-01-14,GBP_USD,GBP,USD,1.286842,manual_uploaded_rates,manual
EUR_GBP-2024-01-14,2024-01-14,EUR_GBP,EUR,GBP,0.837943,manual_uploaded_rates,manual
EUR_USD-2024-01-14,2024-01-14,EUR_USD,EUR,USD,1.087331,manual_uploaded_rates,manual
USD_GBP-2024-01-14,2024-01-14,USD_GBP,USD,GBP,0.77809,manual_uploaded_rates,manual
GBP_EUR-2024-01-14,2024-01-14,GBP_EUR,GBP,EUR,1.177111,manual_uploaded_rates,manual
GBP_INR-2024-01-15,2024-01-15,GBP_INR,GBP,INR,108.1732,manual_uploaded_rates,manual
USD_INR-2024-01-15,2024-01-15,USD_INR,USD,INR,83.2953,manual_uploaded_rates,manual
EUR_INR-2024-01-15,2024-01-15,EUR_INR,EUR,INR,91.6279,manual_uploaded_rates,manual
GBP_USD-2024-01-15,2024-01-15,GBP_USD,GBP,USD,1.287301,manual_uploaded_rates,manual
EUR_GBP-2024-01-15,2024-01-15,EUR_GBP,EUR,GBP,0.838242,manual_uploaded_rates,manual
EUR_USD-2024-01-15,2024-01-15,EUR_USD,EUR,USD,1.087719,manual_uploaded_rates,manual
USD_GBP-2024-01-15,2024-01-15,USD_GBP,USD,GBP,0.778368,manual_uploaded_rates,manual
GBP_EUR-2024-01-15,2024-01-15,GBP_EUR,GBP,EUR,1.177531,manual_uploaded_rates,manual
GBP_INR-2024-01-16,2024-01-16,GBP_INR,GBP,INR,108.2146,manual_uploaded_rates,manual
USD_INR-2024-01-16,2024-01-16,USD_INR,USD,INR,83.3273,manual_uploaded_rates,manual
EUR_INR-2024-01-16,2024-01-16,EUR_INR,EUR,INR,91.663,manual_uploaded_rates,manual
GBP_USD-2024-01-16,2024-01-16,GBP_USD,GBP,USD,1.287794,manual_uploaded_rates,manual
EUR_GBP-2024-01-16,2024-01-16,EUR_GBP,EUR,GBP,0.838564,manual_uploaded_rates,manual
EUR_USD-2024-01-16,2024-01-16,EUR_USD,EUR,USD,1.088136,manual_uploaded_rates,manual
USD_GBP-2024-01-16,2024-01-16,USD_GBP,USD,GBP,0.778666,manual_uploaded_rates,manual
GBP_EUR-2024-01-16,2024-01-16,GBP_EUR,GBP,EUR,1.177982,manual_uploaded_rates,manual
GBP_INR-2024-01-17,2024-01-17,GBP_INR,GBP,INR,108.2583,manual_uploaded_rates,manual
USD_INR-2024-01-17,2024-01-17,USD_INR,USD,INR,83.3609,manual_uploaded_rates,manual
EUR_INR-2024-01-17,2024-01-17,EUR_INR,EUR,INR,91.6999,manual_uploaded_rates,manual
GBP_USD-2024-01-17,2024-01-17,GBP_USD,GBP,USD,1.288313,manual_uploaded_rates,manual
EUR_GBP-2024-01-17,2024-01-17,EUR_GBP,EUR,GBP,0.838902,manual_uploaded_rates,manual
EUR_USD-2024-01-17,2024-01-17,EUR_USD,EUR,USD,1.088575,manual_uploaded_rates,manual
USD_GBP-2024-01-17,2024-01-17,USD_GBP,USD,GBP,0.77898,manual_uploaded_rates,manual
GBP_EUR-2024-01-17,2024-01-17,GBP_EUR,GBP,EUR,1.178457,manual_uploaded_rates,manual
GBP_INR-2024-01-18,2024-01-18,GBP_INR,GBP,INR,108.3033,manual_uploaded_rates,manual
USD_INR-2024-01-18,2024-01-18,USD_INR,USD,INR,83.3956,manual_uploaded_rates,manual
EUR_INR-2024-01-18,2024-01-18,EUR_INR,EUR,INR,91.7381,manual_uploaded_rates,manual
GBP_USD-2024-01-18,2024-01-18,GBP_USD,GBP,USD,1.288849,manual_uploaded_rates,manual
EUR_GBP-2024-01-18,2024-01-18,EUR_GBP,EUR,GBP,0.839251,manual_uploaded_rates,manual
EUR_USD-2024-01-18,2024-01-18,EUR_USD,EUR,USD,1.089028,manual_uploaded_rates,manual
USD_GBP-2024-01-18,2024-01-18,USD_GBP,USD,GBP,0.779304,manual_uploaded_rates,manual
GBP_EUR-2024-01-18,2024-01-18,GBP_EUR,GBP,EUR,1.178948,manual_uploaded_rates,manual
GBP_INR-2024-01-19,2024-01-19,GBP_INR,GBP,INR,108.349,manual_uploaded_rates,manual
USD_INR-2024-01-19,2024-01-19,USD_INR,USD,INR,83.4307,manual_uploaded_rates,manual
EUR_INR-2024-01-19,2024-01-19,EUR_INR,EUR,INR,91.7768,manual_uploaded_rates,manual
GBP_USD-2024-01-19,2024-01-19,GBP_USD,GBP,USD,1.289393,manual_uploaded_rates,manual
EUR_GBP-2024-01-19,2024-01-19,EUR_GBP,EUR,GBP,0.839605,manual_uploaded_rates,manual
EUR_USD-2024-01-19,2024-01-19,EUR_USD,EUR,USD,1.089487,manual_uploaded_rates,manual
USD_GBP-2024-01-19,2024-01-19,USD_GBP,USD,GBP,0.779633,manual_uploaded_rates,manual
GBP_EUR-2024-01-19,2024-01-19,GBP_EUR,GBP,EUR,1.179445,manual_uploaded_rates,manual
GBP_INR-2024-01-20,2024-01-20,GBP_INR,GBP,INR,108.3944,manual_uploaded_rates,manual
USD_INR-2024-01-20,2024-01-20,USD_INR,USD,INR,83.4657,manual_uploaded_rates,manual
EUR_INR-2024-01-20,2024-01-20,EUR_INR,EUR,INR,91.8152,manual_uploaded_rates,manual
GBP_USD-2024-01-20,2024-01-20,GBP_USD,GBP,USD,1.289933,manual_uploaded_rates,manual
EUR_GBP-2024-01-20,2024-01-20,EUR_GBP,EUR,GBP,0.839956,manual_uploaded_rates,manual
EUR_USD-2024-01-20,2024-01-20,EUR_USD,EUR,USD,1.089943,manual_uploaded_rates,manual
USD_GBP-2024-01-20,2024-01-20,USD_GBP,USD,GBP,0.77996,manual_uploaded_rates,manual
GBP_EUR-2024-01-20,2024-01-20,GBP_EUR,GBP,EUR,1.179939,manual_uploaded_rates,manual
GBP_INR-2024-01-21,2024-01-21,GBP_INR,GBP,INR,108.4387,manual_uploaded_rates,manual
USD_INR-2024-01-21,2024-01-21,USD_INR,USD,INR,83.4998,manual_uploaded_rates,manual
EUR_INR-2024-01-21,2024-01-21,EUR_INR,EUR,INR,91.8528,manual_uploaded_rates,manual
GBP_USD-2024-01-21,2024-01-21,GBP_USD,GBP,USD,1.29046,manual_uploaded_rates,manual
EUR_GBP-2024-01-21,2024-01-21,EUR_GBP,EUR,GBP,0.8403,manual_uploaded_rates,manual
EUR_USD-2024-01-21,2024-01-21,EUR_USD,EUR,USD,1.090389,manual_uploaded_rates,manual
USD_GBP-2024-01-21,2024-01-21,USD_GBP,USD,GBP,0.780278,manual_uploaded_rates,manual
GBP_EUR-2024-01-21,2024-01-21,GBP_EUR,GBP,EUR,1.180421,manual_uploaded_rates,manual
GBP_INR-2024-01-22,2024-01-22,GBP_INR,GBP,INR,108.481,manual_uploaded_rates,manual
USD_INR-2024-01-22,2024-01-22,USD_INR,USD,INR,83.5324,manual_uploaded_rates,manual
EUR_INR-2024-01-22,2024-01-22,EUR_INR,EUR,INR,91.8886,manual_uploaded_rates,manual
GBP_USD-2024-01-22,2024-01-22,GBP_USD,GBP,USD,1.290964,manual_uploaded_rates,manual
EUR_GBP-2024-01-22,2024-01-22,EUR_GBP,EUR,GBP,0.840628,manual_uploaded_rates,manual
EUR_USD-2024-01-22,2024-01-22,EUR_USD,EUR,USD,1.090815,manual_uploaded_rates,manual
USD_GBP-2024-01-22,2024-01-22,USD_GBP,USD,GBP,0.780583,manual_uploaded_rates,manual
GBP_EUR-2024-01-22,2024-01-22,GBP_EUR,GBP,EUR,1.180882,manual_uploaded_rates,manual
GBP_INR-2024-01-23,2024-01-23,GBP_INR,GBP,INR,108.5206,manual_uploaded_rates,manual
USD_INR-2024-01-23,2024-01-23,USD_INR,USD,INR,83.5628,manual_uploaded_rates,manual
EUR_INR-2024-01-23,2024-01-23,EUR_INR,EUR,INR,91.9221,manual_uploaded_rates,manual
GBP_USD-2024-01-23,2024-01-23,GBP_USD,GBP,USD,1.291435,manual_uploaded_rates,manual
EUR_GBP-2024-01-23,2024-01-23,EUR_GBP,EUR,GBP,0.840934,manual_uploaded_rates,manual
EUR_USD-2024-01-23,2024-01-23,EUR_USD,EUR,USD,1.091212,manual_uploaded_rates,manual
USD_GBP-2024-01-23,2024-01-23,USD_GBP,USD,GBP,0.780867,manual_uploaded_rates,manual
GBP_EUR-2024-01-23,2024-01-23,GBP_EUR,GBP,EUR,1.181312,manual_uploaded_rates,manual
GBP_INR-2024-01-24,2024-01-24,GBP_INR,GBP,INR,108.5565,manual_uploaded_rates,manual
USD_INR-2024-01-24,2024-01-24,USD_INR,USD,INR,83.5905,manual_uploaded_rates,manual
EUR_INR-2024-01-24,2024-01-24,EUR_INR,EUR,INR,91.9526,manual_uploaded_rates,manual
GBP_USD-2024-01-24,2024-01-24,GBP_USD,GBP,USD,1.291862,manual_uploaded_rates,manual
EUR_GBP-2024-01-24,2024-01-24,EUR_GBP,EUR,GBP,0.841213,manual_uploaded_rates,manual
EUR_USD-2024-01-24,2024-01-24,EUR_USD,EUR,USD,1.091574,manual_uploaded_rates,manual
USD_GBP-2024-01-24,2024-01-24,USD_GBP,USD,GBP,0.781126,manual_uploaded_rates,manual
GBP_EUR-2024-01-24,2024-01-24,GBP_EUR,GBP,EUR,1.181704,manual_uploaded_rates,manual
GBP_INR-2024-01-25,2024-01-25,GBP_INR,GBP,INR,108.5881,manual_uploaded_rates,manual
USD_INR-2024-01-25,2024-01-25,USD_INR,USD,INR,83.6149,manual_uploaded_rates,manual
EUR_INR-2024-01-25,2024-01-25,EUR_INR,EUR,INR,91.9794,manual_uploaded_rates,manual
GBP_USD-2024-01-25,2024-01-25,GBP_USD,GBP,USD,1.292239,manual_uploaded_rates,manual
EUR_GBP-2024-01-25,2024-01-25,EUR_GBP,EUR,GBP,0.841458,manual_uploaded_rates,manual
EUR_USD-2024-01-25,2024-01-25,EUR_USD,EUR,USD,1.091892,manual_uploaded_rates,manual
USD_GBP-2024-01-25,2024-01-25,USD_GBP,USD,GBP,0.781354,manual_uploaded_rates,manual
GBP_EUR-2024-01-25,2024-01-25,GBP_EUR,GBP,EUR,1.182048,manual_uploaded_rates,manual
GBP_INR-2024-01-26,2024-01-26,GBP_INR,GBP,INR,108.6148,manual_uploaded_rates,manual
USD_INR-2024-01-26,2024-01-26,USD_INR,USD,INR,83.6354,manual_uploaded_rates,manual
EUR_INR-2024-01-26,2024-01-26,EUR_INR,EUR,INR,92.0019,manual_uploaded_rates,manual
GBP_USD-2024-01-26,2024-01-26,GBP_USD,GBP,USD,1.292556,manual_uploaded_rates,manual
EUR_GBP-2024-01-26,2024-01-26,EUR_GBP,EUR,GBP,0.841664,manual_uploaded_rates,manual
EUR_USD-2024-01-26,2024-01-26,EUR_USD,EUR,USD,1.09216,manual_uploaded_rates,manual
USD_GBP-2024-01-26,2024-01-26,USD_GBP,USD,GBP,0.781545,manual_uploaded_rates,manual
GBP_EUR-2024-01-26,2024-01-26,GBP_EUR,GBP,EUR,1.182338,manual_uploaded_rates,manual
GBP_INR-2024-01-27,2024-01-27,GBP_INR,GBP,INR,108.6359,manual_uploaded_rates,manual
USD_INR-2024-01-27,2024-01-27,USD_INR,USD,INR,83.6516,manual_uploaded_rates,manual
EUR_INR-2024-01-27,2024-01-27,EUR_INR,EUR,INR,92.0198,manual_uploaded_rates,manual
GBP_USD-2024-01-27,2024-01-27,GBP_USD,GBP,USD,1.292807,manual_uploaded_rates,manual
EUR_GBP-2024-01-27,2024-01-27,EUR_GBP,EUR,GBP,0.841828,manual_uploaded_rates,manual
EUR_USD-2024-01-27,2024-01-27,EUR_USD,EUR,USD,1.092372,manual_uploaded_rates,manual
USD_GBP-2024-01-27,2024-01-27,USD_GBP,USD,GBP,0.781697,manual_uploaded_rates,manual
GBP_EUR-2024-01-27,2024-01-27,GBP_EUR,GBP,EUR,1.182567,manual_uploaded_rates,manual
GBP_INR-2024-01-28,2024-01-28,GBP_INR,GBP,INR,108.6509,manual_uploaded_rates,manual
USD_INR-2024-01-28,2024-01-28,USD_INR,USD,INR,83.6632,manual_uploaded_rates,manual
EUR_INR-2024-01-28,2024-01-28,EUR_INR,EUR,INR,92.0325,manual_uploaded_rates,manual
GBP_USD-2024-01-28,2024-01-28,GBP_USD,GBP,USD,1.292986,manual_uploaded_rates,manual
EUR_GBP-2024-01-28,2024-01-28,EUR_GBP,EUR,GBP,0.841944,manual_uploaded_rates,manual
EUR_USD-2024-01-28,2024-01-28,EUR_USD,EUR,USD,1.092523,manual_uploaded_rates,manual
USD_GBP-2024-01-28,2024-01-28,USD_GBP,USD,GBP,0.781806,manual_uploaded_rates,manual
GBP_EUR-2024-01-28,2024-01-28,GBP_EUR,GBP,EUR,1.182731,manual_uploaded_rates,manual
GBP_INR-2024-01-29,2024-01-29,GBP_INR,GBP,INR,108.6596,manual_uploaded_rates,manual
USD_INR-2024-01-29,2024-01-29,USD_INR,USD,INR,83.6699,manual_uploaded_rates,manual
EUR_INR-2024-01-29,2024-01-29,EUR_INR,EUR,INR,92.0399,manual_uploaded_rates,manual
GBP_USD-2024-01-29,2024-01-29,GBP_USD,GBP,USD,1.293089,manual_uploaded_rates,manual
EUR_GBP-2024-01-29,2024-01-29,EUR_GBP,EUR,GBP,0.842012,manual_uploaded_rates,manual
EUR_USD-2024-01-29,2024-01-29,EUR_USD,EUR,USD,1.092611,manual_uploaded_rates,manual
USD_GBP-2024-01-29,2024-01-29,USD_GBP,USD,GBP,0.781868,manual_uploaded_rates,manual
GBP_EUR-2024-01-29,2024-01-29,GBP_EUR,GBP,EUR,1.182826,manual_uploaded_rates,manual
GBP_INR-2024-01-30,2024-01-30,GBP_INR,GBP,INR,108.6617,manual_uploaded_rates,manual
USD_INR-2024-01-30,2024-01-30,USD_INR,USD,INR,83.6715,manual_uploaded_rates,manual
EUR_INR-2024-01-30,2024-01-30,EUR_INR,EUR,INR,92.0417,manual_uploaded_rates,manual
GBP_USD-2024-01-30,2024-01-30,GBP_USD,GBP,USD,1.293114,manual_uploaded_rates,manual
EUR_GBP-2024-01-30,2024-01-30,EUR_GBP,EUR,GBP,0.842028,manual_uploaded_rates,manual
EUR_USD-2024-01-30,2024-01-30,EUR_USD,EUR,USD,1.092631,manual_uploaded_rates,manual
USD_GBP-2024-01-30,2024-01-30,USD_GBP,USD,GBP,0.781883,manual_uploaded_rates,manual
GBP_EUR-2024-01-30,2024-01-30,GBP_EUR,GBP,EUR,1.182849,manual_uploaded_rates,manual
GBP_INR-2024-01-31,2024-01-31,GBP_INR,GBP,INR,108.6571,manual_uploaded_rates,manual
USD_INR-2024-01-31,2024-01-31,USD_INR,USD,INR,83.6679,manual_uploaded_rates,manual
EUR_INR-2024-01-31,2024-01-31,EUR_INR,EUR,INR,92.0378,manual_uploaded_rates,manual
GBP_USD-2024-01-31,2024-01-31,GBP_USD,GBP,USD,1.293059,manual_uploaded_rates,manual
EUR_GBP-2024-01-31,2024-01-31,EUR_GBP,EUR,GBP,0.841992,manual_uploaded_rates,manual
EUR_USD-2024-01-31,2024-01-31,EUR_USD,EUR,USD,1.092585,manual_uploaded_rates,manual
USD_GBP-2024-01-31,2024-01-31,USD_GBP,USD,GBP,0.78185,manual_uploaded_rates,manual
GBP_EUR-2024-01-31,2024-01-31,GBP_EUR,GBP,EUR,1.182798,manual_uploaded_rates,manual
GBP_INR-2024-02-01,2024-02-01,GBP_INR,GBP,INR,108.6458,manual_uploaded_rates,manual
USD_INR-2024-02-01,2024-02-01,USD_INR,USD,INR,83.6592,manual_uploaded_rates,manual
EUR_INR-2024-02-01,2024-02-01,EUR_INR,EUR,INR,92.0282,manual_uploaded_rates,manual
GBP_USD-2024-02-01,2024-02-01,GBP_USD,GBP,USD,1.292925,manual_uploaded_rates,manual
EUR_GBP-2024-02-01,2024-02-01,EUR_GBP,EUR,GBP,0.841904,manual_uploaded_rates,manual
EUR_USD-2024-02-01,2024-02-01,EUR_USD,EUR,USD,1.092471,manual_uploaded_rates,manual
USD_GBP-2024-02-01,2024-02-01,USD_GBP,USD,GBP,0.781768,manual_uploaded_rates,manual
GBP_EUR-2024-02-01,2024-02-01,GBP_EUR,GBP,EUR,1.182675,manual_uploaded_rates,manual
GBP_INR-2024-02-02,2024-02-02,GBP_INR,GBP,INR,108.6279,manual_uploaded_rates,manual
USD_INR-2024-02-02,2024-02-02,USD_INR,USD,INR,83.6455,manual_uploaded_rates,manual
EUR_INR-2024-02-02,2024-02-02,EUR_INR,EUR,INR,92.013,manual_uploaded_rates,manual
GBP_USD-2024-02-02,2024-02-02,GBP_USD,GBP,USD,1.292712,manual_uploaded_rates,manual
EUR_GBP-2024-02-02,2024-02-02,EUR_GBP,EUR,GBP,0.841766,manual_uploaded_rates,manual
EUR_USD-2024-02-02,2024-02-02,EUR_USD,EUR,USD,1.092292,manual_uploaded_rates,manual
USD_GBP-2024-02-02,2024-02-02,USD_GBP,USD,GBP,0.78164,manual_uploaded_rates,manual
GBP_EUR-2024-02-02,2024-02-02,GBP_EUR,GBP,EUR,1.182481,manual_uploaded_rates,manual
GBP_INR-2024-02-03,2024-02-03,GBP_INR,GBP,INR,108.6038,manual_uploaded_rates,manual
USD_INR-2024-02-03,2024-02-03,USD_INR,USD,INR,83.6269,manual_uploaded_rates,manual
EUR_INR-2024-02-03,2024-02-03,EUR_INR,EUR,INR,91.9926,manual_uploaded_rates,manual
GBP_USD-2024-02-03,2024-02-03,GBP_USD,GBP,USD,1.292425,manual_uploaded_rates,manual
EUR_GBP-2024-02-03,2024-02-03,EUR_GBP,EUR,GBP,0.841579,manual_uploaded_rates,manual
EUR_USD-2024-02-03,2024-02-03,EUR_USD,EUR,USD,1.092049,manual_uploaded_rates,manual
USD_GBP-2024-02-03,2024-02-03,USD_GBP,USD,GBP,0.781466,manual_uploaded_rates,manual
GBP_EUR-2024-02-03,2024-02-03,GBP_EUR,GBP,EUR,1.182218,manual_uploaded_rates,manual
GBP_INR-2024-02-04,2024-02-04,GBP_INR,GBP,INR,108.5738,manual_uploaded_rates,manual
USD_INR-2024-02-04,2024-02-04,USD_INR,USD,INR,83.6039,manual_uploaded_rates,manual
EUR_INR-2024-02-04,2024-02-04,EUR_INR,EUR,INR,91.9673,manual_uploaded_rates,manual
GBP_USD-2024-02-04,2024-02-04,GBP_USD,GBP,USD,1.292069,manual_uploaded_rates,manual
EUR_GBP-2024-02-04,2024-02-04,EUR_GBP,EUR,GBP,0.841347,manual_uploaded_rates,manual
EUR_USD-2024-02-04,2024-02-04,EUR_USD,EUR,USD,1.091748,manual_uploaded_rates,manual
USD_GBP-2024-02-04,2024-02-04,USD_GBP,USD,GBP,0.781251,manual_uploaded_rates,manual
GBP_EUR-2024-02-04,2024-02-04,GBP_EUR,GBP,EUR,1.181892,manual_uploaded_rates,manual
GBP_INR-2024-02-05,2024-02-05,GBP_INR,GBP,INR,108.5386,manual_uploaded_rates,manual
USD_INR-2024-02-05,2024-02-05,USD_INR,USD,INR,83.5767,manual_uploaded_rates,manual
EUR_INR-2024-02-05,2024-02-05,EUR_INR,EUR,INR,91.9374,manual_uploaded_rates,manual
GBP_USD-2024-02-05,2024-02-05,GBP_USD,GBP,USD,1.291649,manual_uploaded_rates,manual
EUR_GBP-2024-02-05,2024-02-05,EUR_GBP,EUR,GBP,0.841074,manual_uploaded_rates,manual
EUR_USD-2024-02-05,2024-02-05,EUR_USD,EUR,USD,1.091393,manual_uploaded_rates,manual
USD_GBP-2024-02-05,2024-02-05,USD_GBP,USD,GBP,0.780997,manual_uploaded_rates,manual
GBP_EUR-2024-02-05,2024-02-05,GBP_EUR,GBP,EUR,1.181508,manual_uploaded_rates,manual
GBP_INR-2024-02-06,2024-02-06,GBP_INR,GBP,INR,108.4986,manual_uploaded_rates,manual
USD_INR-2024-02-06,2024-02-06,USD_INR,USD,INR,83.5459,manual_uploaded_rates,manual
EUR_INR-2024-02-06,2024-02-06,EUR_INR,EUR,INR,91.9035,manual_uploaded_rates,manual
GBP_USD-2024-02-06,2024-02-06,GBP_USD,GBP,USD,1.291174,manual_uploaded_rates,manual
EUR_GBP-2024-02-06,2024-02-06,EUR_GBP,EUR,GBP,0.840764,manual_uploaded_rates,manual
EUR_USD-2024-02-06,2024-02-06,EUR_USD,EUR,USD,1.090992,manual_uploaded_rates,manual
USD_GBP-2024-02-06,2024-02-06,USD_GBP,USD,GBP,0.78071,manual_uploaded_rates,manual
GBP_EUR-2024-02-06,2024-02-06,GBP_EUR,GBP,EUR,1.181074,manual_uploaded_rates,manual
GBP_INR-2024-02-07,2024-02-07,GBP_INR,GBP,INR,108.4547,manual_uploaded_rates,manual
USD_INR-2024-02-07,2024-02-07,USD_INR,USD,INR,83.5121,manual_uploaded_rates,manual
EUR_INR-2024-02-07,2024-02-07,EUR_INR,EUR,INR,91.8663,manual_uploaded_rates,manual
GBP_USD-2024-02-07,2024-02-07,GBP_USD,GBP,USD,1.290651,manual_uploaded_rates,manual
EUR_GBP-2024-02-07,2024-02-07,EUR_GBP,EUR,GBP,0.840424,manual_uploaded_rates,manual
EUR_USD-2024-02-07,2024-02-07,EUR_USD,EUR,USD,1.09055,manual_uploaded_rates,manual
USD_GBP-2024-02-07,2024-02-07,USD_GBP,USD,GBP,0.780394,manual_uploaded_rates,manual
GBP_EUR-2024-02-07,2024-02-07,GBP_EUR,GBP,EUR,1.180595,manual_uploaded_rates,manual
GBP_INR-2024-02-08,2024-02-08,GBP_INR,GBP,INR,108.4076,manual_uploaded_rates,manual
USD_INR-2024-02-08,2024-02-08,USD_INR,USD,INR,83.4759,manual_uploaded_rates,manual
EUR_INR-2024-02-08,2024-02-08,EUR_INR,EUR,INR,91.8265,manual_uploaded_rates,manual
GBP_USD-2024-02-08,2024-02-08,GBP_USD,GBP,USD,1.290091,manual_uploaded_rates,manual
EUR_GBP-2024-02-08,2024-02-08,EUR_GBP,EUR,GBP,0.840059,manual_uploaded_rates,manual
EUR_USD-2024-02-08,2024-02-08,EUR_USD,EUR,USD,1.090077,manual_uploaded_rates,manual
USD_GBP-2024-02-08,2024-02-08,USD_GBP,USD,GBP,0.780055,manual_uploaded_rates,manual
GBP_EUR-2024-02-08,2024-02-08,GBP_EUR,GBP,EUR,1.180083,manual_uploaded_rates,manual
GBP_INR-2024-02-09,2024-02-09,GBP_INR,GBP,INR,108.3583,manual_uploaded_rates,manual
USD_INR-2024-02-09,2024-02-09,USD_INR,USD,INR,83.4379,manual_uploaded_rates,manual
EUR_INR-2024-02-09,2024-02-09,EUR_INR,EUR,INR,91.7847,manual_uploaded_rates,manual
GBP_USD-2024-02-09,2024-02-09,GBP_USD,GBP,USD,1.289503,manual_uploaded_rates,manual
EUR_GBP-2024-02-09,2024-02-09,EUR_GBP,EUR,GBP,0.839677,manual_uploaded_rates,manual
EUR_USD-2024-02-09,2024-02-09,EUR_USD,EUR,USD,1.08958,manual_uploaded_rates,manual
USD_GBP-2024-02-09,2024-02-09,USD_GBP,USD,GBP,0.7797,manual_uploaded_rates,manual
GBP_EUR-2024-02-09,2024-02-09,GBP_EUR,GBP,EUR,1.179546,manual_uploaded_rates,manual
GBP_INR-2024-02-10,2024-02-10,GBP_INR,GBP,INR,108.3076,manual_uploaded_rates,manual
USD_INR-2024-02-10,2024-02-10,USD_INR,USD,INR,83.3988,manual_uploaded_rates,manual
EUR_INR-2024-02-10,2024-02-10,EUR_INR,EUR,INR,91.7417,manual_uploaded_rates,manual
GBP_USD-2024-02-10,2024-02-10,GBP_USD,GBP,USD,1.2889,manual_uploaded_rates,manual
EUR_GBP-2024-02-10,2024-02-10,EUR_GBP,EUR,GBP,0.839284,manual_uploaded_rates,manual
EUR_USD-2024-02-10,2024-02-10,EUR_USD,EUR,USD,1.08907,manual_uploaded_rates,manual
USD_GBP-2024-02-10,2024-02-10,USD_GBP,USD,GBP,0.779335,manual_uploaded_rates,manual
GBP_EUR-2024-02-10,2024-02-10,GBP_EUR,GBP,EUR,1.178994,manual_uploaded_rates,manual
GBP_INR-2024-02-11,2024-02-11,GBP_INR,GBP,INR,108.2564,manual_uploaded_rates,manual
USD_INR-2024-02-11,2024-02-11,USD_INR,USD,INR,83.3595,manual_uploaded_rates,manual
EUR_INR-2024-02-11,2024-02-11,EUR_INR,EUR,INR,91.6984,manual_uploaded_rates,manual
GBP_USD-2024-02-11,2024-02-11,GBP_USD,GBP,USD,1.288291,manual_uploaded_rates,manual
EUR_GBP-2024-02-11,2024-02-11,EUR_GBP,EUR,GBP,0.838887,manual_uploaded_rates,manual
EUR_USD-2024-02-11,2024-02-11,EUR_USD,EUR,USD,1.088556,manual_uploaded_rates,manual
USD_GBP-2024-02-11,2024-02-11,USD_GBP,USD,GBP,0.778967,manual_uploaded_rates,manual
GBP_EUR-2024-02-11,2024-02-11,GBP_EUR,GBP,EUR,1.178437,manual_uploaded_rates,manual
GBP_INR-2024-02-12,2024-02-12,GBP_INR,GBP,INR,108.2059,manual_uploaded_rates,manual
USD_INR-2024-02-12,2024-02-12,USD_INR,USD,INR,83.3205,manual_uploaded_rates,manual
EUR_INR-2024-02-12,2024-02-12,EUR_INR,EUR,INR,91.6556,manual_uploaded_rates,manual
GBP_USD-2024-02-12,2024-02-12,GBP_USD,GBP,USD,1.28769,manual_uploaded_rates,manual
EUR_GBP-2024-02-12,2024-02-12,EUR_GBP,EUR,GBP,0.838496,manual_uploaded_rates,manual
EUR_USD-2024-02-12,2024-02-12,EUR_USD,EUR,USD,1.088048,manual_uploaded_rates,manual
USD_GBP-2024-02-12,2024-02-12,USD_GBP,USD,GBP,0.778603,manual_uploaded_rates,manual
GBP_EUR-2024-02-12,2024-02-12,GBP_EUR,GBP,EUR,1.177887,manual_uploaded_rates,manual
GBP_INR-2024-02-13,2024-02-13,GBP_INR,GBP,INR,108.1568,manual_uploaded_rates,manual
USD_INR-2024-02-13,2024-02-13,USD_INR,USD,INR,83.2828,manual_uploaded_rates,manual
EUR_INR-2024-02-13,2024-02-13,EUR_INR,EUR,INR,91.614,manual_uploaded_rates,manual
GBP_USD-2024-02-13,2024-02-13,GBP_USD,GBP,USD,1.287106,manual_uploaded_rates,manual
EUR_GBP-2024-02-13,2024-02-13,EUR_GBP,EUR,GBP,0.838116,manual_uploaded_rates,manual
EUR_USD-2024-02-13,2024-02-13,EUR_USD,EUR,USD,1.087555,manual_uploaded_rates,manual
USD_GBP-2024-02-13,2024-02-13,USD_GBP,USD,GBP,0.77825,manual_uploaded_rates,manual
GBP_EUR-2024-02-13,2024-02-13,GBP_EUR,GBP,EUR,1.177353,manual_uploaded_rates,manual
GBP_INR-2024-02-14,2024-02-14,GBP_INR,GBP,INR,108.1102,manual_uploaded_rates,manual
USD_INR-2024-02-14,2024-02-14,USD_INR,USD,INR,83.2469,manual_uploaded_rates,manual
EUR_INR-2024-02-14,2024-02-14,EUR_INR,EUR,INR,91.5745,manual_uploaded_rates,manual
GBP_USD-2024-02-14,2024-02-14,GBP_USD,GBP,USD,1.286552,manual_uploaded_rates,manual
EUR_GBP-2024-02-14,2024-02-14,EUR_GBP,EUR,GBP,0.837755,manual_uploaded_rates,manual
EUR_USD-2024-02-14,2024-02-14,EUR_USD,EUR,USD,1.087086,manual_uploaded_rates,manual
USD_GBP-2024-02-14,2024-02-14,USD_GBP,USD,GBP,0.777915,manual_uploaded_rates,manual
GBP_EUR-2024-02-14,2024-02-14,GBP_EUR,GBP,EUR,1.176846,manual_uploaded_rates,manual
GBP_INR-2024-02-15,2024-02-15,GBP_INR,GBP,INR,108.067,manual_uploaded_rates,manual
USD_INR-2024-02-15,2024-02-15,USD_INR,USD,INR,83.2136,manual_uploaded_rates,manual
EUR_INR-2024-02-15,2024-02-15,EUR_INR,EUR,INR,91.5379,manual_uploaded_rates,manual
GBP_USD-2024-02-15,2024-02-15,GBP_USD,GBP,USD,1.286037,manual_uploaded_rates,manual
EUR_GBP-2024-02-15,2024-02-15,EUR_GBP,EUR,GBP,0.837419,manual_uploaded_rates,manual
EUR_USD-2024-02-15,2024-02-15,EUR_USD,EUR,USD,1.086651,manual_uploaded_rates,manual
USD_GBP-2024-02-15,2024-02-15,USD_GBP,USD,GBP,0.777604,manual_uploaded_rates,manual
GBP_EUR-2024-02-15,2024-02-15,GBP_EUR,GBP,EUR,1.176375,manual_uploaded_rates,manual
GBP_INR-2024-02-16,2024-02-16,GBP_INR,GBP,INR,108.0279,manual_uploaded_rates,manual
USD_INR-2024-02-16,2024-02-16,USD_INR,USD,INR,83.1835,manual_uploaded_rates,manual
EUR_INR-2024-02-16,2024-02-16,EUR_INR,EUR,INR,91.5048,manual_uploaded_rates,manual
GBP_USD-2024-02-16,2024-02-16,GBP_USD,GBP,USD,1.285572,manual_uploaded_rates,manual
EUR_GBP-2024-02-16,2024-02-16,EUR_GBP,EUR,GBP,0.837116,manual_uploaded_rates,manual
EUR_USD-2024-02-16,2024-02-16,EUR_USD,EUR,USD,1.086258,manual_uploaded_rates,manual
USD_GBP-2024-02-16,2024-02-16,USD_GBP,USD,GBP,0.777322,manual_uploaded_rates,manual
GBP_EUR-2024-02-16,2024-02-16,GBP_EUR,GBP,EUR,1.175949,manual_uploaded_rates,manual
GBP_INR-2024-02-17,2024-02-17,GBP_INR,GBP,INR,107.9937,manual_uploaded_rates,manual
USD_INR-2024-02-17,2024-02-17,USD_INR,USD,INR,83.1571,manual_uploaded_rates,manual
EUR_INR-2024-02-17,2024-02-17,EUR_INR,EUR,INR,91.4758,manual_uploaded_rates,manual
GBP_USD-2024-02-17,2024-02-17,GBP_USD,GBP,USD,1.285165,manual_uploaded_rates,manual
EUR_GBP-2024-02-17,2024-02-17,EUR_GBP,EUR,GBP,0.836852,manual_uploaded_rates,manual
EUR_USD-2024-02-17,2024-02-17,EUR_USD,EUR,USD,1.085915,manual_uploaded_rates,manual
USD_GBP-2024-02-17,2024-02-17,USD_GBP,USD,GBP,0.777076,manual_uploaded_rates,manual
GBP_EUR-2024-02-17,2024-02-17,GBP_EUR,GBP,EUR,1.175577,manual_uploaded_rates,manual
GBP_INR-2024-02-18,2024-02-18,GBP_INR,GBP,INR,107.9651,manual_uploaded_rates,manual
USD_INR-2024-02-18,2024-02-18,USD_INR,USD,INR,83.1351,manual_uploaded_rates,manual
EUR_INR-2024-02-18,2024-02-18,EUR_INR,EUR,INR,91.4516,manual_uploaded_rates,manual
GBP_USD-2024-02-18,2024-02-18,GBP_USD,GBP,USD,1.284824,manual_uploaded_rates,manual
EUR_GBP-2024-02-18,2024-02-18,EUR_GBP,EUR,GBP,0.83663,manual_uploaded_rates,manual
EUR_USD-2024-02-18,2024-02-18,EUR_USD,EUR,USD,1.085627,manual_uploaded_rates,manual
USD_GBP-2024-02-18,2024-02-18,USD_GBP,USD,GBP,0.776871,manual_uploaded_rates,manual
GBP_EUR-2024-02-18,2024-02-18,GBP_EUR,GBP,EUR,1.175266,manual_uploaded_rates,manual
GBP_INR-2024-02-19,2024-02-19,GBP_INR,GBP,INR,107.9426,manual_uploaded_rates,manual
USD_INR-2024-02-19,2024-02-19,USD_INR,USD,INR,83.1178,manual_uploaded_rates,manual
EUR_INR-2024-02-19,2024-02-19,EUR_INR,EUR,INR,91.4326,manual_uploaded_rates,manual
GBP_USD-2024-02-19,2024-02-19,GBP_USD,GBP,USD,1.284557,manual_uploaded_rates,manual
EUR_GBP-2024-02-19,2024-02-19,EUR_GBP,EUR,GBP,0.836456,manual_uploaded_rates,manual
EUR_USD-2024-02-19,2024-02-19,EUR_USD,EUR,USD,1.085401,manual_uploaded_rates,manual
USD_GBP-2024-02-19,2024-02-19,USD_GBP,USD,GBP,0.776709,manual_uploaded_rates,manual
GBP_EUR-2024-02-19,2024-02-19,GBP_EUR,GBP,EUR,1.175021,manual_uploaded_rates,manual
GBP_INR-2024-02-20,2024-02-20,GBP_INR,GBP,INR,107.9267,manual_uploaded_rates,manual
USD_INR-2024-02-20,2024-02-20,USD_INR,USD,INR,83.1055,manual_uploaded_rates,manual
EUR_INR-2024-02-20,2024-02-20,EUR_INR,EUR,INR,91.4191,manual_uploaded_rates,manual
GBP_USD-2024-02-20,2024-02-20,GBP_USD,GBP,USD,1.284367,manual_uploaded_rates,manual
EUR_GBP-2024-02-20,2024-02-20,EUR_GBP,EUR,GBP,0.836332,manual_uploaded_rates,manual
EUR_USD-2024-02-20,2024-02-20,EUR_USD,EUR,USD,1.085241,manual_uploaded_rates,manual
USD_GBP-2024-02-20,2024-02-20,USD_GBP,USD,GBP,0.776594,manual_uploaded_rates,manual
GBP_EUR-2024-02-20,2024-02-20,GBP_EUR,GBP,EUR,1.174848,manual_uploaded_rates,manual
GBP_INR-2024-02-21,2024-02-21,GBP_INR,GBP,INR,107.9176,manual_uploaded_rates,manual
USD_INR-2024-02-21,2024-02-21,USD_INR,USD,INR,83.0985,manual_uploaded_rates,manual
EUR_INR-2024-02-21,2024-02-21,EUR_INR,EUR,INR,91.4114,manual_uploaded_rates,manual
GBP_USD-2024-02-21,2024-02-21,GBP_USD,GBP,USD,1.284259,manual_uploaded_rates,manual
EUR_GBP-2024-02-21,2024-02-21,EUR_GBP,EUR,GBP,0.836262,manual_uploaded_rates,manual
EUR_USD-2024-02-21,2024-02-21,EUR_USD,EUR,USD,1.085149,manual_uploaded_rates,manual
USD_GBP-2024-02-21,2024-02-21,USD_GBP,USD,GBP,0.776529,manual_uploaded_rates,manual
GBP_EUR-2024-02-21,2024-02-21,GBP_EUR,GBP,EUR,1.174749,manual_uploaded_rates,manual
GBP_INR-2024-02-22,2024-02-22,GBP_INR,GBP,INR,107.9156,manual_uploaded_rates,manual
USD_INR-2024-02-22,2024-02-22,USD_INR,USD,INR,83.097,manual_uploaded_rates,manual
EUR_INR-2024-02-22,2024-02-22,EUR_INR,EUR,INR,91.4097,manual_uploaded_rates,manual
GBP_USD-2024-02-22,2024-02-22,GBP_USD,GBP,USD,1.284235,manual_uploaded_rates,manual
EUR_GBP-2024-02-22,2024-02-22,EUR_GBP,EUR,GBP,0.836246,manual_uploaded_rates,manual
EUR_USD-2024-02-22,2024-02-22,EUR_USD,EUR,USD,1.085129,manual_uploaded_rates,manual
USD_GBP-2024-02-22,2024-02-22,USD_GBP,USD,GBP,0.776514,manual_uploaded_rates,manual
GBP_EUR-2024-02-22,2024-02-22,GBP_EUR,GBP,EUR,1.174727,manual_uploaded_rates,manual
GBP_INR-2024-02-23,2024-02-23,GBP_INR,GBP,INR,107.9206,manual_uploaded_rates,manual
USD_INR-2024-02-23,2024-02-23,USD_INR,USD,INR,83.1009,manual_uploaded_rates,manual
EUR_INR-2024-02-23,2024-02-23,EUR_INR,EUR,INR,91.4139,manual_uploaded_rates,manual
GBP_USD-2024-02-23,2024-02-23,GBP_USD,GBP,USD,1.284295,manual_uploaded_rates,manual
EUR_GBP-2024-02-23,2024-02-23,EUR_GBP,EUR,GBP,0.836285,manual_uploaded_rates,manual
EUR_USD-2024-02-23,2024-02-23,EUR_USD,EUR,USD,1.08518,manual_uploaded_rates,manual
USD_GBP-2024-02-23,2024-02-23,USD_GBP,USD,GBP,0.776551,manual_uploaded_rates,manual
GBP_EUR-2024-02-23,2024-02-23,GBP_EUR,GBP,EUR,1.174782,manual_uploaded_rates,manual
GBP_INR-2024-02-24,2024-02-24,GBP_INR,GBP,INR,107.9327,manual_uploaded_rates,manual
USD_INR-2024-02-24,2024-02-24,USD_INR,USD,INR,83.1101,manual_uploaded_rates,manual
EUR_INR-2024-02-24,2024-02-24,EUR_INR,EUR,INR,91.4241,manual_uploaded_rates,manual
GBP_USD-2024-02-24,2024-02-24,GBP_USD,GBP,USD,1.284438,manual_uploaded_rates,manual
EUR_GBP-2024-02-24,2024-02-24,EUR_GBP,EUR,GBP,0.836378,manual_uploaded_rates,manual
EUR_USD-2024-02-24,2024-02-24,EUR_USD,EUR,USD,1.085301,manual_uploaded_rates,manual
USD_GBP-2024-02-24,2024-02-24,USD_GBP,USD,GBP,0.776637,manual_uploaded_rates,manual
GBP_EUR-2024-02-24,2024-02-24,GBP_EUR,GBP,EUR,1.174913,manual_uploaded_rates,manual
GBP_INR-2024-02-25,2024-02-25,GBP_INR,GBP,INR,107.9514,manual_uploaded_rates,manual
USD_INR-2024-02-25,2024-02-25,USD_INR,USD,INR,83.1246,manual_uploaded_rates,manual
EUR_INR-2024-02-25,2024-02-25,EUR_INR,EUR,INR,91.44,manual_uploaded_rates,manual
GBP_USD-2024-02-25,2024-02-25,GBP_USD,GBP,USD,1.284662,manual_uploaded_rates,manual
EUR_GBP-2024-02-25,2024-02-25,EUR_GBP,EUR,GBP,0.836524,manual_uploaded_rates,manual
EUR_USD-2024-02-25,2024-02-25,EUR_USD,EUR,USD,1.08549,manual_uploaded_rates,manual
USD_GBP-2024-02-25,2024-02-25,USD_GBP,USD,GBP,0.776772,manual_uploaded_rates,manual
GBP_EUR-2024-02-25,2024-02-25,GBP_EUR,GBP,EUR,1.175117,manual_uploaded_rates,manual
GBP_INR-2024-02-26,2024-02-26,GBP_INR,GBP,INR,107.9766,manual_uploaded_rates,manual
USD_INR-2024-02-26,2024-02-26,USD_INR,USD,INR,83.144,manual_uploaded_rates,manual
EUR_INR-2024-02-26,2024-02-26,EUR_INR,EUR,INR,91.4614,manual_uploaded_rates,manual
GBP_USD-2024-02-26,2024-02-26,GBP_USD,GBP,USD,1.284961,manual_uploaded_rates,manual
EUR_GBP-2024-02-26,2024-02-26,EUR_GBP,EUR,GBP,0.836719,manual_uploaded_rates,manual
EUR_USD-2024-02-26,2024-02-26,EUR_USD,EUR,USD,1.085743,manual_uploaded_rates,manual
USD_GBP-2024-02-26,2024-02-26,USD_GBP,USD,GBP,0.776953,manual_uploaded_rates,manual
GBP_EUR-2024-02-26,2024-02-26,GBP_EUR,GBP,EUR,1.175391,manual_uploaded_rates,manual
GBP_INR-2024-02-27,2024-02-27,GBP_INR,GBP,INR,108.0077,manual_uploaded_rates,manual
USD_INR-2024-02-27,2024-02-27,USD_INR,USD,INR,83.1679,manual_uploaded_rates,manual
EUR_INR-2024-02-27,2024-02-27,EUR_INR,EUR,INR,91.4877,manual_uploaded_rates,manual
GBP_USD-2024-02-27,2024-02-27,GBP_USD,GBP,USD,1.285331,manual_uploaded_rates,manual
EUR_GBP-2024-02-27,2024-02-27,EUR_GBP,EUR,GBP,0.83696,manual_uploaded_rates,manual
EUR_USD-2024-02-27,2024-02-27,EUR_USD,EUR,USD,1.086055,manual_uploaded_rates,manual
USD_GBP-2024-02-27,2024-02-27,USD_GBP,USD,GBP,0.777177,manual_uploaded_rates,manual
GBP_EUR-2024-02-27,2024-02-27,GBP_EUR,GBP,EUR,1.175729,manual_uploaded_rates,manual
GBP_INR-2024-02-28,2024-02-28,GBP_INR,GBP,INR,108.0441,manual_uploaded_rates,manual
USD_INR-2024-02-28,2024-02-28,USD_INR,USD,INR,83.1959,manual_uploaded_rates,manual
EUR_INR-2024-02-28,2024-02-28,EUR_INR,EUR,INR,91.5185,manual_uploaded_rates,manual
GBP_USD-2024-02-28,2024-02-28,GBP_USD,GBP,USD,1.285764,manual_uploaded_rates,manual
EUR_GBP-2024-02-28,2024-02-28,EUR_GBP,EUR,GBP,0.837242,manual_uploaded_rates,manual
EUR_USD-2024-02-28,2024-02-28,EUR_USD,EUR,USD,1.086421,manual_uploaded_rates,manual
USD_GBP-2024-02-28,2024-02-28,USD_GBP,USD,GBP,0.777439,manual_uploaded_rates,manual
GBP_EUR-2024-02-28,2024-02-28,GBP_EUR,GBP,EUR,1.176125,manual_uploaded_rates,manual
GBP_INR-2024-02-29,2024-02-29,GBP_INR,GBP,INR,108.0851,manual_uploaded_rates,manual
USD_INR-2024-02-29,2024-02-29,USD_INR,USD,INR,83.2275,manual_uploaded_rates,manual
EUR_INR-2024-02-29,2024-02-29,EUR_INR,EUR,INR,91.5532,manual_uploaded_rates,manual
GBP_USD-2024-02-29,2024-02-29,GBP_USD,GBP,USD,1.286252,manual_uploaded_rates,manual
EUR_GBP-2024-02-29,2024-02-29,EUR_GBP,EUR,GBP,0.837559,manual_uploaded_rates,manual
EUR_USD-2024-02-29,2024-02-29,EUR_USD,EUR,USD,1.086833,manual_uploaded_rates,manual
USD_GBP-2024-02-29,2024-02-29,USD_GBP,USD,GBP,0.777734,manual_uploaded_rates,manual
GBP_EUR-2024-02-29,2024-02-29,GBP_EUR,GBP,EUR,1.176572,manual_uploaded_rates,manual
GBP_INR-2024-03-01,2024-03-01,GBP_INR,GBP,INR,108.1298,manual_uploaded_rates,manual
USD_INR-2024-03-01,2024-03-01,USD_INR,USD,INR,83.262,manual_uploaded_rates,manual
EUR_INR-2024-03-01,2024-03-01,EUR_INR,EUR,INR,91.5912,manual_uploaded_rates,manual
GBP_USD-2024-03-01,2024-03-01,GBP_USD,GBP,USD,1.286785,manual_uploaded_rates,manual
EUR_GBP-2024-03-01,2024-03-01,EUR_GBP,EUR,GBP,0.837907,manual_uploaded_rates,manual
EUR_USD-2024-03-01,2024-03-01,EUR_USD,EUR,USD,1.087284,manual_uploaded_rates,manual
USD_GBP-2024-03-01,2024-03-01,USD_GBP,USD,GBP,0.778056,manual_uploaded_rates,manual
GBP_EUR-2024-03-01,2024-03-01,GBP_EUR,GBP,EUR,1.177059,manual_uploaded_rates,manual
GBP_INR-2024-03-02,2024-03-02,GBP_INR,GBP,INR,108.1776,manual_uploaded_rates,manual
USD_INR-2024-03-02,2024-03-02,USD_INR,USD,INR,83.2987,manual_uploaded_rates,manual
EUR_INR-2024-03-02,2024-03-02,EUR_INR,EUR,INR,91.6316,manual_uploaded_rates,manual
GBP_USD-2024-03-02,2024-03-02,GBP_USD,GBP,USD,1.287353,manual_uploaded_rates,manual
EUR_GBP-2024-03-02,2024-03-02,EUR_GBP,EUR,GBP,0.838277,manual_uploaded_rates,manual
EUR_USD-2024-03-02,2024-03-02,EUR_USD,EUR,USD,1.087764,manual_uploaded_rates,manual
USD_GBP-2024-03-02,2024-03-02,USD_GBP,USD,GBP,0.7784,manual_uploaded_rates,manual
GBP_EUR-2024-03-02,2024-03-02,GBP_EUR,GBP,EUR,1.177579,manual_uploaded_rates,manual
GBP_INR-2024-03-03,2024-03-03,GBP_INR,GBP,INR,108.2274,manual_uploaded_rates,manual
USD_INR-2024-03-03,2024-03-03,USD_INR,USD,INR,83.3371,manual_uploaded_rates,manual
EUR_INR-2024-03-03,2024-03-03,EUR_INR,EUR,INR,91.6738,manual_uploaded_rates,manual
GBP_USD-2024-03-03,2024-03-03,GBP_USD,GBP,USD,1.287945,manual_uploaded_rates,manual
EUR_GBP-2024-03-03,2024-03-03,EUR_GBP,EUR,GBP,0.838662,manual_uploaded_rates,manual
EUR_USD-2024-03-03,2024-03-03,EUR_USD,EUR,USD,1.088264,manual_uploaded_rates,manual
USD_GBP-2024-03-03,2024-03-03,USD_GBP,USD,GBP,0.778758,manual_uploaded_rates,manual
GBP_EUR-2024-03-03,2024-03-03,GBP_EUR,GBP,EUR,1.178121,manual_uploaded_rates,manual
GBP_INR-2024-03-04,2024-03-04,GBP_INR,GBP,INR,108.2782,manual_uploaded_rates,manual
USD_INR-2024-03-04,2024-03-04,USD_INR,USD,INR,83.3762,manual_uploaded_rates,manual
EUR_INR-2024-03-04,2024-03-04,EUR_INR,EUR,INR,91.7168,manual_uploaded_rates,manual
GBP_USD-2024-03-04,2024-03-04,GBP_USD,GBP,USD,1.28855,manual_uploaded_rates,manual
EUR_GBP-2024-03-04,2024-03-04,EUR_GBP,EUR,GBP,0.839056,manual_uploaded_rates,manual
EUR_USD-2024-03-04,2024-03-04,EUR_USD,EUR,USD,1.088775,manual_uploaded_rates,manual
USD_GBP-2024-03-04,2024-03-04,USD_GBP,USD,GBP,0.779123,manual_uploaded_rates,manual
GBP_EUR-2024-03-04,2024-03-04,GBP_EUR,GBP,EUR,1.178674,manual_uploaded_rates,manual
GBP_INR-2024-03-05,2024-03-05,GBP_INR,GBP,INR,108.3291,manual_uploaded_rates,manual
USD_INR-2024-03-05,2024-03-05,USD_INR,USD,INR,83.4154,manual_uploaded_rates,manual
EUR_INR-2024-03-05,2024-03-05,EUR_INR,EUR,INR,91.7599,manual_uploaded_rates,manual
GBP_USD-2024-03-05,2024-03-05,GBP_USD,GBP,USD,1.289156,manual_uploaded_rates,manual
EUR_GBP-2024-03-05,2024-03-05,EUR_GBP,EUR,GBP,0.839451,manual_uploaded_rates,manual
EUR_USD-2024-03-05,2024-03-05,EUR_USD,EUR,USD,1.089287,manual_uploaded_rates,manual
USD_GBP-2024-03-05,2024-03-05,USD_GBP,USD,GBP,0.77949,manual_uploaded_rates,manual
GBP_EUR-2024-03-05,2024-03-05,GBP_EUR,GBP,EUR,1.179228,manual_uploaded_rates,manual
GBP_INR-2024-03-06,2024-03-06,GBP_INR,GBP,INR,108.3791,manual_uploaded_rates,manual
USD_INR-2024-03-06,2024-03-06,USD_INR,USD,INR,83.4539,manual_uploaded_rates,manual
EUR_INR-2024-03-06,2024-03-06,EUR_INR,EUR,INR,91.8023,manual_uploaded_rates,manual
GBP_USD-2024-03-06,2024-03-06,GBP_USD,GBP,USD,1.289751,manual_uploaded_rates,manual
EUR_GBP-2024-03-06,2024-03-06,EUR_GBP,EUR,GBP,0.839838,manual_uploaded_rates,manual
EUR_USD-2024-03-06,2024-03-06,EUR_USD,EUR,USD,1.08979,manual_uploaded_rates,manual
USD_GBP-2024-03-06,2024-03-06,USD_GBP,USD,GBP,0.77985,manual_uploaded_rates,manual
GBP_EUR-2024-03-06,2024-03-06,GBP_EUR,GBP,EUR,1.179773,manual_uploaded_rates,manual
GBP_INR-2024-03-07,2024-03-07,GBP_INR,GBP,INR,108.4272,manual_uploaded_rates,manual
USD_INR-2024-03-07,2024-03-07,USD_INR,USD,INR,83.491,manual_uploaded_rates,manual
EUR_INR-2024-03-07,2024-03-07,EUR_INR,EUR,INR,91.8431,manual_uploaded_rates,manual
GBP_USD-2024-03-07,2024-03-07,GBP_USD,GBP,USD,1.290324,manual_uploaded_rates,manual
EUR_GBP-2024-03-07,2024-03-07,EUR_GBP,EUR,GBP,0.840211,manual_uploaded_rates,manual
EUR_USD-2024-03-07,2024-03-07,EUR_USD,EUR,USD,1.090274,manual_uploaded_rates,manual
USD_GBP-2024-03-07,2024-03-07,USD_GBP,USD,GBP,0.780196,manual_uploaded_rates,manual
GBP_EUR-2024-03-07,2024-03-07,GBP_EUR,GBP,EUR,1.180297,manual_uploaded_rates,manual
GBP_INR-2024-03-08,2024-03-08,GBP_INR,GBP,INR,108.4726,manual_uploaded_rates,manual
USD_INR-2024-03-08,2024-03-08,USD_INR,USD,INR,83.5259,manual_uploaded_rates,manual
EUR_INR-2024-03-08,2024-03-08,EUR_INR,EUR,INR,91.8815,manual_uploaded_rates,manual
GBP_USD-2024-03-08,2024-03-08,GBP_USD,GBP,USD,1.290864,manual_uploaded_rates,manual
EUR_GBP-2024-03-08,2024-03-08,EUR_GBP,EUR,GBP,0.840563,manual_uploaded_rates,manual
EUR_USD-2024-03-08,2024-03-08,EUR_USD,EUR,USD,1.09073,manual_uploaded_rates,manual
USD_GBP-2024-03-08,2024-03-08,USD_GBP,USD,GBP,0.780522,manual_uploaded_rates,manual
GBP_EUR-2024-03-08,2024-03-08,GBP_EUR,GBP,EUR,1.18079,manual_uploaded_rates,manual
GBP_INR-2024-03-09,2024-03-09,GBP_INR,GBP,INR,108.5143,manual_uploaded_rates,manual
USD_INR-2024-03-09,2024-03-09,USD_INR,USD,INR,83.558,manual_uploaded_rates,manual
EUR_INR-2024-03-09,2024-03-09,EUR_INR,EUR,INR,91.9168,manual_uploaded_rates,manual
GBP_USD-2024-03-09,2024-03-09,GBP_USD,GBP,USD,1.29136,manual_uploaded_rates,manual
EUR_GBP-2024-03-09,2024-03-09,EUR_GBP,EUR,GBP,0.840885,manual_uploaded_rates,manual
EUR_USD-2024-03-09,2024-03-09,EUR_USD,EUR,USD,1.091149,manual_uploaded_rates,manual
USD_GBP-2024-03-09,2024-03-09,USD_GBP,USD,GBP,0.780822,manual_uploaded_rates,manual
GBP_EUR-2024-03-09,2024-03-09,GBP_EUR,GBP,EUR,1.181244,manual_uploaded_rates,manual
GBP_INR-2024-03-10,2024-03-10,GBP_INR,GBP,INR,108.5515,manual_uploaded_rates,manual
USD_INR-2024-03-10,2024-03-10,USD_INR,USD,INR,83.5866,manual_uploaded_rates,manual
EUR_INR-2024-03-10,2024-03-10,EUR_INR,EUR,INR,91.9483,manual_uploaded_rates,manual
GBP_USD-2024-03-10,2024-03-10,GBP_USD,GBP,USD,1.291803,manual_uploaded_rates,manual
EUR_GBP-2024-03-10,2024-03-10,EUR_GBP,EUR,GBP,0.841174,manual_uploaded_rates,manual
EUR_USD-2024-03-10,2024-03-10,EUR_USD,EUR,USD,1.091523,manual_uploaded_rates,manual
USD_GBP-2024-03-10,2024-03-10,USD_GBP,USD,GBP,0.78109,manual_uploaded_rates,manual
GBP_EUR-2024-03-10,2024-03-10,GBP_EUR,GBP,EUR,1.181649,manual_uploaded_rates,manual
GBP_INR-2024-03-11,2024-03-11,GBP_INR,GBP,INR,108.5835,manual_uploaded_rates,manual
USD_INR-2024-03-11,2024-03-11,USD_INR,USD,INR,83.6113,manual_uploaded_rates,manual
EUR_INR-2024-03-11,2024-03-11,EUR_INR,EUR,INR,91.9754,manual_uploaded_rates,manual
GBP_USD-2024-03-11,2024-03-11,GBP_USD,GBP,USD,1.292184,manual_uploaded_rates,manual
EUR_GBP-2024-03-11,2024-03-11,EUR_GBP,EUR,GBP,0.841422,manual_uploaded_rates,manual
EUR_USD-2024-03-11,2024-03-11,EUR_USD,EUR,USD,1.091845,manual_uploaded_rates,manual
USD_GBP-2024-03-11,2024-03-11,USD_GBP,USD,GBP,0.78132,manual_uploaded_rates,manual
GBP_EUR-2024-03-11,2024-03-11,GBP_EUR,GBP,EUR,1.181997,manual_uploaded_rates,manual
GBP_INR-2024-03-12,2024-03-12,GBP_INR,GBP,INR,108.6097,manual_uploaded_rates,manual
USD_INR-2024-03-12,2024-03-12,USD_INR,USD,INR,83.6315,manual_uploaded_rates,manual
EUR_INR-2024-03-12,2024-03-12,EUR_INR,EUR,INR,91.9976,manual_uploaded_rates,manual
GBP_USD-2024-03-12,2024-03-12,GBP_USD,GBP,USD,1.292495,manual_uploaded_rates,manual
EUR_GBP-2024-03-12,2024-03-12,EUR_GBP,EUR,GBP,0.841625,manual_uploaded_rates,manual
EUR_USD-2024-03-12,2024-03-12,EUR_USD,EUR,USD,1.092108,manual_uploaded_rates,manual
USD_GBP-2024-03-12,2024-03-12,USD_GBP,USD,GBP,0.781509,manual_uploaded_rates,manual
GBP_EUR-2024-03-12,2024-03-12,GBP_EUR,GBP,EUR,1.182283,manual_uploaded_rates,manual
GBP_INR-2024-03-13,2024-03-13,GBP_INR,GBP,INR,108.6296,manual_uploaded_rates,manual
USD_INR-2024-03-13,2024-03-13,USD_INR,USD,INR,83.6468,manual_uploaded_rates,manual
EUR_INR-2024-03-13,2024-03-13,EUR_INR,EUR,INR,92.0145,manual_uploaded_rates,manual
GBP_USD-2024-03-13,2024-03-13,GBP_USD,GBP,USD,1.292732,manual_uploaded_rates,manual
EUR_GBP-2024-03-13,2024-03-13,EUR_GBP,EUR,GBP,0.841779,manual_uploaded_rates,manual
EUR_USD-2024-03-13,2024-03-13,EUR_USD,EUR,USD,1.092308,manual_uploaded_rates,manual
USD_GBP-2024-03-13,2024-03-13,USD_GBP,USD,GBP,0.781652,manual_uploaded_rates,manual
GBP_EUR-2024-03-13,2024-03-13,GBP_EUR,GBP,EUR,1.182499,manual_uploaded_rates,manual
GBP_INR-2024-03-14,2024-03-14,GBP_INR,GBP,INR,108.6428,manual_uploaded_rates,manual
USD_INR-2024-03-14,2024-03-14,USD_INR,USD,INR,83.6569,manual_uploaded_rates,manual
EUR_INR-2024-03-14,2024-03-14,EUR_INR,EUR,INR,92.0256,manual_uploaded_rates,manual
GBP_USD-2024-03-14,2024-03-14,GBP_USD,GBP,USD,1.292889,manual_uploaded_rates,manual
EUR_GBP-2024-03-14,2024-03-14,EUR_GBP,EUR,GBP,0.841881,manual_uploaded_rates,manual
EUR_USD-2024-03-14,2024-03-14,EUR_USD,EUR,USD,1.092441,manual_uploaded_rates,manual
USD_GBP-2024-03-14,2024-03-14,USD_GBP,USD,GBP,0.781747,manual_uploaded_rates,manual
GBP_EUR-2024-03-14,2024-03-14,GBP_EUR,GBP,EUR,1.182643,manual_uploaded_rates,manual
GBP_INR-2024-03-15,2024-03-15,GBP_INR,GBP,INR,108.649,manual_uploaded_rates,manual
USD_INR-2024-03-15,2024-03-15,USD_INR,USD,INR,83.6617,manual_uploaded_rates,manual
EUR_INR-2024-03-15,2024-03-15,EUR_INR,EUR,INR,92.0309,manual_uploaded_rates,manual
GBP_USD-2024-03-15,2024-03-15,GBP_USD,GBP,USD,1.292963,manual_uploaded_rates,manual
EUR_GBP-2024-03-15,2024-03-15,EUR_GBP,EUR,GBP,0.841929,manual_uploaded_rates,manual
EUR_USD-2024-03-15,2024-03-15,EUR_USD,EUR,USD,1.092504,manual_uploaded_rates,manual
USD_GBP-2024-03-15,2024-03-15,USD_GBP,USD,GBP,0.781792,manual_uploaded_rates,manual
GBP_EUR-2024-03-15,2024-03-15,GBP_EUR,GBP,EUR,1.18271,manual_uploaded_rates,manual
GBP_INR-2024-03-16,2024-03-16,GBP_INR,GBP,INR,108.6481,manual_uploaded_rates,manual
USD_INR-2024-03-16,2024-03-16,USD_INR,USD,INR,83.6611,manual_uploaded_rates,manual
EUR_INR-2024-03-16,2024-03-16,EUR_INR,EUR,INR,92.0302,manual_uploaded_rates,manual
GBP_USD-2024-03-16,2024-03-16,GBP_USD,GBP,USD,1.292953,manual_uploaded_rates,manual
EUR_GBP-2024-03-16,2024-03-16,EUR_GBP,EUR,GBP,0.841923,manual_uploaded_rates,manual
EUR_USD-2024-03-16,2024-03-16,EUR_USD,EUR,USD,1.092495,manual_uploaded_rates,manual
USD_GBP-2024-03-16,2024-03-16,USD_GBP,USD,GBP,0.781785,manual_uploaded_rates,manual
GBP_EUR-2024-03-16,2024-03-16,GBP_EUR,GBP,EUR,1.182701,manual_uploaded_rates,manual
GBP_INR-2024-03-17,2024-03-17,GBP_INR,GBP,INR,108.6402,manual_uploaded_rates,manual
USD_INR-2024-03-17,2024-03-17,USD_INR,USD,INR,83.655,manual_uploaded_rates,manual
EUR_INR-2024-03-17,2024-03-17,EUR_INR,EUR,INR,92.0235,manual_uploaded_rates,manual
GBP_USD-2024-03-17,2024-03-17,GBP_USD,GBP,USD,1.292858,manual_uploaded_rates,manual
EUR_GBP-2024-03-17,2024-03-17,EUR_GBP,EUR,GBP,0.841861,manual_uploaded_rates,manual
EUR_USD-2024-03-17,2024-03-17,EUR_USD,EUR,USD,1.092415,manual_uploaded_rates,manual
USD_GBP-2024-03-17,2024-03-17,USD_GBP,USD,GBP,0.781728,manual_uploaded_rates,manual
GBP_EUR-2024-03-17,2024-03-17,GBP_EUR,GBP,EUR,1.182615,manual_uploaded_rates,manual
GBP_INR-2024-03-18,2024-03-18,GBP_INR,GBP,INR,108.6253,manual_uploaded_rates,manual
USD_INR-2024-03-18,2024-03-18,USD_INR,USD,INR,83.6435,manual_uploaded_rates,manual
EUR_INR-2024-03-18,2024-03-18,EUR_INR,EUR,INR,92.0109,manual_uploaded_rates,manual
GBP_USD-2024-03-18,2024-03-18,GBP_USD,GBP,USD,1.292681,manual_uploaded_rates,manual
EUR_GBP-2024-03-18,2024-03-18,EUR_GBP,EUR,GBP,0.841746,manual_uploaded_rates,manual
EUR_USD-2024-03-18,2024-03-18,EUR_USD,EUR,USD,1.092266,manual_uploaded_rates,manual
USD_GBP-2024-03-18,2024-03-18,USD_GBP,USD,GBP,0.781621,manual_uploaded_rates,manual
GBP_EUR-2024-03-18,2024-03-18,GBP_EUR,GBP,EUR,1.182453,manual_uploaded_rates,manual
GBP_INR-2024-03-19,2024-03-19,GBP_INR,GBP,INR,108.6038,manual_uploaded_rates,manual
USD_INR-2024-03-19,2024-03-19,USD_INR,USD,INR,83.6269,manual_uploaded_rates,manual
EUR_INR-2024-03-19,2024-03-19,EUR_INR,EUR,INR,91.9926,manual_uploaded_rates,manual
GBP_USD-2024-03-19,2024-03-19,GBP_USD,GBP,USD,1.292425,manual_uploaded_rates,manual
EUR_GBP-2024-03-19,2024-03-19,EUR_GBP,EUR,GBP,0.841579,manual_uploaded_rates,manual
EUR_USD-2024-03-19,2024-03-19,EUR_USD,EUR,USD,1.092049,manual_uploaded_rates,manual
USD_GBP-2024-03-19,2024-03-19,USD_GBP,USD,GBP,0.781466,manual_uploaded_rates,manual
GBP_EUR-2024-03-19,2024-03-19,GBP_EUR,GBP,EUR,1.182218,manual_uploaded_rates,manual
GBP_INR-2024-03-20,2024-03-20,GBP_INR,GBP,INR,108.5759,manual_uploaded_rates,manual
USD_INR-2024-03-20,2024-03-20,USD_INR,USD,INR,83.6055,manual_uploaded_rates,manual
EUR_INR-2024-03-20,2024-03-20,EUR_INR,EUR,INR,91.969,manual_uploaded_rates,manual
GBP_USD-2024-03-20,2024-03-20,GBP_USD,GBP,USD,1.292094,manual_uploaded_rates,manual
EUR_GBP-2024-03-20,2024-03-20,EUR_GBP,EUR,GBP,0.841363,manual_uploaded_rates,manual
EUR_USD-2024-03-20,2024-03-20,EUR_USD,EUR,USD,1.091769,manual_uploaded_rates,manual
USD_GBP-2024-03-20,2024-03-20,USD_GBP,USD,GBP,0.781266,manual_uploaded_rates,manual
GBP_EUR-2024-03-20,2024-03-20,GBP_EUR,GBP,EUR,1.181915,manual_uploaded_rates,manual
GBP_INR-2024-03-21,2024-03-21,GBP_INR,GBP,INR,108.5423,manual_uploaded_rates,manual
USD_INR-2024-03-21,2024-03-21,USD_INR,USD,INR,83.5796,manual_uploaded_rates,manual
EUR_INR-2024-03-21,2024-03-21,EUR_INR,EUR,INR,91.9406,manual_uploaded_rates,manual
GBP_USD-2024-03-21,2024-03-21,GBP_USD,GBP,USD,1.291694,manual_uploaded_rates,manual
EUR_GBP-2024-03-21,2024-03-21,EUR_GBP,EUR,GBP,0.841103,manual_uploaded_rates,manual
EUR_USD-2024-03-21,2024-03-21,EUR_USD,EUR,USD,1.091431,manual_uploaded_rates,manual
USD_GBP-2024-03-21,2024-03-21,USD_GBP,USD,GBP,0.781024,manual_uploaded_rates,manual
GBP_EUR-2024-03-21,2024-03-21,GBP_EUR,GBP,EUR,1.181549,manual_uploaded_rates,manual
GBP_INR-2024-03-22,2024-03-22,GBP_INR,GBP,INR,108.5035,manual_uploaded_rates,manual
USD_INR-2024-03-22,2024-03-22,USD_INR,USD,INR,83.5497,manual_uploaded_rates,manual
EUR_INR-2024-03-22,2024-03-22,EUR_INR,EUR,INR,91.9077,manual_uploaded_rates,manual
GBP_USD-2024-03-22,2024-03-22,GBP_USD,GBP,USD,1.291232,manual_uploaded_rates,manual
EUR_GBP-2024-03-22,2024-03-22,EUR_GBP,EUR,GBP,0.840802,manual_uploaded_rates,manual
EUR_USD-2024-03-22,2024-03-22,EUR_USD,EUR,USD,1.091041,manual_uploaded_rates,manual
USD_GBP-2024-03-22,2024-03-22,USD_GBP,USD,GBP,0.780745,manual_uploaded_rates,manual
GBP_EUR-2024-03-22,2024-03-22,GBP_EUR,GBP,EUR,1.181127,manual_uploaded_rates,manual
GBP_INR-2024-03-23,2024-03-23,GBP_INR,GBP,INR,108.4602,manual_uploaded_rates,manual
USD_INR-2024-03-23,2024-03-23,USD_INR,USD,INR,83.5164,manual_uploaded_rates,manual
EUR_INR-2024-03-23,2024-03-23,EUR_INR,EUR,INR,91.871,manual_uploaded_rates,manual
GBP_USD-2024-03-23,2024-03-23,GBP_USD,GBP,USD,1.290717,manual_uploaded_rates,manual
EUR_GBP-2024-03-23,2024-03-23,EUR_GBP,EUR,GBP,0.840467,manual_uploaded_rates,manual
EUR_USD-2024-03-23,2024-03-23,EUR_USD,EUR,USD,1.090606,manual_uploaded_rates,manual
USD_GBP-2024-03-23,2024-03-23,USD_GBP,USD,GBP,0.780433,manual_uploaded_rates,manual
GBP_EUR-2024-03-23,2024-03-23,GBP_EUR,GBP,EUR,1.180656,manual_uploaded_rates,manual
GBP_INR-2024-03-24,2024-03-24,GBP_INR,GBP,INR,108.4132,manual_uploaded_rates,manual
USD_INR-2024-03-24,2024-03-24,USD_INR,USD,INR,83.4802,manual_uploaded_rates,manual
EUR_INR-2024-03-24,2024-03-24,EUR_INR,EUR,INR,91.8312,manual_uploaded_rates,manual
GBP_USD-2024-03-24,2024-03-24,GBP_USD,GBP,USD,1.290157,manual_uploaded_rates,manual
EUR_GBP-2024-03-24,2024-03-24,EUR_GBP,EUR,GBP,0.840102,manual_uploaded_rates,manual
EUR_USD-2024-03-24,2024-03-24,EUR_USD,EUR,USD,1.090133,manual_uploaded_rates,manual
USD_GBP-2024-03-24,2024-03-24,USD_GBP,USD,GBP,0.780095,manual_uploaded_rates,manual
GBP_EUR-2024-03-24,2024-03-24,GBP_EUR,GBP,EUR,1.180144,manual_uploaded_rates,manual
GBP_INR-2024-03-25,2024-03-25,GBP_INR,GBP,INR,108.3633,manual_uploaded_rates,manual
USD_INR-2024-03-25,2024-03-25,USD_INR,USD,INR,83.4417,manual_uploaded_rates,manual
EUR_INR-2024-03-25,2024-03-25,EUR_INR,EUR,INR,91.7889,manual_uploaded_rates,manual
GBP_USD-2024-03-25,2024-03-25,GBP_USD,GBP,USD,1.289563,manual_uploaded_rates,manual
EUR_GBP-2024-03-25,2024-03-25,EUR_GBP,EUR,GBP,0.839716,manual_uploaded_rates,manual
EUR_USD-2024-03-25,2024-03-25,EUR_USD,EUR,USD,1.089631,manual_uploaded_rates,manual
USD_GBP-2024-03-25,2024-03-25,USD_GBP,USD,GBP,0.779736,manual_uploaded_rates,manual
GBP_EUR-2024-03-25,2024-03-25,GBP_EUR,GBP,EUR,1.1796,manual_uploaded_rates,manual
GBP_INR-2024-03-26,2024-03-26,GBP_INR,GBP,INR,108.3113,manual_uploaded_rates,manual
USD_INR-2024-03-26,2024-03-26,USD_INR,USD,INR,83.4017,manual_uploaded_rates,manual
EUR_INR-2024-03-26,2024-03-26,EUR_INR,EUR,INR,91.7449,manual_uploaded_rates,manual
GBP_USD-2024-03-26,2024-03-26,GBP_USD,GBP,USD,1.288945,manual_uploaded_rates,manual
EUR_GBP-2024-03-26,2024-03-26,EUR_GBP,EUR,GBP,0.839313,manual_uploaded_rates,manual
EUR_USD-2024-03-26,2024-03-26,EUR_USD,EUR,USD,1.089108,manual_uploaded_rates,manual
USD_GBP-2024-03-26,2024-03-26,USD_GBP,USD,GBP,0.779362,manual_uploaded_rates,manual
GBP_EUR-2024-03-26,2024-03-26,GBP_EUR,GBP,EUR,1.179035,manual_uploaded_rates,manual
GBP_INR-2024-03-27,2024-03-27,GBP_INR,GBP,INR,108.2582,manual_uploaded_rates,manual
USD_INR-2024-03-27,2024-03-27,USD_INR,USD,INR,83.3608,manual_uploaded_rates,manual
EUR_INR-2024-03-27,2024-03-27,EUR_INR,EUR,INR,91.6999,manual_uploaded_rates,manual
GBP_USD-2024-03-27,2024-03-27,GBP_USD,GBP,USD,1.288312,manual_uploaded_rates,manual
EUR_GBP-2024-03-27,2024-03-27,EUR_GBP,EUR,GBP,0.838901,manual_uploaded_rates,manual
EUR_USD-2024-03-27,2024-03-27,EUR_USD,EUR,USD,1.088574,manual_uploaded_rates,manual
USD_GBP-2024-03-27,2024-03-27,USD_GBP,USD,GBP,0.77898,manual_uploaded_rates,manual
GBP_EUR-2024-03-27,2024-03-27,GBP_EUR,GBP,EUR,1.178456,manual_uploaded_rates,manual
GBP_INR-2024-03-28,2024-03-28,GBP_INR,GBP,INR,108.2048,manual_uploaded_rates,manual
USD_INR-2024-03-28,2024-03-28,USD_INR,USD,INR,83.3197,manual_uploaded_rates,manual
EUR_INR-2024-03-28,2024-03-28,EUR_INR,EUR,INR,91.6546,manual_uploaded_rates,manual
GBP_USD-2024-03-28,2024-03-28,GBP_USD,GBP,USD,1.287677,manual_uploaded_rates,manual
EUR_GBP-2024-03-28,2024-03-28,EUR_GBP,EUR,GBP,0.838487,manual_uploaded_rates,manual
EUR_USD-2024-03-28,2024-03-28,EUR_USD,EUR,USD,1.088037,manual_uploaded_rates,manual
USD_GBP-2024-03-28,2024-03-28,USD_GBP,USD,GBP,0.778595,manual_uploaded_rates,manual
GBP_EUR-2024-03-28,2024-03-28,GBP_EUR,GBP,EUR,1.177875,manual_uploaded_rates,manual
GBP_INR-2024-03-29,2024-03-29,GBP_INR,GBP,INR,108.1519,manual_uploaded_rates,manual
USD_INR-2024-03-29,2024-03-29,USD_INR,USD,INR,83.279,manual_uploaded_rates,manual
EUR_INR-2024-03-29,2024-03-29,EUR_INR,EUR,INR,91.6098,manual_uploaded_rates,manual
GBP_USD-2024-03-29,2024-03-29,GBP_USD,GBP,USD,1.287048,manual_uploaded_rates,manual
EUR_GBP-2024-03-29,2024-03-29,EUR_GBP,EUR,GBP,0.838077,manual_uploaded_rates,manual
EUR_USD-2024-03-29,2024-03-29,EUR_USD,EUR,USD,1.087505,manual_uploaded_rates,manual
USD_GBP-2024-03-29,2024-03-29,USD_GBP,USD,GBP,0.778215,manual_uploaded_rates,manual
GBP_EUR-2024-03-29,2024-03-29,GBP_EUR,GBP,EUR,1.177299,manual_uploaded_rates,manual
GBP_INR-2024-03-30,2024-03-30,GBP_INR,GBP,INR,108.1005,manual_uploaded_rates,manual
USD_INR-2024-03-30,2024-03-30,USD_INR,USD,INR,83.2393,manual_uploaded_rates,manual
EUR_INR-2024-03-30,2024-03-30,EUR_INR,EUR,INR,91.5663,manual_uploaded_rates,manual
GBP_USD-2024-03-30,2024-03-30,GBP_USD,GBP,USD,1.286435,manual_uploaded_rates,manual
EUR_GBP-2024-03-30,2024-03-30,EUR_GBP,EUR,GBP,0.837679,manual_uploaded_rates,manual
EUR_USD-2024-03-30,2024-03-30,EUR_USD,EUR,USD,1.086988,manual_uploaded_rates,manual
USD_GBP-2024-03-30,2024-03-30,USD_GBP,USD,GBP,0.777845,manual_uploaded_rates,manual
GBP_EUR-2024-03-30,2024-03-30,GBP_EUR,GBP,EUR,1.176739,manual_uploaded_rates,manual
GBP_INR-2024-03-31,2024-03-31,GBP_INR,GBP,INR,108.0512,manual_uploaded_rates,manual
USD_INR-2024-03-31,2024-03-31,USD_INR,USD,INR,83.2014,manual_uploaded_rates,manual
EUR_INR-2024-03-31,2024-03-31,EUR_INR,EUR,INR,91.5245,manual_uploaded_rates,manual
GBP_USD-2024-03-31,2024-03-31,GBP_USD,GBP,USD,1.285849,manual_uploaded_rates,manual
EUR_GBP-2024-03-31,2024-03-31,EUR_GBP,EUR,GBP,0.837297,manual_uploaded_rates,manual
EUR_USD-2024-03-31,2024-03-31,EUR_USD,EUR,USD,1.086492,manual_uploaded_rates,manual
USD_GBP-2024-03-31,2024-03-31,USD_GBP,USD,GBP,0.77749,manual_uploaded_rates,manual
GBP_EUR-2024-03-31,2024-03-31,GBP_EUR,GBP,EUR,1.176203,manual_uploaded_rates,manual
GBP_INR-2024-04-01,2024-04-01,GBP_INR,GBP,INR,108.0048,manual_uploaded_rates,manual
USD_INR-2024-04-01,2024-04-01,USD_INR,USD,INR,83.1657,manual_uploaded_rates,manual
EUR_INR-2024-04-01,2024-04-01,EUR_INR,EUR,INR,91.4852,manual_uploaded_rates,manual
GBP_USD-2024-04-01,2024-04-01,GBP_USD,GBP,USD,1.285297,manual_uploaded_rates,manual
EUR_GBP-2024-04-01,2024-04-01,EUR_GBP,EUR,GBP,0.836937,manual_uploaded_rates,manual
EUR_USD-2024-04-01,2024-04-01,EUR_USD,EUR,USD,1.086026,manual_uploaded_rates,manual
USD_GBP-2024-04-01,2024-04-01,USD_GBP,USD,GBP,0.777156,manual_uploaded_rates,manual
GBP_EUR-2024-04-01,2024-04-01,GBP_EUR,GBP,EUR,1.175698,manual_uploaded_rates,manual
GBP_INR-2024-04-02,2024-04-02,GBP_INR,GBP,INR,107.9619,manual_uploaded_rates,manual
USD_INR-2024-04-02,2024-04-02,USD_INR,USD,INR,83.1327,manual_uploaded_rates,manual
EUR_INR-2024-04-02,2024-04-02,EUR_INR,EUR,INR,91.4489,manual_uploaded_rates,manual
GBP_USD-2024-04-02,2024-04-02,GBP_USD,GBP,USD,1.284786,manual_uploaded_rates,manual
EUR_GBP-2024-04-02,2024-04-02,EUR_GBP,EUR,GBP,0.836605,manual_uploaded_rates,manual
EUR_USD-2024-04-02,2024-04-02,EUR_USD,EUR,USD,1.085595,manual_uploaded_rates,manual
USD_GBP-2024-04-02,2024-04-02,USD_GBP,USD,GBP,0.776848,manual_uploaded_rates,manual
GBP_EUR-2024-04-02,2024-04-02,GBP_EUR,GBP,EUR,1.175231,manual_uploaded_rates,manual
GBP_INR-2024-04-03,2024-04-03,GBP_INR,GBP,INR,107.923,manual_uploaded_rates,manual
USD_INR-2024-04-03,2024-04-03,USD_INR,USD,INR,83.1027,manual_uploaded_rates,manual
EUR_INR-2024-04-03,2024-04-03,EUR_INR,EUR,INR,91.416,manual_uploaded_rates,manual
GBP_USD-2024-04-03,2024-04-03,GBP_USD,GBP,USD,1.284324,manual_uploaded_rates,manual
EUR_GBP-2024-04-03,2024-04-03,EUR_GBP,EUR,GBP,0.836304,manual_uploaded_rates,manual
EUR_USD-2024-04-03,2024-04-03,EUR_USD,EUR,USD,1.085204,manual_uploaded_rates,manual
USD_GBP-2024-04-03,2024-04-03,USD_GBP,USD,GBP,0.776568,manual_uploaded_rates,manual
GBP_EUR-2024-04-03,2024-04-03,GBP_EUR,GBP,EUR,1.174808,manual_uploaded_rates,manual
GBP_INR-2024-04-04,2024-04-04,GBP_INR,GBP,INR,107.8886,manual_uploaded_rates,manual
USD_INR-2024-04-04,2024-04-04,USD_INR,USD,INR,83.0762,manual_uploaded_rates,manual
EUR_INR-2024-04-04,2024-04-04,EUR_INR,EUR,INR,91.3868,manual_uploaded_rates,manual
GBP_USD-2024-04-04,2024-04-04,GBP_USD,GBP,USD,1.283914,manual_uploaded_rates,manual
EUR_GBP-2024-04-04,2024-04-04,EUR_GBP,EUR,GBP,0.836037,manual_uploaded_rates,manual
EUR_USD-2024-04-04,2024-04-04,EUR_USD,EUR,USD,1.084858,manual_uploaded_rates,manual
USD_GBP-2024-04-04,2024-04-04,USD_GBP,USD,GBP,0.77632,manual_uploaded_rates,manual
GBP_EUR-2024-04-04,2024-04-04,GBP_EUR,GBP,EUR,1.174433,manual_uploaded_rates,manual
GBP_INR-2024-04-05,2024-04-05,GBP_INR,GBP,INR,107.8589,manual_uploaded_rates,manual
USD_INR-2024-04-05,2024-04-05,USD_INR,USD,INR,83.0534,manual_uploaded_rates,manual
EUR_INR-2024-04-05,2024-04-05,EUR_INR,EUR,INR,91.3617,manual_uploaded_rates,manual
GBP_USD-2024-04-05,2024-04-05,GBP_USD,GBP,USD,1.283561,manual_uploaded_rates,manual
EUR_GBP-2024-04-05,2024-04-05,EUR_GBP,EUR,GBP,0.835807,manual_uploaded_rates,manual
EUR_USD-2024-04-05,2024-04-05,EUR_USD,EUR,USD,1.084559,manual_uploaded_rates,manual
USD_GBP-2024-04-05,2024-04-05,USD_GBP,USD,GBP,0.776107,manual_uploaded_rates,manual
GBP_EUR-2024-04-05,2024-04-05,GBP_EUR,GBP,EUR,1.17411,manual_uploaded_rates,manual
GBP_INR-2024-04-06,2024-04-06,GBP_INR,GBP,INR,107.8341,manual_uploaded_rates,manual
USD_INR-2024-04-06,2024-04-06,USD_INR,USD,INR,83.0343,manual_uploaded_rates,manual
EUR_INR-2024-04-06,2024-04-06,EUR_INR,EUR,INR,91.3407,manual_uploaded_rates,manual
GBP_USD-2024-04-06,2024-04-06,GBP_USD,GBP,USD,1.283266,manual_uploaded_rates,manual
EUR_GBP-2024-04-06,2024-04-06,EUR_GBP,EUR,GBP,0.835615,manual_uploaded_rates,manual
EUR_USD-2024-04-06,2024-04-06,EUR_USD,EUR,USD,1.08431,manual_uploaded_rates,manual
USD_GBP-2024-04-06,2024-04-06,USD_GBP,USD,GBP,0.775928,manual_uploaded_rates,manual
GBP_EUR-2024-04-06,2024-04-06,GBP_EUR,GBP,EUR,1.17384,manual_uploaded_rates,manual
GBP_INR-2024-04-07,2024-04-07,GBP_INR,GBP,INR,107.8143,manual_uploaded_rates,manual
USD_INR-2024-04-07,2024-04-07,USD_INR,USD,INR,83.019,manual_uploaded_rates,manual
EUR_INR-2024-04-07,2024-04-07,EUR_INR,EUR,INR,91.3239,manual_uploaded_rates,manual
GBP_USD-2024-04-07,2024-04-07,GBP_USD,GBP,USD,1.28303,manual_uploaded_rates,manual
EUR_GBP-2024-04-07,2024-04-07,EUR_GBP,EUR,GBP,0.835461,manual_uploaded_rates,manual
EUR_USD-2024-04-07,2024-04-07,EUR_USD,EUR,USD,1.084111,manual_uploaded_rates,manual
USD_GBP-2024-04-07,2024-04-07,USD_GBP,USD,GBP,0.775786,manual_uploaded_rates,manual
GBP_EUR-2024-04-07,2024-04-07,GBP_EUR,GBP,EUR,1.173624,manual_uploaded_rates,manual
GBP_INR-2024-04-08,2024-04-08,GBP_INR,GBP,INR,107.7993,manual_uploaded_rates,manual
USD_INR-2024-04-08,2024-04-08,USD_INR,USD,INR,83.0075,manual_uploaded_rates,manual
EUR_INR-2024-04-08,2024-04-08,EUR_INR,EUR,INR,91.3112,manual_uploaded_rates,manual
GBP_USD-2024-04-08,2024-04-08,GBP_USD,GBP,USD,1.282852,manual_uploaded_rates,manual
EUR_GBP-2024-04-08,2024-04-08,EUR_GBP,EUR,GBP,0.835345,manual_uploaded_rates,manual
EUR_USD-2024-04-08,2024-04-08,EUR_USD,EUR,USD,1.08396,manual_uploaded_rates,manual
USD_GBP-2024-04-08,2024-04-08,USD_GBP,USD,GBP,0.775678,manual_uploaded_rates,manual
GBP_EUR-2024-04-08,2024-04-08,GBP_EUR,GBP,EUR,1.173461,manual_uploaded_rates,manual
GBP_INR-2024-04-09,2024-04-09,GBP_INR,GBP,INR,107.789,manual_uploaded_rates,manual
USD_INR-2024-04-09,2024-04-09,USD_INR,USD,INR,82.9995,manual_uploaded_rates,manual
EUR_INR-2024-04-09,2024-04-09,EUR_INR,EUR,INR,91.3024,manual_uploaded_rates,manual
GBP_USD-2024-04-09,2024-04-09,GBP_USD,GBP,USD,1.282729,manual_uploaded_rates,manual
EUR_GBP-2024-04-09,2024-04-09,EUR_GBP,EUR,GBP,0.835265,manual_uploaded_rates,manual
EUR_USD-2024-04-09,2024-04-09,EUR_USD,EUR,USD,1.083856,manual_uploaded_rates,manual
USD_GBP-2024-04-09,2024-04-09,USD_GBP,USD,GBP,0.775603,manual_uploaded_rates,manual
GBP_EUR-2024-04-09,2024-04-09,GBP_EUR,GBP,EUR,1.173349,manual_uploaded_rates,manual
GBP_INR-2024-04-10,2024-04-10,GBP_INR,GBP,INR,107.783,manual_uploaded_rates,manual
USD_INR-2024-04-10,2024-04-10,USD_INR,USD,INR,82.9949,manual_uploaded_rates,manual
EUR_INR-2024-04-10,2024-04-10,EUR_INR,EUR,INR,91.2973,manual_uploaded_rates,manual
GBP_USD-2024-04-10,2024-04-10,GBP_USD,GBP,USD,1.282657,manual_uploaded_rates,manual
EUR_GBP-2024-04-10,2024-04-10,EUR_GBP,EUR,GBP,0.835219,manual_uploaded_rates,manual
EUR_USD-2024-04-10,2024-04-10,EUR_USD,EUR,USD,1.083795,manual_uploaded_rates,manual
USD_GBP-2024-04-10,2024-04-10,USD_GBP,USD,GBP,0.77556,manual_uploaded_rates,manual
GBP_EUR-2024-04-10,2024-04-10,GBP_EUR,GBP,EUR,1.173283,manual_uploaded_rates,manual
GBP_INR-2024-04-11,2024-04-11,GBP_INR,GBP,INR,107.7808,manual_uploaded_rates,manual
USD_INR-2024-04-11,2024-04-11,USD_INR,USD,INR,82.9932,manual_uploaded_rates,manual
EUR_INR-2024-04-11,2024-04-11,EUR_INR,EUR,INR,91.2955,manual_uploaded_rates,manual
GBP_USD-2024-04-11,2024-04-11,GBP_USD,GBP,USD,1.282631,manual_uploaded_rates,manual
EUR_GBP-2024-04-11,2024-04-11,EUR_GBP,EUR,GBP,0.835202,manual_uploaded_rates,manual
EUR_USD-2024-04-11,2024-04-11,EUR_USD,EUR,USD,1.083774,manual_uploaded_rates,manual
USD_GBP-2024-04-11,2024-04-11,USD_GBP,USD,GBP,0.775544,manual_uploaded_rates,manual
GBP_EUR-2024-04-11,2024-04-11,GBP_EUR,GBP,EUR,1.17326,manual_uploaded_rates,manual
GBP_INR-2024-04-12,2024-04-12,GBP_INR,GBP,INR,107.7819,manual_uploaded_rates,manual
USD_INR-2024-04-12,2024-04-12,USD_INR,USD,INR,82.9941,manual_uploaded_rates,manual
EUR_INR-2024-04-12,2024-04-12,EUR_INR,EUR,INR,91.2965,manual_uploaded_rates,manual
GBP_USD-2024-04-12,2024-04-12,GBP_USD,GBP,USD,1.282645,manual_uploaded_rates,manual
EUR_GBP-2024-04-12,2024-04-12,EUR_GBP,EUR,GBP,0.83521,manual_uploaded_rates,manual
EUR_USD-2024-04-12,2024-04-12,EUR_USD,EUR,USD,1.083785,manual_uploaded_rates,manual
USD_GBP-2024-04-12,2024-04-12,USD_GBP,USD,GBP,0.775553,manual_uploaded_rates,manual
GBP_EUR-2024-04-12,2024-04-12,GBP_EUR,GBP,EUR,1.173272,manual_uploaded_rates,manual
GBP_INR-2024-04-13,2024-04-13,GBP_INR,GBP,INR,107.7857,manual_uploaded_rates,manual
USD_INR-2024-04-13,2024-04-13,USD_INR,USD,INR,82.997,manual_uploaded_rates,manual
EUR_INR-2024-04-13,2024-04-13,EUR_INR,EUR,INR,91.2997,manual_uploaded_rates,manual
GBP_USD-2024-04-13,2024-04-13,GBP_USD,GBP,USD,1.28269,manual_uploaded_rates,manual
EUR_GBP-2024-04-13,2024-04-13,EUR_GBP,EUR,GBP,0.83524,manual_uploaded_rates,manual
EUR_USD-2024-04-13,2024-04-13,EUR_USD,EUR,USD,1.083823,manual_uploaded_rates,manual
USD_GBP-2024-04-13,2024-04-13,USD_GBP,USD,GBP,0.77558,manual_uploaded_rates,manual
GBP_EUR-2024-04-13,2024-04-13,GBP_EUR,GBP,EUR,1.173313,manual_uploaded_rates,manual
GBP_INR-2024-04-14,2024-04-14,GBP_INR,GBP,INR,107.7914,manual_uploaded_rates,manual
USD_INR-2024-04-14,2024-04-14,USD_INR,USD,INR,83.0014,manual_uploaded_rates,manual
EUR_INR-2024-04-14,2024-04-14,EUR_INR,EUR,INR,91.3045,manual_uploaded_rates,manual
GBP_USD-2024-04-14,2024-04-14,GBP_USD,GBP,USD,1.282757,manual_uploaded_rates,manual
EUR_GBP-2024-04-14,2024-04-14,EUR_GBP,EUR,GBP,0.835284,manual_uploaded_rates,manual
EUR_USD-2024-04-14,2024-04-14,EUR_USD,EUR,USD,1.08388,manual_uploaded_rates,manual
USD_GBP-2024-04-14,2024-04-14,USD_GBP,USD,GBP,0.775621,manual_uploaded_rates,manual
GBP_EUR-2024-04-14,2024-04-14,GBP_EUR,GBP,EUR,1.173375,manual_uploaded_rates,manual
GBP_INR-2024-04-15,2024-04-15,GBP_INR,GBP,INR,107.7982,manual_uploaded_rates,manual
USD_INR-2024-04-15,2024-04-15,USD_INR,USD,INR,83.0066,manual_uploaded_rates,manual
EUR_INR-2024-04-15,2024-04-15,EUR_INR,EUR,INR,91.3102,manual_uploaded_rates,manual
GBP_USD-2024-04-15,2024-04-15,GBP_USD,GBP,USD,1.282838,manual_uploaded_rates,manual
EUR_GBP-2024-04-15,2024-04-15,EUR_GBP,EUR,GBP,0.835336,manual_uploaded_rates,manual
EUR_USD-2024-04-15,2024-04-15,EUR_USD,EUR,USD,1.083949,manual_uploaded_rates,manual
USD_GBP-2024-04-15,2024-04-15,USD_GBP,USD,GBP,0.77567,manual_uploaded_rates,manual
GBP_EUR-2024-04-15,2024-04-15,GBP_EUR,GBP,EUR,1.173449,manual_uploaded_rates,manual
GBP_INR-2024-04-16,2024-04-16,GBP_INR,GBP,INR,107.8053,manual_uploaded_rates,manual
USD_INR-2024-04-16,2024-04-16,USD_INR,USD,INR,83.012,manual_uploaded_rates,manual
EUR_INR-2024-04-16,2024-04-16,EUR_INR,EUR,INR,91.3162,manual_uploaded_rates,manual
GBP_USD-2024-04-16,2024-04-16,GBP_USD,GBP,USD,1.282922,manual_uploaded_rates,manual
EUR_GBP-2024-04-16,2024-04-16,EUR_GBP,EUR,GBP,0.835391,manual_uploaded_rates,manual
EUR_USD-2024-04-16,2024-04-16,EUR_USD,EUR,USD,1.08402,manual_uploaded_rates,manual
USD_GBP-2024-04-16,2024-04-16,USD_GBP,USD,GBP,0.77572,manual_uploaded_rates,manual
GBP_EUR-2024-04-16,2024-04-16,GBP_EUR,GBP,EUR,1.173526,manual_uploaded_rates,manual
GBP_INR-2024-04-17,2024-04-17,GBP_INR,GBP,INR,107.8117,manual_uploaded_rates,manual
USD_INR-2024-04-17,2024-04-17,USD_INR,USD,INR,83.017,manual_uploaded_rates,manual
EUR_INR-2024-04-17,2024-04-17,EUR_INR,EUR,INR,91.3217,manual_uploaded_rates,manual
GBP_USD-2024-04-17,2024-04-17,GBP_USD,GBP,USD,1.282999,manual_uploaded_rates,manual
EUR_GBP-2024-04-17,2024-04-17,EUR_GBP,EUR,GBP,0.835441,manual_uploaded_rates,manual
EUR_USD-2024-04-17,2024-04-17,EUR_USD,EUR,USD,1.084085,manual_uploaded_rates,manual
USD_GBP-2024-04-17,2024-04-17,USD_GBP,USD,GBP,0.775767,manual_uploaded_rates,manual
GBP_EUR-2024-04-17,2024-04-17,GBP_EUR,GBP,EUR,1.173596,manual_uploaded_rates,manual
GBP_INR-2024-04-18,2024-04-18,GBP_INR,GBP,INR,107.8167,manual_uploaded_rates,manual
USD_INR-2024-04-18,2024-04-18,USD_INR,USD,INR,83.0208,manual_uploaded_rates,manual
EUR_INR-2024-04-18,2024-04-18,EUR_INR,EUR,INR,91.3259,manual_uploaded_rates,manual
GBP_USD-2024-04-18,2024-04-18,GBP_USD,GBP,USD,1.283058,manual_uploaded_rates,manual
EUR_GBP-2024-04-18,2024-04-18,EUR_GBP,EUR,GBP,0.83548,manual_uploaded_rates,manual
EUR_USD-2024-04-18,2024-04-18,EUR_USD,EUR,USD,1.084134,manual_uploaded_rates,manual
USD_GBP-2024-04-18,2024-04-18,USD_GBP,USD,GBP,0.775803,manual_uploaded_rates,manual
GBP_EUR-2024-04-18,2024-04-18,GBP_EUR,GBP,EUR,1.17365,manual_uploaded_rates,manual
GBP_INR-2024-04-19,2024-04-19,GBP_INR,GBP,INR,107.8193,manual_uploaded_rates,manual
USD_INR-2024-04-19,2024-04-19,USD_INR,USD,INR,83.0228,manual_uploaded_rates,manual
EUR_INR-2024-04-19,2024-04-19,EUR_INR,EUR,INR,91.3281,manual_uploaded_rates,manual
GBP_USD-2024-04-19,2024-04-19,GBP_USD,GBP,USD,1.283089,manual_uploaded_rates,manual
EUR_GBP-2024-04-19,2024-04-19,EUR_GBP,EUR,GBP,0.8355,manual_uploaded_rates,manual
EUR_USD-2024-04-19,2024-04-19,EUR_USD,EUR,USD,1.08416,manual_uploaded_rates,manual
USD_GBP-2024-04-19,2024-04-19,USD_GBP,USD,GBP,0.775821,manual_uploaded_rates,manual
GBP_EUR-2024-04-19,2024-04-19,GBP_EUR,GBP,EUR,1.173678,manual_uploaded_rates,manual
GBP_INR-2024-04-20,2024-04-20,GBP_INR,GBP,INR,107.8186,manual_uploaded_rates,manual
USD_INR-2024-04-20,2024-04-20,USD_INR,USD,INR,83.0223,manual_uploaded_rates,manual
EUR_INR-2024-04-20,2024-04-20,EUR_INR,EUR,INR,91.3275,manual_uploaded_rates,manual
GBP_USD-2024-04-20,2024-04-20,GBP_USD,GBP,USD,1.283081,manual_uploaded_rates,manual
EUR_GBP-2024-04-20,2024-04-20,EUR_GBP,EUR,GBP,0.835495,manual_uploaded_rates,manual
EUR_USD-2024-04-20,2024-04-20,EUR_USD,EUR,USD,1.084154,manual_uploaded_rates,manual
USD_GBP-2024-04-20,2024-04-20,USD_GBP,USD,GBP,0.775817,manual_uploaded_rates,manual
GBP_EUR-2024-04-20,2024-04-20,GBP_EUR,GBP,EUR,1.173671,manual_uploaded_rates,manual
GBP_INR-2024-04-21,2024-04-21,GBP_INR,GBP,INR,107.8139,manual_uploaded_rates,manual
USD_INR-2024-04-21,2024-04-21,USD_INR,USD,INR,83.0187,manual_uploaded_rates,manual
EUR_INR-2024-04-21,2024-04-21,EUR_INR,EUR,INR,91.3236,manual_uploaded_rates,manual
GBP_USD-2024-04-21,2024-04-21,GBP_USD,GBP,USD,1.283026,manual_uploaded_rates,manual
EUR_GBP-2024-04-21,2024-04-21,EUR_GBP,EUR,GBP,0.835459,manual_uploaded_rates,manual
EUR_USD-2024-04-21,2024-04-21,EUR_USD,EUR,USD,1.084107,manual_uploaded_rates,manual
USD_GBP-2024-04-21,2024-04-21,USD_GBP,USD,GBP,0.775783,manual_uploaded_rates,manual
GBP_EUR-2024-04-21,2024-04-21,GBP_EUR,GBP,EUR,1.17362,manual_uploaded_rates,manual
GBP_INR-2024-04-22,2024-04-22,GBP_INR,GBP,INR,107.8045,manual_uploaded_rates,manual
USD_INR-2024-04-22,2024-04-22,USD_INR,USD,INR,83.0114,manual_uploaded_rates,manual
EUR_INR-2024-04-22,2024-04-22,EUR_INR,EUR,INR,91.3156,manual_uploaded_rates,manual
GBP_USD-2024-04-22,2024-04-22,GBP_USD,GBP,USD,1.282913,manual_uploaded_rates,manual
EUR_GBP-2024-04-22,2024-04-22,EUR_GBP,EUR,GBP,0.835385,manual_uploaded_rates,manual
EUR_USD-2024-04-22,2024-04-22,EUR_USD,EUR,USD,1.084012,manual_uploaded_rates,manual
USD_GBP-2024-04-22,2024-04-22,USD_GBP,USD,GBP,0.775715,manual_uploaded_rates,manual
GBP_EUR-2024-04-22,2024-04-22,GBP_EUR,GBP,EUR,1.173517,manual_uploaded_rates,manual
GBP_INR-2024-04-23,2024-04-23,GBP_INR,GBP,INR,107.7896,manual_uploaded_rates,manual
USD_INR-2024-04-23,2024-04-23,USD_INR,USD,INR,82.9999,manual_uploaded_rates,manual
EUR_INR-2024-04-23,2024-04-23,EUR_INR,EUR,INR,91.3029,manual_uploaded_rates,manual
GBP_USD-2024-04-23,2024-04-23,GBP_USD,GBP,USD,1.282736,manual_uploaded_rates,manual
EUR_GBP-2024-04-23,2024-04-23,EUR_GBP,EUR,GBP,0.83527,manual_uploaded_rates,manual
EUR_USD-2024-04-23,2024-04-23,EUR_USD,EUR,USD,1.083862,manual_uploaded_rates,manual
USD_GBP-2024-04-23,2024-04-23,USD_GBP,USD,GBP,0.775608,manual_uploaded_rates,manual
GBP_EUR-2024-04-23,2024-04-23,GBP_EUR,GBP,EUR,1.173355,manual_uploaded_rates,manual
GBP_INR-2024-04-24,2024-04-24,GBP_INR,GBP,INR,107.7686,manual_uploaded_rates,manual
USD_INR-2024-04-24,2024-04-24,USD_INR,USD,INR,82.9838,manual_uploaded_rates,manual
EUR_INR-2024-04-24,2024-04-24,EUR_INR,EUR,INR,91.2852,manual_uploaded_rates,manual
GBP_USD-2024-04-24,2024-04-24,GBP_USD,GBP,USD,1.282486,manual_uploaded_rates,manual
EUR_GBP-2024-04-24,2024-04-24,EUR_GBP,EUR,GBP,0.835107,manual_uploaded_rates,manual
EUR_USD-2024-04-24,2024-04-24,EUR_USD,EUR,USD,1.083651,manual_uploaded_rates,manual
USD_GBP-2024-04-24,2024-04-24,USD_GBP,USD,GBP,0.775457,manual_uploaded_rates,manual
GBP_EUR-2024-04-24,2024-04-24,GBP_EUR,GBP,EUR,1.173127,manual_uploaded_rates,manual
GBP_INR-2024-04-25,2024-04-25,GBP_INR,GBP,INR,107.7412,manual_uploaded_rates,manual
USD_INR-2024-04-25,2024-04-25,USD_INR,USD,INR,82.9627,manual_uploaded_rates,manual
EUR_INR-2024-04-25,2024-04-25,EUR_INR,EUR,INR,91.262,manual_uploaded_rates,manual
GBP_USD-2024-04-25,2024-04-25,GBP_USD,GBP,USD,1.28216,manual_uploaded_rates,manual
EUR_GBP-2024-04-25,2024-04-25,EUR_GBP,EUR,GBP,0.834895,manual_uploaded_rates,manual
EUR_USD-2024-04-25,2024-04-25,EUR_USD,EUR,USD,1.083376,manual_uploaded_rates,manual
USD_GBP-2024-04-25,2024-04-25,USD_GBP,USD,GBP,0.77526,manual_uploaded_rates,manual
GBP_EUR-2024-04-25,2024-04-25,GBP_EUR,GBP,EUR,1.172829,manual_uploaded_rates,manual
GBP_INR-2024-04-26,2024-04-26,GBP_INR,GBP,INR,107.707,manual_uploaded_rates,manual
USD_INR-2024-04-26,2024-04-26,USD_INR,USD,INR,82.9364,manual_uploaded_rates,manual
EUR_INR-2024-04-26,2024-04-26,EUR_INR,EUR,INR,91.233,manual_uploaded_rates,manual
GBP_USD-2024-04-26,2024-04-26,GBP_USD,GBP,USD,1.281753,manual_uploaded_rates,manual
EUR_GBP-2024-04-26,2024-04-26,EUR_GBP,EUR,GBP,0.83463,manual_uploaded_rates,manual
EUR_USD-2024-04-26,2024-04-26,EUR_USD,EUR,USD,1.083032,manual_uploaded_rates,manual
USD_GBP-2024-04-26,2024-04-26,USD_GBP,USD,GBP,0.775013,manual_uploaded_rates,manual
GBP_EUR-2024-04-26,2024-04-26,GBP_EUR,GBP,EUR,1.172456,manual_uploaded_rates,manual
GBP_INR-2024-04-27,2024-04-27,GBP_INR,GBP,INR,107.6657,manual_uploaded_rates,manual
USD_INR-2024-04-27,2024-04-27,USD_INR,USD,INR,82.9046,manual_uploaded_rates,manual
EUR_INR-2024-04-27,2024-04-27,EUR_INR,EUR,INR,91.198,manual_uploaded_rates,manual
GBP_USD-2024-04-27,2024-04-27,GBP_USD,GBP,USD,1.281262,manual_uploaded_rates,manual
EUR_GBP-2024-04-27,2024-04-27,EUR_GBP,EUR,GBP,0.83431,manual_uploaded_rates,manual
EUR_USD-2024-04-27,2024-04-27,EUR_USD,EUR,USD,1.082617,manual_uploaded_rates,manual
USD_GBP-2024-04-27,2024-04-27,USD_GBP,USD,GBP,0.774716,manual_uploaded_rates,manual
GBP_EUR-2024-04-27,2024-04-27,GBP_EUR,GBP,EUR,1.172007,manual_uploaded_rates,manual
GBP_INR-2024-04-28,2024-04-28,GBP_INR,GBP,INR,107.6173,manual_uploaded_rates,manual
USD_INR-2024-04-28,2024-04-28,USD_INR,USD,INR,82.8673,manual_uploaded_rates,manual
EUR_INR-2024-04-28,2024-04-28,EUR_INR,EUR,INR,91.157,manual_uploaded_rates,manual
GBP_USD-2024-04-28,2024-04-28,GBP_USD,GBP,USD,1.280686,manual_uploaded_rates,manual
EUR_GBP-2024-04-28,2024-04-28,EUR_GBP,EUR,GBP,0.833935,manual_uploaded_rates,manual
EUR_USD-2024-04-28,2024-04-28,EUR_USD,EUR,USD,1.08213,manual_uploaded_rates,manual
USD_GBP-2024-04-28,2024-04-28,USD_GBP,USD,GBP,0.774368,manual_uploaded_rates,manual
GBP_EUR-2024-04-28,2024-04-28,GBP_EUR,GBP,EUR,1.17148,manual_uploaded_rates,manual
GBP_INR-2024-04-29,2024-04-29,GBP_INR,GBP,INR,107.5618,manual_uploaded_rates,manual
USD_INR-2024-04-29,2024-04-29,USD_INR,USD,INR,82.8246,manual_uploaded_rates,manual
EUR_INR-2024-04-29,2024-04-29,EUR_INR,EUR,INR,91.11,manual_uploaded_rates,manual
GBP_USD-2024-04-29,2024-04-29,GBP_USD,GBP,USD,1.280025,manual_uploaded_rates,manual
EUR_GBP-2024-04-29,2024-04-29,EUR_GBP,EUR,GBP,0.833505,manual_uploaded_rates,manual
EUR_USD-2024-04-29,2024-04-29,EUR_USD,EUR,USD,1.081572,manual_uploaded_rates,manual
USD_GBP-2024-04-29,2024-04-29,USD_GBP,USD,GBP,0.773969,manual_uploaded_rates,manual
GBP_EUR-2024-04-29,2024-04-29,GBP_EUR,GBP,EUR,1.170876,manual_uploaded_rates,manual
GBP_INR-2024-04-30,2024-04-30,GBP_INR,GBP,INR,107.4995,manual_uploaded_rates,manual
USD_INR-2024-04-30,2024-04-30,USD_INR,USD,INR,82.7766,manual_uploaded_rates,manual
EUR_INR-2024-04-30,2024-04-30,EUR_INR,EUR,INR,91.0572,manual_uploaded_rates,manual
GBP_USD-2024-04-30,2024-04-30,GBP_USD,GBP,USD,1.279283,manual_uploaded_rates,manual
EUR_GBP-2024-04-30,2024-04-30,EUR_GBP,EUR,GBP,0.833022,manual_uploaded_rates,manual
EUR_USD-2024-04-30,2024-04-30,EUR_USD,EUR,USD,1.080945,manual_uploaded_rates,manual
USD_GBP-2024-04-30,2024-04-30,USD_GBP,USD,GBP,0.77352,manual_uploaded_rates,manual
GBP_EUR-2024-04-30,2024-04-30,GBP_EUR,GBP,EUR,1.170197,manual_uploaded_rates,manual
GBP_INR-2024-05-01,2024-05-01,GBP_INR,GBP,INR,107.4305,manual_uploaded_rates,manual
USD_INR-2024-05-01,2024-05-01,USD_INR,USD,INR,82.7235,manual_uploaded_rates,manual
EUR_INR-2024-05-01,2024-05-01,EUR_INR,EUR,INR,90.9988,manual_uploaded_rates,manual
GBP_USD-2024-05-01,2024-05-01,GBP_USD,GBP,USD,1.278463,manual_uploaded_rates,manual
EUR_GBP-2024-05-01,2024-05-01,EUR_GBP,EUR,GBP,0.832487,manual_uploaded_rates,manual
EUR_USD-2024-05-01,2024-05-01,EUR_USD,EUR,USD,1.080251,manual_uploaded_rates,manual
USD_GBP-2024-05-01,2024-05-01,USD_GBP,USD,GBP,0.773024,manual_uploaded_rates,manual
GBP_EUR-2024-05-01,2024-05-01,GBP_EUR,GBP,EUR,1.169446,manual_uploaded_rates,manual
GBP_INR-2024-05-02,2024-05-02,GBP_INR,GBP,INR,107.3554,manual_uploaded_rates,manual
USD_INR-2024-05-02,2024-05-02,USD_INR,USD,INR,82.6657,manual_uploaded_rates,manual
EUR_INR-2024-05-02,2024-05-02,EUR_INR,EUR,INR,90.9352,manual_uploaded_rates,manual
GBP_USD-2024-05-02,2024-05-02,GBP_USD,GBP,USD,1.277569,manual_uploaded_rates,manual
EUR_GBP-2024-05-02,2024-05-02,EUR_GBP,EUR,GBP,0.831906,manual_uploaded_rates,manual
EUR_USD-2024-05-02,2024-05-02,EUR_USD,EUR,USD,1.079497,manual_uploaded_rates,manual
USD_GBP-2024-05-02,2024-05-02,USD_GBP,USD,GBP,0.772484,manual_uploaded_rates,manual
GBP_EUR-2024-05-02,2024-05-02,GBP_EUR,GBP,EUR,1.168629,manual_uploaded_rates,manual
GBP_INR-2024-05-03,2024-05-03,GBP_INR,GBP,INR,107.2748,manual_uploaded_rates,manual
USD_INR-2024-05-03,2024-05-03,USD_INR,USD,INR,82.6036,manual_uploaded_rates,manual
EUR_INR-2024-05-03,2024-05-03,EUR_INR,EUR,INR,90.8669,manual_uploaded_rates,manual
GBP_USD-2024-05-03,2024-05-03,GBP_USD,GBP,USD,1.27661,manual_uploaded_rates,manual
EUR_GBP-2024-05-03,2024-05-03,EUR_GBP,EUR,GBP,0.831281,manual_uploaded_rates,manual
EUR_USD-2024-05-03,2024-05-03,EUR_USD,EUR,USD,1.078686,manual_uploaded_rates,manual
USD_GBP-2024-05-03,2024-05-03,USD_GBP,USD,GBP,0.771904,manual_uploaded_rates,manual
GBP_EUR-2024-05-03,2024-05-03,GBP_EUR,GBP,EUR,1.167752,manual_uploaded_rates,manual
GBP_INR-2024-05-04,2024-05-04,GBP_INR,GBP,INR,107.1893,manual_uploaded_rates,manual
USD_INR-2024-05-04,2024-05-04,USD_INR,USD,INR,82.5378,manual_uploaded_rates,manual
EUR_INR-2024-05-04,2024-05-04,EUR_INR,EUR,INR,90.7945,manual_uploaded_rates,manual
GBP_USD-2024-05-04,2024-05-04,GBP_USD,GBP,USD,1.275593,manual_uploaded_rates,manual
EUR_GBP-2024-05-04,2024-05-04,EUR_GBP,EUR,GBP,0.830618,manual_uploaded_rates,manual
EUR_USD-2024-05-04,2024-05-04,EUR_USD,EUR,USD,1.077826,manual_uploaded_rates,manual
USD_GBP-2024-05-04,2024-05-04,USD_GBP,USD,GBP,0.771289,manual_uploaded_rates,manual
GBP_EUR-2024-05-04,2024-05-04,GBP_EUR,GBP,EUR,1.166821,manual_uploaded_rates,manual
GBP_INR-2024-05-05,2024-05-05,GBP_INR,GBP,INR,107.0998,manual_uploaded_rates,manual
USD_INR-2024-05-05,2024-05-05,USD_INR,USD,INR,82.4688,manual_uploaded_rates,manual
EUR_INR-2024-05-05,2024-05-05,EUR_INR,EUR,INR,90.7186,manual_uploaded_rates,manual
GBP_USD-2024-05-05,2024-05-05,GBP_USD,GBP,USD,1.274527,manual_uploaded_rates,manual
EUR_GBP-2024-05-05,2024-05-05,EUR_GBP,EUR,GBP,0.829924,manual_uploaded_rates,manual
EUR_USD-2024-05-05,2024-05-05,EUR_USD,EUR,USD,1.076926,manual_uploaded_rates,manual
USD_GBP-2024-05-05,2024-05-05,USD_GBP,USD,GBP,0.770644,manual_uploaded_rates,manual
GBP_EUR-2024-05-05,2024-05-05,GBP_EUR,GBP,EUR,1.165846,manual_uploaded_rates,manual
GBP_INR-2024-05-06,2024-05-06,GBP_INR,GBP,INR,107.007,manual_uploaded_rates,manual
USD_INR-2024-05-06,2024-05-06,USD_INR,USD,INR,82.3973,manual_uploaded_rates,manual
EUR_INR-2024-05-06,2024-05-06,EUR_INR,EUR,INR,90.64,manual_uploaded_rates,manual
GBP_USD-2024-05-06,2024-05-06,GBP_USD,GBP,USD,1.273423,manual_uploaded_rates,manual
EUR_GBP-2024-05-06,2024-05-06,EUR_GBP,EUR,GBP,0.829205,manual_uploaded_rates,manual
EUR_USD-2024-05-06,2024-05-06,EUR_USD,EUR,USD,1.075993,manual_uploaded_rates,manual
USD_GBP-2024-05-06,2024-05-06,USD_GBP,USD,GBP,0.769976,manual_uploaded_rates,manual
GBP_EUR-2024-05-06,2024-05-06,GBP_EUR,GBP,EUR,1.164836,manual_uploaded_rates,manual
GBP_INR-2024-05-07,2024-05-07,GBP_INR,GBP,INR,106.9119,manual_uploaded_rates,manual
USD_INR-2024-05-07,2024-05-07,USD_INR,USD,INR,82.3242,manual_uploaded_rates,manual
EUR_INR-2024-05-07,2024-05-07,EUR_INR,EUR,INR,90.5595,manual_uploaded_rates,manual
GBP_USD-2024-05-07,2024-05-07,GBP_USD,GBP,USD,1.272291,manual_uploaded_rates,manual
EUR_GBP-2024-05-07,2024-05-07,EUR_GBP,EUR,GBP,0.828469,manual_uploaded_rates,manual
EUR_USD-2024-05-07,2024-05-07,EUR_USD,EUR,USD,1.075037,manual_uploaded_rates,manual
USD_GBP-2024-05-07,2024-05-07,USD_GBP,USD,GBP,0.769292,manual_uploaded_rates,manual
GBP_EUR-2024-05-07,2024-05-07,GBP_EUR,GBP,EUR,1.163801,manual_uploaded_rates,manual
GBP_INR-2024-05-08,2024-05-08,GBP_INR,GBP,INR,106.8156,manual_uploaded_rates,manual
USD_INR-2024-05-08,2024-05-08,USD_INR,USD,INR,82.25,manual_uploaded_rates,manual
EUR_INR-2024-05-08,2024-05-08,EUR_INR,EUR,INR,90.4779,manual_uploaded_rates,manual
GBP_USD-2024-05-08,2024-05-08,GBP_USD,GBP,USD,1.271145,manual_uploaded_rates,manual
EUR_GBP-2024-05-08,2024-05-08,EUR_GBP,EUR,GBP,0.827722,manual_uploaded_rates,manual
EUR_USD-2024-05-08,2024-05-08,EUR_USD,EUR,USD,1.074068,manual_uploaded_rates,manual
USD_GBP-2024-05-08,2024-05-08,USD_GBP,USD,GBP,0.768599,manual_uploaded_rates,manual
GBP_EUR-2024-05-08,2024-05-08,GBP_EUR,GBP,EUR,1.162753,manual_uploaded_rates,manual
GBP_INR-2024-05-09,2024-05-09,GBP_INR,GBP,INR,106.719,manual_uploaded_rates,manual
USD_INR-2024-05-09,2024-05-09,USD_INR,USD,INR,82.1756,manual_uploaded_rates,manual
EUR_INR-2024-05-09,2024-05-09,EUR_INR,EUR,INR,90.3961,manual_uploaded_rates,manual
GBP_USD-2024-05-09,2024-05-09,GBP_USD,GBP,USD,1.269995,manual_uploaded_rates,manual
EUR_GBP-2024-05-09,2024-05-09,EUR_GBP,EUR,GBP,0.826974,manual_uploaded_rates,manual
EUR_USD-2024-05-09,2024-05-09,EUR_USD,EUR,USD,1.073097,manual_uploaded_rates,manual
USD_GBP-2024-05-09,2024-05-09,USD_GBP,USD,GBP,0.767904,manual_uploaded_rates,manual
GBP_EUR-2024-05-09,2024-05-09,GBP_EUR,GBP,EUR,1.161701,manual_uploaded_rates,manual
GBP_INR-2024-05-10,2024-05-10,GBP_INR,GBP,INR,106.6232,manual_uploaded_rates,manual
USD_INR-2024-05-10,2024-05-10,USD_INR,USD,INR,82.1018,manual_uploaded_rates,manual
EUR_INR-2024-05-10,2024-05-10,EUR_INR,EUR,INR,90.3149,manual_uploaded_rates,manual
GBP_USD-2024-05-10,2024-05-10,GBP_USD,GBP,USD,1.268855,manual_uploaded_rates,manual
EUR_GBP-2024-05-10,2024-05-10,EUR_GBP,EUR,GBP,0.826231,manual_uploaded_rates,manual
EUR_USD-2024-05-10,2024-05-10,EUR_USD,EUR,USD,1.072133,manual_uploaded_rates,manual
USD_GBP-2024-05-10,2024-05-10,USD_GBP,USD,GBP,0.767215,manual_uploaded_rates,manual
GBP_EUR-2024-05-10,2024-05-10,GBP_EUR,GBP,EUR,1.160658,manual_uploaded_rates,manual
GBP_INR-2024-05-11,2024-05-11,GBP_INR,GBP,INR,106.5292,manual_uploaded_rates,manual
USD_INR-2024-05-11,2024-05-11,USD_INR,USD,INR,82.0294,manual_uploaded_rates,manual
EUR_INR-2024-05-11,2024-05-11,EUR_INR,EUR,INR,90.2353,manual_uploaded_rates,manual
GBP_USD-2024-05-11,2024-05-11,GBP_USD,GBP,USD,1.267736,manual_uploaded_rates,manual
EUR_GBP-2024-05-11,2024-05-11,EUR_GBP,EUR,GBP,0.825503,manual_uploaded_rates,manual
EUR_USD-2024-05-11,2024-05-11,EUR_USD,EUR,USD,1.071188,manual_uploaded_rates,manual
USD_GBP-2024-05-11,2024-05-11,USD_GBP,USD,GBP,0.766538,manual_uploaded_rates,manual
GBP_EUR-2024-05-11,2024-05-11,GBP_EUR,GBP,EUR,1.159635,manual_uploaded_rates,manual
GBP_INR-2024-05-12,2024-05-12,GBP_INR,GBP,INR,106.438,manual_uploaded_rates,manual
USD_INR-2024-05-12,2024-05-12,USD_INR,USD,INR,81.9592,manual_uploaded_rates,manual
EUR_INR-2024-05-12,2024-05-12,EUR_INR,EUR,INR,90.1581,manual_uploaded_rates,manual
GBP_USD-2024-05-12,2024-05-12,GBP_USD,GBP,USD,1.266651,manual_uploaded_rates,manual
EUR_GBP-2024-05-12,2024-05-12,EUR_GBP,EUR,GBP,0.824796,manual_uploaded_rates,manual
EUR_USD-2024-05-12,2024-05-12,EUR_USD,EUR,USD,1.070271,manual_uploaded_rates,manual
USD_GBP-2024-05-12,2024-05-12,USD_GBP,USD,GBP,0.765882,manual_uploaded_rates,manual
GBP_EUR-2024-05-12,2024-05-12,GBP_EUR,GBP,EUR,1.158642,manual_uploaded_rates,manual
GBP_INR-2024-05-13,2024-05-13,GBP_INR,GBP,INR,106.3506,manual_uploaded_rates,manual
USD_INR-2024-05-13,2024-05-13,USD_INR,USD,INR,81.8919,manual_uploaded_rates,manual
EUR_INR-2024-05-13,2024-05-13,EUR_INR,EUR,INR,90.084,manual_uploaded_rates,manual
GBP_USD-2024-05-13,2024-05-13,GBP_USD,GBP,USD,1.265611,manual_uploaded_rates,manual
EUR_GBP-2024-05-13,2024-05-13,EUR_GBP,EUR,GBP,0.824119,manual_uploaded_rates,manual
EUR_USD-2024-05-13,2024-05-13,EUR_USD,EUR,USD,1.069392,manual_uploaded_rates,manual
USD_GBP-2024-05-13,2024-05-13,USD_GBP,USD,GBP,0.765253,manual_uploaded_rates,manual
GBP_EUR-2024-05-13,2024-05-13,GBP_EUR,GBP,EUR,1.157691,manual_uploaded_rates,manual
GBP_INR-2024-05-14,2024-05-14,GBP_INR,GBP,INR,106.2679,manual_uploaded_rates,manual
USD_INR-2024-05-14,2024-05-14,USD_INR,USD,INR,81.8282,manual_uploaded_rates,manual
EUR_INR-2024-05-14,2024-05-14,EUR_INR,EUR,INR,90.014,manual_uploaded_rates,manual
GBP_USD-2024-05-14,2024-05-14,GBP_USD,GBP,USD,1.264627,manual_uploaded_rates,manual
EUR_GBP-2024-05-14,2024-05-14,EUR_GBP,EUR,GBP,0.823478,manual_uploaded_rates,manual
EUR_USD-2024-05-14,2024-05-14,EUR_USD,EUR,USD,1.068561,manual_uploaded_rates,manual
USD_GBP-2024-05-14,2024-05-14,USD_GBP,USD,GBP,0.764658,manual_uploaded_rates,manual
GBP_EUR-2024-05-14,2024-05-14,GBP_EUR,GBP,EUR,1.156791,manual_uploaded_rates,manual
GBP_INR-2024-05-15,2024-05-15,GBP_INR,GBP,INR,106.1907,manual_uploaded_rates,manual
USD_INR-2024-05-15,2024-05-15,USD_INR,USD,INR,81.7688,manual_uploaded_rates,manual
EUR_INR-2024-05-15,2024-05-15,EUR_INR,EUR,INR,89.9486,manual_uploaded_rates,manual
GBP_USD-2024-05-15,2024-05-15,GBP_USD,GBP,USD,1.263709,manual_uploaded_rates,manual
EUR_GBP-2024-05-15,2024-05-15,EUR_GBP,EUR,GBP,0.82288,manual_uploaded_rates,manual
EUR_USD-2024-05-15,2024-05-15,EUR_USD,EUR,USD,1.067785,manual_uploaded_rates,manual
USD_GBP-2024-05-15,2024-05-15,USD_GBP,USD,GBP,0.764103,manual_uploaded_rates,manual
GBP_EUR-2024-05-15,2024-05-15,GBP_EUR,GBP,EUR,1.155951,manual_uploaded_rates,manual
GBP_INR-2024-05-16,2024-05-16,GBP_INR,GBP,INR,106.1199,manual_uploaded_rates,manual
USD_INR-2024-05-16,2024-05-16,USD_INR,USD,INR,81.7142,manual_uploaded_rates,manual
EUR_INR-2024-05-16,2024-05-16,EUR_INR,EUR,INR,89.8886,manual_uploaded_rates,manual
GBP_USD-2024-05-16,2024-05-16,GBP_USD,GBP,USD,1.262865,manual_uploaded_rates,manual
EUR_GBP-2024-05-16,2024-05-16,EUR_GBP,EUR,GBP,0.822331,manual_uploaded_rates,manual
EUR_USD-2024-05-16,2024-05-16,EUR_USD,EUR,USD,1.067072,manual_uploaded_rates,manual
USD_GBP-2024-05-16,2024-05-16,USD_GBP,USD,GBP,0.763593,manual_uploaded_rates,manual
GBP_EUR-2024-05-16,2024-05-16,GBP_EUR,GBP,EUR,1.155179,manual_uploaded_rates,manual
GBP_INR-2024-05-17,2024-05-17,GBP_INR,GBP,INR,106.0559,manual_uploaded_rates,manual
USD_INR-2024-05-17,2024-05-17,USD_INR,USD,INR,81.665,manual_uploaded_rates,manual
EUR_INR-2024-05-17,2024-05-17,EUR_INR,EUR,INR,89.8344,manual_uploaded_rates,manual
GBP_USD-2024-05-17,2024-05-17,GBP_USD,GBP,USD,1.262104,manual_uploaded_rates,manual
EUR_GBP-2024-05-17,2024-05-17,EUR_GBP,EUR,GBP,0.821835,manual_uploaded_rates,manual
EUR_USD-2024-05-17,2024-05-17,EUR_USD,EUR,USD,1.066429,manual_uploaded_rates,manual
USD_GBP-2024-05-17,2024-05-17,USD_GBP,USD,GBP,0.763133,manual_uploaded_rates,manual
GBP_EUR-2024-05-17,2024-05-17,GBP_EUR,GBP,EUR,1.154483,manual_uploaded_rates,manual
GBP_INR-2024-05-18,2024-05-18,GBP_INR,GBP,INR,105.9993,manual_uploaded_rates,manual
USD_INR-2024-05-18,2024-05-18,USD_INR,USD,INR,81.6214,manual_uploaded_rates,manual
EUR_INR-2024-05-18,2024-05-18,EUR_INR,EUR,INR,89.7865,manual_uploaded_rates,manual
GBP_USD-2024-05-18,2024-05-18,GBP_USD,GBP,USD,1.261431,manual_uploaded_rates,manual
EUR_GBP-2024-05-18,2024-05-18,EUR_GBP,EUR,GBP,0.821397,manual_uploaded_rates,manual
EUR_USD-2024-05-18,2024-05-18,EUR_USD,EUR,USD,1.06586,manual_uploaded_rates,manual
USD_GBP-2024-05-18,2024-05-18,USD_GBP,USD,GBP,0.762726,manual_uploaded_rates,manual
GBP_EUR-2024-05-18,2024-05-18,GBP_EUR,GBP,EUR,1.153867,manual_uploaded_rates,manual
GBP_INR-2024-05-19,2024-05-19,GBP_INR,GBP,INR,105.9506,manual_uploaded_rates,manual
USD_INR-2024-05-19,2024-05-19,USD_INR,USD,INR,81.5839,manual_uploaded_rates,manual
EUR_INR-2024-05-19,2024-05-19,EUR_INR,EUR,INR,89.7452,manual_uploaded_rates,manual
GBP_USD-2024-05-19,2024-05-19,GBP_USD,GBP,USD,1.260851,manual_uploaded_rates,manual
EUR_GBP-2024-05-19,2024-05-19,EUR_GBP,EUR,GBP,0.821019,manual_uploaded_rates,manual
EUR_USD-2024-05-19,2024-05-19,EUR_USD,EUR,USD,1.06537,manual_uploaded_rates,manual
USD_GBP-2024-05-19,2024-05-19,USD_GBP,USD,GBP,0.762375,manual_uploaded_rates,manual
GBP_EUR-2024-05-19,2024-05-19,GBP_EUR,GBP,EUR,1.153337,manual_uploaded_rates,manual
GBP_INR-2024-05-20,2024-05-20,GBP_INR,GBP,INR,105.9099,manual_uploaded_rates,manual
USD_INR-2024-05-20,2024-05-20,USD_INR,USD,INR,81.5526,manual_uploaded_rates,manual
EUR_INR-2024-05-20,2024-05-20,EUR_INR,EUR,INR,89.7108,manual_uploaded_rates,manual
GBP_USD-2024-05-20,2024-05-20,GBP_USD,GBP,USD,1.260367,manual_uploaded_rates,manual
EUR_GBP-2024-05-20,2024-05-20,EUR_GBP,EUR,GBP,0.820704,manual_uploaded_rates,manual
EUR_USD-2024-05-20,2024-05-20,EUR_USD,EUR,USD,1.064962,manual_uploaded_rates,manual
USD_GBP-2024-05-20,2024-05-20,USD_GBP,USD,GBP,0.762083,manual_uploaded_rates,manual
GBP_EUR-2024-05-20,2024-05-20,GBP_EUR,GBP,EUR,1.152894,manual_uploaded_rates,manual
GBP_INR-2024-05-21,2024-05-21,GBP_INR,GBP,INR,105.8775,manual_uploaded_rates,manual
USD_INR-2024-05-21,2024-05-21,USD_INR,USD,INR,81.5276,manual_uploaded_rates,manual
EUR_INR-2024-05-21,2024-05-21,EUR_INR,EUR,INR,89.6833,manual_uploaded_rates,manual
GBP_USD-2024-05-21,2024-05-21,GBP_USD,GBP,USD,1.259981,manual_uploaded_rates,manual
EUR_GBP-2024-05-21,2024-05-21,EUR_GBP,EUR,GBP,0.820453,manual_uploaded_rates,manual
EUR_USD-2024-05-21,2024-05-21,EUR_USD,EUR,USD,1.064635,manual_uploaded_rates,manual
USD_GBP-2024-05-21,2024-05-21,USD_GBP,USD,GBP,0.761849,manual_uploaded_rates,manual
GBP_EUR-2024-05-21,2024-05-21,GBP_EUR,GBP,EUR,1.152541,manual_uploaded_rates,manual
GBP_INR-2024-05-22,2024-05-22,GBP_INR,GBP,INR,105.8532,manual_uploaded_rates,manual
USD_INR-2024-05-22,2024-05-22,USD_INR,USD,INR,81.509,manual_uploaded_rates,manual
EUR_INR-2024-05-22,2024-05-22,EUR_INR,EUR,INR,89.6628,manual_uploaded_rates,manual
GBP_USD-2024-05-22,2024-05-22,GBP_USD,GBP,USD,1.259693,manual_uploaded_rates,manual
EUR_GBP-2024-05-22,2024-05-22,EUR_GBP,EUR,GBP,0.820265,manual_uploaded_rates,manual
EUR_USD-2024-05-22,2024-05-22,EUR_USD,EUR,USD,1.064392,manual_uploaded_rates,manual
USD_GBP-2024-05-22,2024-05-22,USD_GBP,USD,GBP,0.761675,manual_uploaded_rates,manual
GBP_EUR-2024-05-22,2024-05-22,GBP_EUR,GBP,EUR,1.152277,manual_uploaded_rates,manual
GBP_INR-2024-05-23,2024-05-23,GBP_INR,GBP,INR,105.8371,manual_uploaded_rates,manual
USD_INR-2024-05-23,2024-05-23,USD_INR,USD,INR,81.4965,manual_uploaded_rates,manual
EUR_INR-2024-05-23,2024-05-23,EUR_INR,EUR,INR,89.6491,manual_uploaded_rates,manual
GBP_USD-2024-05-23,2024-05-23,GBP_USD,GBP,USD,1.2595,manual_uploaded_rates,manual
EUR_GBP-2024-05-23,2024-05-23,EUR_GBP,EUR,GBP,0.82014,manual_uploaded_rates,manual
EUR_USD-2024-05-23,2024-05-23,EUR_USD,EUR,USD,1.064229,manual_uploaded_rates,manual
USD_GBP-2024-05-23,2024-05-23,USD_GBP,USD,GBP,0.761558,manual_uploaded_rates,manual
GBP_EUR-2024-05-23,2024-05-23,GBP_EUR,GBP,EUR,1.152101,manual_uploaded_rates,manual
GBP_INR-2024-05-24,2024-05-24,GBP_INR,GBP,INR,105.8286,manual_uploaded_rates,manual
USD_INR-2024-05-24,2024-05-24,USD_INR,USD,INR,81.49,manual_uploaded_rates,manual
EUR_INR-2024-05-24,2024-05-24,EUR_INR,EUR,INR,89.6419,manual_uploaded_rates,manual
GBP_USD-2024-05-24,2024-05-24,GBP_USD,GBP,USD,1.2594,manual_uploaded_rates,manual
EUR_GBP-2024-05-24,2024-05-24,EUR_GBP,EUR,GBP,0.820074,manual_uploaded_rates,manual
EUR_USD-2024-05-24,2024-05-24,EUR_USD,EUR,USD,1.064144,manual_uploaded_rates,manual
USD_GBP-2024-05-24,2024-05-24,USD_GBP,USD,GBP,0.761498,manual_uploaded_rates,manual
GBP_EUR-2024-05-24,2024-05-24,GBP_EUR,GBP,EUR,1.152009,manual_uploaded_rates,manual
GBP_INR-2024-05-25,2024-05-25,GBP_INR,GBP,INR,105.8276,manual_uploaded_rates,manual
USD_INR-2024-05-25,2024-05-25,USD_INR,USD,INR,81.4892,manual_uploaded_rates,manual
EUR_INR-2024-05-25,2024-05-25,EUR_INR,EUR,INR,89.6411,manual_uploaded_rates,manual
GBP_USD-2024-05-25,2024-05-25,GBP_USD,GBP,USD,1.259387,manual_uploaded_rates,manual
EUR_GBP-2024-05-25,2024-05-25,EUR_GBP,EUR,GBP,0.820066,manual_uploaded_rates,manual
EUR_USD-2024-05-25,2024-05-25,EUR_USD,EUR,USD,1.064134,manual_uploaded_rates,manual
USD_GBP-2024-05-25,2024-05-25,USD_GBP,USD,GBP,0.76149,manual_uploaded_rates,manual
GBP_EUR-2024-05-25,2024-05-25,GBP_EUR,GBP,EUR,1.151998,manual_uploaded_rates,manual
GBP_INR-2024-05-26,2024-05-26,GBP_INR,GBP,INR,105.8334,manual_uploaded_rates,manual
USD_INR-2024-05-26,2024-05-26,USD_INR,USD,INR,81.4937,manual_uploaded_rates,manual
EUR_INR-2024-05-26,2024-05-26,EUR_INR,EUR,INR,89.646,manual_uploaded_rates,manual
GBP_USD-2024-05-26,2024-05-26,GBP_USD,GBP,USD,1.259457,manual_uploaded_rates,manual
EUR_GBP-2024-05-26,2024-05-26,EUR_GBP,EUR,GBP,0.820111,manual_uploaded_rates,manual
EUR_USD-2024-05-26,2024-05-26,EUR_USD,EUR,USD,1.064192,manual_uploaded_rates,manual
USD_GBP-2024-05-26,2024-05-26,USD_GBP,USD,GBP,0.761532,manual_uploaded_rates,manual
GBP_EUR-2024-05-26,2024-05-26,GBP_EUR,GBP,EUR,1.152061,manual_uploaded_rates,manual
GBP_INR-2024-05-27,2024-05-27,GBP_INR,GBP,INR,105.8455,manual_uploaded_rates,manual
USD_INR-2024-05-27,2024-05-27,USD_INR,USD,INR,81.503,manual_uploaded_rates,manual
EUR_INR-2024-05-27,2024-05-27,EUR_INR,EUR,INR,89.6562,manual_uploaded_rates,manual
GBP_USD-2024-05-27,2024-05-27,GBP_USD,GBP,USD,1.259601,manual_uploaded_rates,manual
EUR_GBP-2024-05-27,2024-05-27,EUR_GBP,EUR,GBP,0.820205,manual_uploaded_rates,manual
EUR_USD-2024-05-27,2024-05-27,EUR_USD,EUR,USD,1.064314,manual_uploaded_rates,manual
USD_GBP-2024-05-27,2024-05-27,USD_GBP,USD,GBP,0.761619,manual_uploaded_rates,manual
GBP_EUR-2024-05-27,2024-05-27,GBP_EUR,GBP,EUR,1.152193,manual_uploaded_rates,manual
GBP_INR-2024-05-28,2024-05-28,GBP_INR,GBP,INR,105.8632,manual_uploaded_rates,manual
USD_INR-2024-05-28,2024-05-28,USD_INR,USD,INR,81.5166,manual_uploaded_rates,manual
EUR_INR-2024-05-28,2024-05-28,EUR_INR,EUR,INR,89.6712,manual_uploaded_rates,manual
GBP_USD-2024-05-28,2024-05-28,GBP_USD,GBP,USD,1.259811,manual_uploaded_rates,manual
EUR_GBP-2024-05-28,2024-05-28,EUR_GBP,EUR,GBP,0.820342,manual_uploaded_rates,manual
EUR_USD-2024-05-28,2024-05-28,EUR_USD,EUR,USD,1.064491,manual_uploaded_rates,manual
USD_GBP-2024-05-28,2024-05-28,USD_GBP,USD,GBP,0.761746,manual_uploaded_rates,manual
GBP_EUR-2024-05-28,2024-05-28,GBP_EUR,GBP,EUR,1.152385,manual_uploaded_rates,manual
GBP_INR-2024-05-29,2024-05-29,GBP_INR,GBP,INR,105.8856,manual_uploaded_rates,manual
USD_INR-2024-05-29,2024-05-29,USD_INR,USD,INR,81.5339,manual_uploaded_rates,manual
EUR_INR-2024-05-29,2024-05-29,EUR_INR,EUR,INR,89.6902,manual_uploaded_rates,manual
GBP_USD-2024-05-29,2024-05-29,GBP_USD,GBP,USD,1.260078,manual_uploaded_rates,manual
EUR_GBP-2024-05-29,2024-05-29,EUR_GBP,EUR,GBP,0.820516,manual_uploaded_rates,manual
EUR_USD-2024-05-29,2024-05-29,EUR_USD,EUR,USD,1.064717,manual_uploaded_rates,manual
USD_GBP-2024-05-29,2024-05-29,USD_GBP,USD,GBP,0.761907,manual_uploaded_rates,manual
GBP_EUR-2024-05-29,2024-05-29,GBP_EUR,GBP,EUR,1.152629,manual_uploaded_rates,manual
GBP_INR-2024-05-30,2024-05-30,GBP_INR,GBP,INR,105.912,manual_uploaded_rates,manual
USD_INR-2024-05-30,2024-05-30,USD_INR,USD,INR,81.5542,manual_uploaded_rates,manual
EUR_INR-2024-05-30,2024-05-30,EUR_INR,EUR,INR,89.7125,manual_uploaded_rates,manual
GBP_USD-2024-05-30,2024-05-30,GBP_USD,GBP,USD,1.260391,manual_uploaded_rates,manual
EUR_GBP-2024-05-30,2024-05-30,EUR_GBP,EUR,GBP,0.82072,manual_uploaded_rates,manual
EUR_USD-2024-05-30,2024-05-30,EUR_USD,EUR,USD,1.064982,manual_uploaded_rates,manual
USD_GBP-2024-05-30,2024-05-30,USD_GBP,USD,GBP,0.762097,manual_uploaded_rates,manual
GBP_EUR-2024-05-30,2024-05-30,GBP_EUR,GBP,EUR,1.152916,manual_uploaded_rates,manual
GBP_INR-2024-05-31,2024-05-31,GBP_INR,GBP,INR,105.9414,manual_uploaded_rates,manual
USD_INR-2024-05-31,2024-05-31,USD_INR,USD,INR,81.5768,manual_uploaded_rates,manual
EUR_INR-2024-05-31,2024-05-31,EUR_INR,EUR,INR,89.7374,manual_uploaded_rates,manual
GBP_USD-2024-05-31,2024-05-31,GBP_USD,GBP,USD,1.260742,manual_uploaded_rates,manual
EUR_GBP-2024-05-31,2024-05-31,EUR_GBP,EUR,GBP,0.820948,manual_uploaded_rates,manual
EUR_USD-2024-05-31,2024-05-31,EUR_USD,EUR,USD,1.065278,manual_uploaded_rates,manual
USD_GBP-2024-05-31,2024-05-31,USD_GBP,USD,GBP,0.762309,manual_uploaded_rates,manual
GBP_EUR-2024-05-31,2024-05-31,GBP_EUR,GBP,EUR,1.153237,manual_uploaded_rates,manual
GBP_INR-2024-06-01,2024-06-01,GBP_INR,GBP,INR,105.973,manual_uploaded_rates,manual
USD_INR-2024-06-01,2024-06-01,USD_INR,USD,INR,81.6012,manual_uploaded_rates,manual
EUR_INR-2024-06-01,2024-06-01,EUR_INR,EUR,INR,89.7642,manual_uploaded_rates,manual
GBP_USD-2024-06-01,2024-06-01,GBP_USD,GBP,USD,1.261118,manual_uploaded_rates,manual
EUR_GBP-2024-06-01,2024-06-01,EUR_GBP,EUR,GBP,0.821193,manual_uploaded_rates,manual
EUR_USD-2024-06-01,2024-06-01,EUR_USD,EUR,USD,1.065596,manual_uploaded_rates,manual
USD_GBP-2024-06-01,2024-06-01,USD_GBP,USD,GBP,0.762536,manual_uploaded_rates,manual
GBP_EUR-2024-06-01,2024-06-01,GBP_EUR,GBP,EUR,1.153581,manual_uploaded_rates,manual
GBP_INR-2024-06-02,2024-06-02,GBP_INR,GBP,INR,106.0059,manual_uploaded_rates,manual
USD_INR-2024-06-02,2024-06-02,USD_INR,USD,INR,81.6265,manual_uploaded_rates,manual
EUR_INR-2024-06-02,2024-06-02,EUR_INR,EUR,INR,89.7921,manual_uploaded_rates,manual
GBP_USD-2024-06-02,2024-06-02,GBP_USD,GBP,USD,1.26151,manual_uploaded_rates,manual
EUR_GBP-2024-06-02,2024-06-02,EUR_GBP,EUR,GBP,0.821448,manual_uploaded_rates,manual
EUR_USD-2024-06-02,2024-06-02,EUR_USD,EUR,USD,1.065927,manual_uploaded_rates,manual
USD_GBP-2024-06-02,2024-06-02,USD_GBP,USD,GBP,0.762773,manual_uploaded_rates,manual
GBP_EUR-2024-06-02,2024-06-02,GBP_EUR,GBP,EUR,1.153939,manual_uploaded_rates,manual
GBP_INR-2024-06-03,2024-06-03,GBP_INR,GBP,INR,106.0392,manual_uploaded_rates,manual
USD_INR-2024-06-03,2024-06-03,USD_INR,USD,INR,81.6522,manual_uploaded_rates,manual
EUR_INR-2024-06-03,2024-06-03,EUR_INR,EUR,INR,89.8203,manual_uploaded_rates,manual
GBP_USD-2024-06-03,2024-06-03,GBP_USD,GBP,USD,1.261906,manual_uploaded_rates,manual
EUR_GBP-2024-06-03,2024-06-03,EUR_GBP,EUR,GBP,0.821706,manual_uploaded_rates,manual
EUR_USD-2024-06-03,2024-06-03,EUR_USD,EUR,USD,1.066262,manual_uploaded_rates,manual
USD_GBP-2024-06-03,2024-06-03,USD_GBP,USD,GBP,0.763013,manual_uploaded_rates,manual
GBP_EUR-2024-06-03,2024-06-03,GBP_EUR,GBP,EUR,1.154302,manual_uploaded_rates,manual
GBP_INR-2024-06-04,2024-06-04,GBP_INR,GBP,INR,106.0721,manual_uploaded_rates,manual
USD_INR-2024-06-04,2024-06-04,USD_INR,USD,INR,81.6775,manual_uploaded_rates,manual
EUR_INR-2024-06-04,2024-06-04,EUR_INR,EUR,INR,89.8482,manual_uploaded_rates,manual
GBP_USD-2024-06-04,2024-06-04,GBP_USD,GBP,USD,1.262297,manual_uploaded_rates,manual
EUR_GBP-2024-06-04,2024-06-04,EUR_GBP,EUR,GBP,0.821961,manual_uploaded_rates,manual
EUR_USD-2024-06-04,2024-06-04,EUR_USD,EUR,USD,1.066592,manual_uploaded_rates,manual
USD_GBP-2024-06-04,2024-06-04,USD_GBP,USD,GBP,0.763249,manual_uploaded_rates,manual
GBP_EUR-2024-06-04,2024-06-04,GBP_EUR,GBP,EUR,1.154659,manual_uploaded_rates,manual
GBP_INR-2024-06-05,2024-06-05,GBP_INR,GBP,INR,106.1037,manual_uploaded_rates,manual
USD_INR-2024-06-05,2024-06-05,USD_INR,USD,INR,81.7018,manual_uploaded_rates,manual
EUR_INR-2024-06-05,2024-06-05,EUR_INR,EUR,INR,89.875,manual_uploaded_rates,manual
GBP_USD-2024-06-05,2024-06-05,GBP_USD,GBP,USD,1.262674,manual_uploaded_rates,manual
EUR_GBP-2024-06-05,2024-06-05,EUR_GBP,EUR,GBP,0.822206,manual_uploaded_rates,manual
EUR_USD-2024-06-05,2024-06-05,EUR_USD,EUR,USD,1.06691,manual_uploaded_rates,manual
USD_GBP-2024-06-05,2024-06-05,USD_GBP,USD,GBP,0.763477,manual_uploaded_rates,manual
GBP_EUR-2024-06-05,2024-06-05,GBP_EUR,GBP,EUR,1.155004,manual_uploaded_rates,manual
GBP_INR-2024-06-06,2024-06-06,GBP_INR,GBP,INR,106.1334,manual_uploaded_rates,manual
USD_INR-2024-06-06,2024-06-06,USD_INR,USD,INR,81.7247,manual_uploaded_rates,manual
EUR_INR-2024-06-06,2024-06-06,EUR_INR,EUR,INR,89.9001,manual_uploaded_rates,manual
GBP_USD-2024-06-06,2024-06-06,GBP_USD,GBP,USD,1.263027,manual_uploaded_rates,manual
EUR_GBP-2024-06-06,2024-06-06,EUR_GBP,EUR,GBP,0.822436,manual_uploaded_rates,manual
EUR_USD-2024-06-06,2024-06-06,EUR_USD,EUR,USD,1.067209,manual_uploaded_rates,manual
USD_GBP-2024-06-06,2024-06-06,USD_GBP,USD,GBP,0.763691,manual_uploaded_rates,manual
GBP_EUR-2024-06-06,2024-06-06,GBP_EUR,GBP,EUR,1.155327,manual_uploaded_rates,manual
GBP_INR-2024-06-07,2024-06-07,GBP_INR,GBP,INR,106.1605,manual_uploaded_rates,manual
USD_INR-2024-06-07,2024-06-07,USD_INR,USD,INR,81.7456,manual_uploaded_rates,manual
EUR_INR-2024-06-07,2024-06-07,EUR_INR,EUR,INR,89.923,manual_uploaded_rates,manual
GBP_USD-2024-06-07,2024-06-07,GBP_USD,GBP,USD,1.263349,manual_uploaded_rates,manual
EUR_GBP-2024-06-07,2024-06-07,EUR_GBP,EUR,GBP,0.822646,manual_uploaded_rates,manual
EUR_USD-2024-06-07,2024-06-07,EUR_USD,EUR,USD,1.067481,manual_uploaded_rates,manual
USD_GBP-2024-06-07,2024-06-07,USD_GBP,USD,GBP,0.763886,manual_uploaded_rates,manual
GBP_EUR-2024-06-07,2024-06-07,GBP_EUR,GBP,EUR,1.155622,manual_uploaded_rates,manual
GBP_INR-2024-06-08,2024-06-08,GBP_INR,GBP,INR,106.1845,manual_uploaded_rates,manual
USD_INR-2024-06-08,2024-06-08,USD_INR,USD,INR,81.764,manual_uploaded_rates,manual
EUR_INR-2024-06-08,2024-06-08,EUR_INR,EUR,INR,89.9433,manual_uploaded_rates,manual
GBP_USD-2024-06-08,2024-06-08,GBP_USD,GBP,USD,1.263634,manual_uploaded_rates,manual
EUR_GBP-2024-06-08,2024-06-08,EUR_GBP,EUR,GBP,0.822832,manual_uploaded_rates,manual
EUR_USD-2024-06-08,2024-06-08,EUR_USD,EUR,USD,1.067722,manual_uploaded_rates,manual
USD_GBP-2024-06-08,2024-06-08,USD_GBP,USD,GBP,0.764058,manual_uploaded_rates,manual
GBP_EUR-2024-06-08,2024-06-08,GBP_EUR,GBP,EUR,1.155882,manual_uploaded_rates,manual
GBP_INR-2024-06-09,2024-06-09,GBP_INR,GBP,INR,106.2048,manual_uploaded_rates,manual
USD_INR-2024-06-09,2024-06-09,USD_INR,USD,INR,81.7797,manual_uploaded_rates,manual
EUR_INR-2024-06-09,2024-06-09,EUR_INR,EUR,INR,89.9606,manual_uploaded_rates,manual
GBP_USD-2024-06-09,2024-06-09,GBP_USD,GBP,USD,1.263876,manual_uploaded_rates,manual
EUR_GBP-2024-06-09,2024-06-09,EUR_GBP,EUR,GBP,0.822989,manual_uploaded_rates,manual
EUR_USD-2024-06-09,2024-06-09,EUR_USD,EUR,USD,1.067927,manual_uploaded_rates,manual
USD_GBP-2024-06-09,2024-06-09,USD_GBP,USD,GBP,0.764204,manual_uploaded_rates,manual
GBP_EUR-2024-06-09,2024-06-09,GBP_EUR,GBP,EUR,1.156104,manual_uploaded_rates,manual
GBP_INR-2024-06-10,2024-06-10,GBP_INR,GBP,INR,106.2213,manual_uploaded_rates,manual
USD_INR-2024-06-10,2024-06-10,USD_INR,USD,INR,81.7923,manual_uploaded_rates,manual
EUR_INR-2024-06-10,2024-06-10,EUR_INR,EUR,INR,89.9745,manual_uploaded_rates,manual
GBP_USD-2024-06-10,2024-06-10,GBP_USD,GBP,USD,1.264072,manual_uploaded_rates,manual
EUR_GBP-2024-06-10,2024-06-10,EUR_GBP,EUR,GBP,0.823117,manual_uploaded_rates,manual
EUR_USD-2024-06-10,2024-06-10,EUR_USD,EUR,USD,1.068092,manual_uploaded_rates,manual
USD_GBP-2024-06-10,2024-06-10,USD_GBP,USD,GBP,0.764323,manual_uploaded_rates,manual
GBP_EUR-2024-06-10,2024-06-10,GBP_EUR,GBP,EUR,1.156283,manual_uploaded_rates,manual
GBP_INR-2024-06-11,2024-06-11,GBP_INR,GBP,INR,106.2336,manual_uploaded_rates,manual
USD_INR-2024-06-11,2024-06-11,USD_INR,USD,INR,81.8018,manual_uploaded_rates,manual
EUR_INR-2024-06-11,2024-06-11,EUR_INR,EUR,INR,89.985,manual_uploaded_rates,manual
GBP_USD-2024-06-11,2024-06-11,GBP_USD,GBP,USD,1.264219,manual_uploaded_rates,manual
EUR_GBP-2024-06-11,2024-06-11,EUR_GBP,EUR,GBP,0.823212,manual_uploaded_rates,manual
EUR_USD-2024-06-11,2024-06-11,EUR_USD,EUR,USD,1.068216,manual_uploaded_rates,manual
USD_GBP-2024-06-11,2024-06-11,USD_GBP,USD,GBP,0.764412,manual_uploaded_rates,manual
GBP_EUR-2024-06-11,2024-06-11,GBP_EUR,GBP,EUR,1.156418,manual_uploaded_rates,manual
GBP_INR-2024-06-12,2024-06-12,GBP_INR,GBP,INR,106.2418,manual_uploaded_rates,manual
USD_INR-2024-06-12,2024-06-12,USD_INR,USD,INR,81.8081,manual_uploaded_rates,manual
EUR_INR-2024-06-12,2024-06-12,EUR_INR,EUR,INR,89.9919,manual_uploaded_rates,manual
GBP_USD-2024-06-12,2024-06-12,GBP_USD,GBP,USD,1.264316,manual_uploaded_rates,manual
EUR_GBP-2024-06-12,2024-06-12,EUR_GBP,EUR,GBP,0.823276,manual_uploaded_rates,manual
EUR_USD-2024-06-12,2024-06-12,EUR_USD,EUR,USD,1.068298,manual_uploaded_rates,manual
USD_GBP-2024-06-12,2024-06-12,USD_GBP,USD,GBP,0.76447,manual_uploaded_rates,manual
GBP_EUR-2024-06-12,2024-06-12,GBP_EUR,GBP,EUR,1.156506,manual_uploaded_rates,manual
GBP_INR-2024-06-13,2024-06-13,GBP_INR,GBP,INR,106.2458,manual_uploaded_rates,manual
USD_INR-2024-06-13,2024-06-13,USD_INR,USD,INR,81.8112,manual_uploaded_rates,manual
EUR_INR-2024-06-13,2024-06-13,EUR_INR,EUR,INR,89.9953,manual_uploaded_rates,manual
GBP_USD-2024-06-13,2024-06-13,GBP_USD,GBP,USD,1.264364,manual_uploaded_rates,manual
EUR_GBP-2024-06-13,2024-06-13,EUR_GBP,EUR,GBP,0.823307,manual_uploaded_rates,manual
EUR_USD-2024-06-13,2024-06-13,EUR_USD,EUR,USD,1.068339,manual_uploaded_rates,manual
USD_GBP-2024-06-13,2024-06-13,USD_GBP,USD,GBP,0.764499,manual_uploaded_rates,manual
GBP_EUR-2024-06-13,2024-06-13,GBP_EUR,GBP,EUR,1.15655,manual_uploaded_rates,manual
GBP_INR-2024-06-14,2024-06-14,GBP_INR,GBP,INR,106.2459,manual_uploaded_rates,manual
USD_INR-2024-06-14,2024-06-14,USD_INR,USD,INR,81.8113,manual_uploaded_rates,manual
EUR_INR-2024-06-14,2024-06-14,EUR_INR,EUR,INR,89.9954,manual_uploaded_rates,manual
GBP_USD-2024-06-14,2024-06-14,GBP_USD,GBP,USD,1.264365,manual_uploaded_rates,manual
EUR_GBP-2024-06-14,2024-06-14,EUR_GBP,EUR,GBP,0.823308,manual_uploaded_rates,manual
EUR_USD-2024-06-14,2024-06-14,EUR_USD,EUR,USD,1.06834,manual_uploaded_rates,manual
USD_GBP-2024-06-14,2024-06-14,USD_GBP,USD,GBP,0.7645,manual_uploaded_rates,manual
GBP_EUR-2024-06-14,2024-06-14,GBP_EUR,GBP,EUR,1.156551,manual_uploaded_rates,manual
GBP_INR-2024-06-15,2024-06-15,GBP_INR,GBP,INR,106.2423,manual_uploaded_rates,manual
USD_INR-2024-06-15,2024-06-15,USD_INR,USD,INR,81.8085,manual_uploaded_rates,manual
EUR_INR-2024-06-15,2024-06-15,EUR_INR,EUR,INR,89.9923,manual_uploaded_rates,manual
GBP_USD-2024-06-15,2024-06-15,GBP_USD,GBP,USD,1.264322,manual_uploaded_rates,manual
EUR_GBP-2024-06-15,2024-06-15,EUR_GBP,EUR,GBP,0.82328,manual_uploaded_rates,manual
EUR_USD-2024-06-15,2024-06-15,EUR_USD,EUR,USD,1.068304,manual_uploaded_rates,manual
USD_GBP-2024-06-15,2024-06-15,USD_GBP,USD,GBP,0.764474,manual_uploaded_rates,manual
GBP_EUR-2024-06-15,2024-06-15,GBP_EUR,GBP,EUR,1.156512,manual_uploaded_rates,manual
GBP_INR-2024-06-16,2024-06-16,GBP_INR,GBP,INR,106.2355,manual_uploaded_rates,manual
USD_INR-2024-06-16,2024-06-16,USD_INR,USD,INR,81.8033,manual_uploaded_rates,manual
EUR_INR-2024-06-16,2024-06-16,EUR_INR,EUR,INR,89.9865,manual_uploaded_rates,manual
GBP_USD-2024-06-16,2024-06-16,GBP_USD,GBP,USD,1.264241,manual_uploaded_rates,manual
EUR_GBP-2024-06-16,2024-06-16,EUR_GBP,EUR,GBP,0.823227,manual_uploaded_rates,manual
EUR_USD-2024-06-16,2024-06-16,EUR_USD,EUR,USD,1.068235,manual_uploaded_rates,manual
USD_GBP-2024-06-16,2024-06-16,USD_GBP,USD,GBP,0.764425,manual_uploaded_rates,manual
GBP_EUR-2024-06-16,2024-06-16,GBP_EUR,GBP,EUR,1.156438,manual_uploaded_rates,manual
GBP_INR-2024-06-17,2024-06-17,GBP_INR,GBP,INR,106.2259,manual_uploaded_rates,manual
USD_INR-2024-06-17,2024-06-17,USD_INR,USD,INR,81.7959,manual_uploaded_rates,manual
EUR_INR-2024-06-17,2024-06-17,EUR_INR,EUR,INR,89.9784,manual_uploaded_rates,manual
GBP_USD-2024-06-17,2024-06-17,GBP_USD,GBP,USD,1.264127,manual_uploaded_rates,manual
EUR_GBP-2024-06-17,2024-06-17,EUR_GBP,EUR,GBP,0.823153,manual_uploaded_rates,manual
EUR_USD-2024-06-17,2024-06-17,EUR_USD,EUR,USD,1.068139,manual_uploaded_rates,manual
USD_GBP-2024-06-17,2024-06-17,USD_GBP,USD,GBP,0.764356,manual_uploaded_rates,manual
GBP_EUR-2024-06-17,2024-06-17,GBP_EUR,GBP,EUR,1.156334,manual_uploaded_rates,manual
GBP_INR-2024-06-18,2024-06-18,GBP_INR,GBP,INR,106.2142,manual_uploaded_rates,manual
USD_INR-2024-06-18,2024-06-18,USD_INR,USD,INR,81.7869,manual_uploaded_rates,manual
EUR_INR-2024-06-18,2024-06-18,EUR_INR,EUR,INR,89.9685,manual_uploaded_rates,manual
GBP_USD-2024-06-18,2024-06-18,GBP_USD,GBP,USD,1.263988,manual_uploaded_rates,manual
EUR_GBP-2024-06-18,2024-06-18,EUR_GBP,EUR,GBP,0.823062,manual_uploaded_rates,manual
EUR_USD-2024-06-18,2024-06-18,EUR_USD,EUR,USD,1.068021,manual_uploaded_rates,manual
USD_GBP-2024-06-18,2024-06-18,USD_GBP,USD,GBP,0.764272,manual_uploaded_rates,manual
GBP_EUR-2024-06-18,2024-06-18,GBP_EUR,GBP,EUR,1.156206,manual_uploaded_rates,manual
GBP_INR-2024-06-19,2024-06-19,GBP_INR,GBP,INR,106.2011,manual_uploaded_rates,manual
USD_INR-2024-06-19,2024-06-19,USD_INR,USD,INR,81.7768,manual_uploaded_rates,manual
EUR_INR-2024-06-19,2024-06-19,EUR_INR,EUR,INR,89.9574,manual_uploaded_rates,manual
GBP_USD-2024-06-19,2024-06-19,GBP_USD,GBP,USD,1.263832,manual_uploaded_rates,manual
EUR_GBP-2024-06-19,2024-06-19,EUR_GBP,EUR,GBP,0.82296,manual_uploaded_rates,manual
EUR_USD-2024-06-19,2024-06-19,EUR_USD,EUR,USD,1.067889,manual_uploaded_rates,manual
USD_GBP-2024-06-19,2024-06-19,USD_GBP,USD,GBP,0.764178,manual_uploaded_rates,manual
GBP_EUR-2024-06-19,2024-06-19,GBP_EUR,GBP,EUR,1.156064,manual_uploaded_rates,manual
GBP_INR-2024-06-20,2024-06-20,GBP_INR,GBP,INR,106.1873,manual_uploaded_rates,manual
USD_INR-2024-06-20,2024-06-20,USD_INR,USD,INR,81.7662,manual_uploaded_rates,manual
EUR_INR-2024-06-20,2024-06-20,EUR_INR,EUR,INR,89.9457,manual_uploaded_rates,manual
GBP_USD-2024-06-20,2024-06-20,GBP_USD,GBP,USD,1.263668,manual_uploaded_rates,manual
EUR_GBP-2024-06-20,2024-06-20,EUR_GBP,EUR,GBP,0.822854,manual_uploaded_rates,manual
EUR_USD-2024-06-20,2024-06-20,EUR_USD,EUR,USD,1.06775,manual_uploaded_rates,manual
USD_GBP-2024-06-20,2024-06-20,USD_GBP,USD,GBP,0.764078,manual_uploaded_rates,manual
GBP_EUR-2024-06-20,2024-06-20,GBP_EUR,GBP,EUR,1.155913,manual_uploaded_rates,manual
GBP_INR-2024-06-21,2024-06-21,GBP_INR,GBP,INR,106.1736,manual_uploaded_rates,manual
USD_INR-2024-06-21,2024-06-21,USD_INR,USD,INR,81.7556,manual_uploaded_rates,manual
EUR_INR-2024-06-21,2024-06-21,EUR_INR,EUR,INR,89.9341,manual_uploaded_rates,manual
GBP_USD-2024-06-21,2024-06-21,GBP_USD,GBP,USD,1.263505,manual_uploaded_rates,manual
EUR_GBP-2024-06-21,2024-06-21,EUR_GBP,EUR,GBP,0.822748,manual_uploaded_rates,manual
EUR_USD-2024-06-21,2024-06-21,EUR_USD,EUR,USD,1.067613,manual_uploaded_rates,manual
USD_GBP-2024-06-21,2024-06-21,USD_GBP,USD,GBP,0.76398,manual_uploaded_rates,manual
GBP_EUR-2024-06-21,2024-06-21,GBP_EUR,GBP,EUR,1.155764,manual_uploaded_rates,manual
GBP_INR-2024-06-22,2024-06-22,GBP_INR,GBP,INR,106.1609,manual_uploaded_rates,manual
USD_INR-2024-06-22,2024-06-22,USD_INR,USD,INR,81.7459,manual_uploaded_rates,manual
EUR_INR-2024-06-22,2024-06-22,EUR_INR,EUR,INR,89.9234,manual_uploaded_rates,manual
GBP_USD-2024-06-22,2024-06-22,GBP_USD,GBP,USD,1.263354,manual_uploaded_rates,manual
EUR_GBP-2024-06-22,2024-06-22,EUR_GBP,EUR,GBP,0.822649,manual_uploaded_rates,manual
EUR_USD-2024-06-22,2024-06-22,EUR_USD,EUR,USD,1.067485,manual_uploaded_rates,manual
USD_GBP-2024-06-22,2024-06-22,USD_GBP,USD,GBP,0.763888,manual_uploaded_rates,manual
GBP_EUR-2024-06-22,2024-06-22,GBP_EUR,GBP,EUR,1.155626,manual_uploaded_rates,manual
GBP_INR-2024-06-23,2024-06-23,GBP_INR,GBP,INR,106.15,manual_uploaded_rates,manual
USD_INR-2024-06-23,2024-06-23,USD_INR,USD,INR,81.7375,manual_uploaded_rates,manual
EUR_INR-2024-06-23,2024-06-23,EUR_INR,EUR,INR,89.9141,manual_uploaded_rates,manual
GBP_USD-2024-06-23,2024-06-23,GBP_USD,GBP,USD,1.263224,manual_uploaded_rates,manual
EUR_GBP-2024-06-23,2024-06-23,EUR_GBP,EUR,GBP,0.822565,manual_uploaded_rates,manual
EUR_USD-2024-06-23,2024-06-23,EUR_USD,EUR,USD,1.067375,manual_uploaded_rates,manual
USD_GBP-2024-06-23,2024-06-23,USD_GBP,USD,GBP,0.76381,manual_uploaded_rates,manual
GBP_EUR-2024-06-23,2024-06-23,GBP_EUR,GBP,EUR,1.155507,manual_uploaded_rates,manual
GBP_INR-2024-06-24,2024-06-24,GBP_INR,GBP,INR,106.1418,manual_uploaded_rates,manual
USD_INR-2024-06-24,2024-06-24,USD_INR,USD,INR,81.7311,manual_uploaded_rates,manual
EUR_INR-2024-06-24,2024-06-24,EUR_INR,EUR,INR,89.9072,manual_uploaded_rates,manual
GBP_USD-2024-06-24,2024-06-24,GBP_USD,GBP,USD,1.263126,manual_uploaded_rates,manual
EUR_GBP-2024-06-24,2024-06-24,EUR_GBP,EUR,GBP,0.822501,manual_uploaded_rates,manual
EUR_USD-2024-06-24,2024-06-24,EUR_USD,EUR,USD,1.067293,manual_uploaded_rates,manual
USD_GBP-2024-06-24,2024-06-24,USD_GBP,USD,GBP,0.763751,manual_uploaded_rates,manual
GBP_EUR-2024-06-24,2024-06-24,GBP_EUR,GBP,EUR,1.155418,manual_uploaded_rates,manual
GBP_INR-2024-06-25,2024-06-25,GBP_INR,GBP,INR,106.137,manual_uploaded_rates,manual
USD_INR-2024-06-25,2024-06-25,USD_INR,USD,INR,81.7274,manual_uploaded_rates,manual
EUR_INR-2024-06-25,2024-06-25,EUR_INR,EUR,INR,89.9031,manual_uploaded_rates,manual
GBP_USD-2024-06-25,2024-06-25,GBP_USD,GBP,USD,1.263069,manual_uploaded_rates,manual
EUR_GBP-2024-06-25,2024-06-25,EUR_GBP,EUR,GBP,0.822464,manual_uploaded_rates,manual
EUR_USD-2024-06-25,2024-06-25,EUR_USD,EUR,USD,1.067244,manual_uploaded_rates,manual
USD_GBP-2024-06-25,2024-06-25,USD_GBP,USD,GBP,0.763716,manual_uploaded_rates,manual
GBP_EUR-2024-06-25,2024-06-25,GBP_EUR,GBP,EUR,1.155366,manual_uploaded_rates,manual
GBP_INR-2024-06-26,2024-06-26,GBP_INR,GBP,INR,106.1364,manual_uploaded_rates,manual
USD_INR-2024-06-26,2024-06-26,USD_INR,USD,INR,81.727,manual_uploaded_rates,manual
EUR_INR-2024-06-26,2024-06-26,EUR_INR,EUR,INR,89.9026,manual_uploaded_rates,manual
GBP_USD-2024-06-26,2024-06-26,GBP_USD,GBP,USD,1.263063,manual_uploaded_rates,manual
EUR_GBP-2024-06-26,2024-06-26,EUR_GBP,EUR,GBP,0.822459,manual_uploaded_rates,manual
EUR_USD-2024-06-26,2024-06-26,EUR_USD,EUR,USD,1.067239,manual_uploaded_rates,manual
USD_GBP-2024-06-26,2024-06-26,USD_GBP,USD,GBP,0.763712,manual_uploaded_rates,manual
GBP_EUR-2024-06-26,2024-06-26,GBP_EUR,GBP,EUR,1.15536,manual_uploaded_rates,manual
GBP_INR-2024-06-27,2024-06-27,GBP_INR,GBP,INR,106.1409,manual_uploaded_rates,manual
USD_INR-2024-06-27,2024-06-27,USD_INR,USD,INR,81.7304,manual_uploaded_rates,manual
EUR_INR-2024-06-27,2024-06-27,EUR_INR,EUR,INR,89.9064,manual_uploaded_rates,manual
GBP_USD-2024-06-27,2024-06-27,GBP_USD,GBP,USD,1.263115,manual_uploaded_rates,manual
EUR_GBP-2024-06-27,2024-06-27,EUR_GBP,EUR,GBP,0.822494,manual_uploaded_rates,manual
EUR_USD-2024-06-27,2024-06-27,EUR_USD,EUR,USD,1.067284,manual_uploaded_rates,manual
USD_GBP-2024-06-27,2024-06-27,USD_GBP,USD,GBP,0.763744,manual_uploaded_rates,manual
GBP_EUR-2024-06-27,2024-06-27,GBP_EUR,GBP,EUR,1.155408,manual_uploaded_rates,manual
GBP_INR-2024-06-28,2024-06-28,GBP_INR,GBP,INR,106.1509,manual_uploaded_rates,manual
USD_INR-2024-06-28,2024-06-28,USD_INR,USD,INR,81.7381,manual_uploaded_rates,manual
EUR_INR-2024-06-28,2024-06-28,EUR_INR,EUR,INR,89.9149,manual_uploaded_rates,manual
GBP_USD-2024-06-28,2024-06-28,GBP_USD,GBP,USD,1.263235,manual_uploaded_rates,manual
EUR_GBP-2024-06-28,2024-06-28,EUR_GBP,EUR,GBP,0.822571,manual_uploaded_rates,manual
EUR_USD-2024-06-28,2024-06-28,EUR_USD,EUR,USD,1.067384,manual_uploaded_rates,manual
USD_GBP-2024-06-28,2024-06-28,USD_GBP,USD,GBP,0.763816,manual_uploaded_rates,manual
GBP_EUR-2024-06-28,2024-06-28,GBP_EUR,GBP,EUR,1.155517,manual_uploaded_rates,manual
GBP_INR-2024-06-29,2024-06-29,GBP_INR,GBP,INR,106.1671,manual_uploaded_rates,manual
USD_INR-2024-06-29,2024-06-29,USD_INR,USD,INR,81.7506,manual_uploaded_rates,manual
EUR_INR-2024-06-29,2024-06-29,EUR_INR,EUR,INR,89.9286,manual_uploaded_rates,manual
GBP_USD-2024-06-29,2024-06-29,GBP_USD,GBP,USD,1.263427,manual_uploaded_rates,manual
EUR_GBP-2024-06-29,2024-06-29,EUR_GBP,EUR,GBP,0.822697,manual_uploaded_rates,manual
EUR_USD-2024-06-29,2024-06-29,EUR_USD,EUR,USD,1.067547,manual_uploaded_rates,manual
USD_GBP-2024-06-29,2024-06-29,USD_GBP,USD,GBP,0.763933,manual_uploaded_rates,manual
GBP_EUR-2024-06-29,2024-06-29,GBP_EUR,GBP,EUR,1.155693,manual_uploaded_rates,manual
GBP_INR-2024-06-30,2024-06-30,GBP_INR,GBP,INR,106.1898,manual_uploaded_rates,manual
USD_INR-2024-06-30,2024-06-30,USD_INR,USD,INR,81.7681,manual_uploaded_rates,manual
EUR_INR-2024-06-30,2024-06-30,EUR_INR,EUR,INR,89.9479,manual_uploaded_rates,manual
GBP_USD-2024-06-30,2024-06-30,GBP_USD,GBP,USD,1.263698,manual_uploaded_rates,manual
EUR_GBP-2024-06-30,2024-06-30,EUR_GBP,EUR,GBP,0.822873,manual_uploaded_rates,manual
EUR_USD-2024-06-30,2024-06-30,EUR_USD,EUR,USD,1.067776,manual_uploaded_rates,manual
USD_GBP-2024-06-30,2024-06-30,USD_GBP,USD,GBP,0.764097,manual_uploaded_rates,manual
GBP_EUR-2024-06-30,2024-06-30,GBP_EUR,GBP,EUR,1.155941,manual_uploaded_rates,manual
GBP_INR-2024-07-01,2024-07-01,GBP_INR,GBP,INR,106.2195,manual_uploaded_rates,manual
USD_INR-2024-07-01,2024-07-01,USD_INR,USD,INR,81.791,manual_uploaded_rates,manual
EUR_INR-2024-07-01,2024-07-01,EUR_INR,EUR,INR,89.973,manual_uploaded_rates,manual
GBP_USD-2024-07-01,2024-07-01,GBP_USD,GBP,USD,1.264052,manual_uploaded_rates,manual
EUR_GBP-2024-07-01,2024-07-01,EUR_GBP,EUR,GBP,0.823103,manual_uploaded_rates,manual
EUR_USD-2024-07-01,2024-07-01,EUR_USD,EUR,USD,1.068075,manual_uploaded_rates,manual
USD_GBP-2024-07-01,2024-07-01,USD_GBP,USD,GBP,0.76431,manual_uploaded_rates,manual
GBP_EUR-2024-07-01,2024-07-01,GBP_EUR,GBP,EUR,1.156264,manual_uploaded_rates,manual
GBP_INR-2024-07-02,2024-07-02,GBP_INR,GBP,INR,106.2564,manual_uploaded_rates,manual
USD_INR-2024-07-02,2024-07-02,USD_INR,USD,INR,81.8194,manual_uploaded_rates,manual
EUR_INR-2024-07-02,2024-07-02,EUR_INR,EUR,INR,90.0043,manual_uploaded_rates,manual
GBP_USD-2024-07-02,2024-07-02,GBP_USD,GBP,USD,1.26449,manual_uploaded_rates,manual
EUR_GBP-2024-07-02,2024-07-02,EUR_GBP,EUR,GBP,0.823389,manual_uploaded_rates,manual
EUR_USD-2024-07-02,2024-07-02,EUR_USD,EUR,USD,1.068445,manual_uploaded_rates,manual
USD_GBP-2024-07-02,2024-07-02,USD_GBP,USD,GBP,0.764575,manual_uploaded_rates,manual
GBP_EUR-2024-07-02,2024-07-02,GBP_EUR,GBP,EUR,1.156665,manual_uploaded_rates,manual
GBP_INR-2024-07-03,2024-07-03,GBP_INR,GBP,INR,106.3004,manual_uploaded_rates,manual
USD_INR-2024-07-03,2024-07-03,USD_INR,USD,INR,81.8533,manual_uploaded_rates,manual
EUR_INR-2024-07-03,2024-07-03,EUR_INR,EUR,INR,90.0416,manual_uploaded_rates,manual
GBP_USD-2024-07-03,2024-07-03,GBP_USD,GBP,USD,1.265015,manual_uploaded_rates,manual
EUR_GBP-2024-07-03,2024-07-03,EUR_GBP,EUR,GBP,0.82373,manual_uploaded_rates,manual
EUR_USD-2024-07-03,2024-07-03,EUR_USD,EUR,USD,1.068888,manual_uploaded_rates,manual
USD_GBP-2024-07-03,2024-07-03,USD_GBP,USD,GBP,0.764892,manual_uploaded_rates,manual
GBP_EUR-2024-07-03,2024-07-03,GBP_EUR,GBP,EUR,1.157145,manual_uploaded_rates,manual
GBP_INR-2024-07-04,2024-07-04,GBP_INR,GBP,INR,106.3517,manual_uploaded_rates,manual
USD_INR-2024-07-04,2024-07-04,USD_INR,USD,INR,81.8927,manual_uploaded_rates,manual
EUR_INR-2024-07-04,2024-07-04,EUR_INR,EUR,INR,90.085,manual_uploaded_rates,manual
GBP_USD-2024-07-04,2024-07-04,GBP_USD,GBP,USD,1.265624,manual_uploaded_rates,manual
EUR_GBP-2024-07-04,2024-07-04,EUR_GBP,EUR,GBP,0.824127,manual_uploaded_rates,manual
EUR_USD-2024-07-04,2024-07-04,EUR_USD,EUR,USD,1.069403,manual_uploaded_rates,manual
USD_GBP-2024-07-04,2024-07-04,USD_GBP,USD,GBP,0.765261,manual_uploaded_rates,manual
GBP_EUR-2024-07-04,2024-07-04,GBP_EUR,GBP,EUR,1.157703,manual_uploaded_rates,manual
GBP_INR-2024-07-05,2024-07-05,GBP_INR,GBP,INR,106.4099,manual_uploaded_rates,manual
USD_INR-2024-07-05,2024-07-05,USD_INR,USD,INR,81.9376,manual_uploaded_rates,manual
EUR_INR-2024-07-05,2024-07-05,EUR_INR,EUR,INR,90.1343,manual_uploaded_rates,manual
GBP_USD-2024-07-05,2024-07-05,GBP_USD,GBP,USD,1.266317,manual_uploaded_rates,manual
EUR_GBP-2024-07-05,2024-07-05,EUR_GBP,EUR,GBP,0.824578,manual_uploaded_rates,manual
EUR_USD-2024-07-05,2024-07-05,EUR_USD,EUR,USD,1.069989,manual_uploaded_rates,manual
USD_GBP-2024-07-05,2024-07-05,USD_GBP,USD,GBP,0.76568,manual_uploaded_rates,manual
GBP_EUR-2024-07-05,2024-07-05,GBP_EUR,GBP,EUR,1.158336,manual_uploaded_rates,manual
GBP_INR-2024-07-06,2024-07-06,GBP_INR,GBP,INR,106.4747,manual_uploaded_rates,manual
USD_INR-2024-07-06,2024-07-06,USD_INR,USD,INR,81.9875,manual_uploaded_rates,manual
EUR_INR-2024-07-06,2024-07-06,EUR_INR,EUR,INR,90.1892,manual_uploaded_rates,manual
GBP_USD-2024-07-06,2024-07-06,GBP_USD,GBP,USD,1.267089,manual_uploaded_rates,manual
EUR_GBP-2024-07-06,2024-07-06,EUR_GBP,EUR,GBP,0.825081,manual_uploaded_rates,manual
EUR_USD-2024-07-06,2024-07-06,EUR_USD,EUR,USD,1.070641,manual_uploaded_rates,manual
USD_GBP-2024-07-06,2024-07-06,USD_GBP,USD,GBP,0.766147,manual_uploaded_rates,manual
GBP_EUR-2024-07-06,2024-07-06,GBP_EUR,GBP,EUR,1.159042,manual_uploaded_rates,manual
GBP_INR-2024-07-07,2024-07-07,GBP_INR,GBP,INR,106.5458,manual_uploaded_rates,manual
USD_INR-2024-07-07,2024-07-07,USD_INR,USD,INR,82.0423,manual_uploaded_rates,manual
EUR_INR-2024-07-07,2024-07-07,EUR_INR,EUR,INR,90.2494,manual_uploaded_rates,manual
GBP_USD-2024-07-07,2024-07-07,GBP_USD,GBP,USD,1.267935,manual_uploaded_rates,manual
EUR_GBP-2024-07-07,2024-07-07,EUR_GBP,EUR,GBP,0.825632,manual_uploaded_rates,manual
EUR_USD-2024-07-07,2024-07-07,EUR_USD,EUR,USD,1.071356,manual_uploaded_rates,manual
USD_GBP-2024-07-07,2024-07-07,USD_GBP,USD,GBP,0.766658,manual_uploaded_rates,manual
GBP_EUR-2024-07-07,2024-07-07,GBP_EUR,GBP,EUR,1.159816,manual_uploaded_rates,manual
GBP_INR-2024-07-08,2024-07-08,GBP_INR,GBP,INR,106.6226,manual_uploaded_rates,manual
USD_INR-2024-07-08,2024-07-08,USD_INR,USD,INR,82.1013,manual_uploaded_rates,manual
EUR_INR-2024-07-08,2024-07-08,EUR_INR,EUR,INR,90.3144,manual_uploaded_rates,manual
GBP_USD-2024-07-08,2024-07-08,GBP_USD,GBP,USD,1.268848,manual_uploaded_rates,manual
EUR_GBP-2024-07-08,2024-07-08,EUR_GBP,EUR,GBP,0.826227,manual_uploaded_rates,manual
EUR_USD-2024-07-08,2024-07-08,EUR_USD,EUR,USD,1.072127,manual_uploaded_rates,manual
USD_GBP-2024-07-08,2024-07-08,USD_GBP,USD,GBP,0.76721,manual_uploaded_rates,manual
GBP_EUR-2024-07-08,2024-07-08,GBP_EUR,GBP,EUR,1.160652,manual_uploaded_rates,manual
GBP_INR-2024-07-09,2024-07-09,GBP_INR,GBP,INR,106.7043,manual_uploaded_rates,manual
USD_INR-2024-07-09,2024-07-09,USD_INR,USD,INR,82.1643,manual_uploaded_rates,manual
EUR_INR-2024-07-09,2024-07-09,EUR_INR,EUR,INR,90.3837,manual_uploaded_rates,manual
GBP_USD-2024-07-09,2024-07-09,GBP_USD,GBP,USD,1.26982,manual_uploaded_rates,manual
EUR_GBP-2024-07-09,2024-07-09,EUR_GBP,EUR,GBP,0.82686,manual_uploaded_rates,manual
EUR_USD-2024-07-09,2024-07-09,EUR_USD,EUR,USD,1.072949,manual_uploaded_rates,manual
USD_GBP-2024-07-09,2024-07-09,USD_GBP,USD,GBP,0.767798,manual_uploaded_rates,manual
GBP_EUR-2024-07-09,2024-07-09,GBP_EUR,GBP,EUR,1.161541,manual_uploaded_rates,manual
GBP_INR-2024-07-10,2024-07-10,GBP_INR,GBP,INR,106.7902,manual_uploaded_rates,manual
USD_INR-2024-07-10,2024-07-10,USD_INR,USD,INR,82.2304,manual_uploaded_rates,manual
EUR_INR-2024-07-10,2024-07-10,EUR_INR,EUR,INR,90.4564,manual_uploaded_rates,manual
GBP_USD-2024-07-10,2024-07-10,GBP_USD,GBP,USD,1.270843,manual_uploaded_rates,manual
EUR_GBP-2024-07-10,2024-07-10,EUR_GBP,EUR,GBP,0.827526,manual_uploaded_rates,manual
EUR_USD-2024-07-10,2024-07-10,EUR_USD,EUR,USD,1.073813,manual_uploaded_rates,manual
USD_GBP-2024-07-10,2024-07-10,USD_GBP,USD,GBP,0.768417,manual_uploaded_rates,manual
GBP_EUR-2024-07-10,2024-07-10,GBP_EUR,GBP,EUR,1.162477,manual_uploaded_rates,manual
GBP_INR-2024-07-11,2024-07-11,GBP_INR,GBP,INR,106.8795,manual_uploaded_rates,manual
USD_INR-2024-07-11,2024-07-11,USD_INR,USD,INR,82.2992,manual_uploaded_rates,manual
EUR_INR-2024-07-11,2024-07-11,EUR_INR,EUR,INR,90.5321,manual_uploaded_rates,manual
GBP_USD-2024-07-11,2024-07-11,GBP_USD,GBP,USD,1.271906,manual_uploaded_rates,manual
EUR_GBP-2024-07-11,2024-07-11,EUR_GBP,EUR,GBP,0.828218,manual_uploaded_rates,manual
EUR_USD-2024-07-11,2024-07-11,EUR_USD,EUR,USD,1.074711,manual_uploaded_rates,manual
USD_GBP-2024-07-11,2024-07-11,USD_GBP,USD,GBP,0.769059,manual_uploaded_rates,manual
GBP_EUR-2024-07-11,2024-07-11,GBP_EUR,GBP,EUR,1.163448,manual_uploaded_rates,manual
GBP_INR-2024-07-12,2024-07-12,GBP_INR,GBP,INR,106.9712,manual_uploaded_rates,manual
USD_INR-2024-07-12,2024-07-12,USD_INR,USD,INR,82.3698,manual_uploaded_rates,manual
EUR_INR-2024-07-12,2024-07-12,EUR_INR,EUR,INR,90.6097,manual_uploaded_rates,manual
GBP_USD-2024-07-12,2024-07-12,GBP_USD,GBP,USD,1.272997,manual_uploaded_rates,manual
EUR_GBP-2024-07-12,2024-07-12,EUR_GBP,EUR,GBP,0.828928,manual_uploaded_rates,manual
EUR_USD-2024-07-12,2024-07-12,EUR_USD,EUR,USD,1.075633,manual_uploaded_rates,manual
USD_GBP-2024-07-12,2024-07-12,USD_GBP,USD,GBP,0.769719,manual_uploaded_rates,manual
GBP_EUR-2024-07-12,2024-07-12,GBP_EUR,GBP,EUR,1.164447,manual_uploaded_rates,manual
GBP_INR-2024-07-13,2024-07-13,GBP_INR,GBP,INR,107.0644,manual_uploaded_rates,manual
USD_INR-2024-07-13,2024-07-13,USD_INR,USD,INR,82.4415,manual_uploaded_rates,manual
EUR_INR-2024-07-13,2024-07-13,EUR_INR,EUR,INR,90.6887,manual_uploaded_rates,manual
GBP_USD-2024-07-13,2024-07-13,GBP_USD,GBP,USD,1.274106,manual_uploaded_rates,manual
EUR_GBP-2024-07-13,2024-07-13,EUR_GBP,EUR,GBP,0.82965,manual_uploaded_rates,manual
EUR_USD-2024-07-13,2024-07-13,EUR_USD,EUR,USD,1.07657,manual_uploaded_rates,manual
USD_GBP-2024-07-13,2024-07-13,USD_GBP,USD,GBP,0.770389,manual_uploaded_rates,manual
GBP_EUR-2024-07-13,2024-07-13,GBP_EUR,GBP,EUR,1.165461,manual_uploaded_rates,manual
GBP_INR-2024-07-14,2024-07-14,GBP_INR,GBP,INR,107.158,manual_uploaded_rates,manual
USD_INR-2024-07-14,2024-07-14,USD_INR,USD,INR,82.5136,manual_uploaded_rates,manual
EUR_INR-2024-07-14,2024-07-14,EUR_INR,EUR,INR,90.768,manual_uploaded_rates,manual
GBP_USD-2024-07-14,2024-07-14,GBP_USD,GBP,USD,1.27522,manual_uploaded_rates,manual
EUR_GBP-2024-07-14,2024-07-14,EUR_GBP,EUR,GBP,0.830376,manual_uploaded_rates,manual
EUR_USD-2024-07-14,2024-07-14,EUR_USD,EUR,USD,1.077511,manual_uploaded_rates,manual
USD_GBP-2024-07-14,2024-07-14,USD_GBP,USD,GBP,0.771063,manual_uploaded_rates,manual
GBP_EUR-2024-07-14,2024-07-14,GBP_EUR,GBP,EUR,1.16648,manual_uploaded_rates,manual
GBP_INR-2024-07-15,2024-07-15,GBP_INR,GBP,INR,107.251,manual_uploaded_rates,manual
USD_INR-2024-07-15,2024-07-15,USD_INR,USD,INR,82.5853,manual_uploaded_rates,manual
EUR_INR-2024-07-15,2024-07-15,EUR_INR,EUR,INR,90.8468,manual_uploaded_rates,manual
GBP_USD-2024-07-15,2024-07-15,GBP_USD,GBP,USD,1.276327,manual_uploaded_rates,manual
EUR_GBP-2024-07-15,2024-07-15,EUR_GBP,EUR,GBP,0.831097,manual_uploaded_rates,manual
EUR_USD-2024-07-15,2024-07-15,EUR_USD,EUR,USD,1.078447,manual_uploaded_rates,manual
USD_GBP-2024-07-15,2024-07-15,USD_GBP,USD,GBP,0.771732,manual_uploaded_rates,manual
GBP_EUR-2024-07-15,2024-07-15,GBP_EUR,GBP,EUR,1.167493,manual_uploaded_rates,manual
GBP_INR-2024-07-16,2024-07-16,GBP_INR,GBP,INR,107.3425,manual_uploaded_rates,manual
USD_INR-2024-07-16,2024-07-16,USD_INR,USD,INR,82.6557,manual_uploaded_rates,manual
EUR_INR-2024-07-16,2024-07-16,EUR_INR,EUR,INR,90.9242,manual_uploaded_rates,manual
GBP_USD-2024-07-16,2024-07-16,GBP_USD,GBP,USD,1.277415,manual_uploaded_rates,manual
EUR_GBP-2024-07-16,2024-07-16,EUR_GBP,EUR,GBP,0.831805,manual_uploaded_rates,manual
EUR_USD-2024-07-16,2024-07-16,EUR_USD,EUR,USD,1.079366,manual_uploaded_rates,manual
USD_GBP-2024-07-16,2024-07-16,USD_GBP,USD,GBP,0.772391,manual_uploaded_rates,manual
GBP_EUR-2024-07-16,2024-07-16,GBP_EUR,GBP,EUR,1.168488,manual_uploaded_rates,manual
GBP_INR-2024-07-17,2024-07-17,GBP_INR,GBP,INR,107.4313,manual_uploaded_rates,manual
USD_INR-2024-07-17,2024-07-17,USD_INR,USD,INR,82.7241,manual_uploaded_rates,manual
EUR_INR-2024-07-17,2024-07-17,EUR_INR,EUR,INR,90.9995,manual_uploaded_rates,manual
GBP_USD-2024-07-17,2024-07-17,GBP_USD,GBP,USD,1.278473,manual_uploaded_rates,manual
EUR_GBP-2024-07-17,2024-07-17,EUR_GBP,EUR,GBP,0.832494,manual_uploaded_rates,manual
EUR_USD-2024-07-17,2024-07-17,EUR_USD,EUR,USD,1.08026,manual_uploaded_rates,manual
USD_GBP-2024-07-17,2024-07-17,USD_GBP,USD,GBP,0.77303,manual_uploaded_rates,manual
GBP_EUR-2024-07-17,2024-07-17,GBP_EUR,GBP,EUR,1.169456,manual_uploaded_rates,manual
GBP_INR-2024-07-18,2024-07-18,GBP_INR,GBP,INR,107.5167,manual_uploaded_rates,manual
USD_INR-2024-07-18,2024-07-18,USD_INR,USD,INR,82.7898,manual_uploaded_rates,manual
EUR_INR-2024-07-18,2024-07-18,EUR_INR,EUR,INR,91.0718,manual_uploaded_rates,manual
GBP_USD-2024-07-18,2024-07-18,GBP_USD,GBP,USD,1.279488,manual_uploaded_rates,manual
EUR_GBP-2024-07-18,2024-07-18,EUR_GBP,EUR,GBP,0.833155,manual_uploaded_rates,manual
EUR_USD-2024-07-18,2024-07-18,EUR_USD,EUR,USD,1.081118,manual_uploaded_rates,manual
USD_GBP-2024-07-18,2024-07-18,USD_GBP,USD,GBP,0.773644,manual_uploaded_rates,manual
GBP_EUR-2024-07-18,2024-07-18,GBP_EUR,GBP,EUR,1.170385,manual_uploaded_rates,manual
GBP_INR-2024-07-19,2024-07-19,GBP_INR,GBP,INR,107.5976,manual_uploaded_rates,manual
USD_INR-2024-07-19,2024-07-19,USD_INR,USD,INR,82.8521,manual_uploaded_rates,manual
EUR_INR-2024-07-19,2024-07-19,EUR_INR,EUR,INR,91.1403,manual_uploaded_rates,manual
GBP_USD-2024-07-19,2024-07-19,GBP_USD,GBP,USD,1.280451,manual_uploaded_rates,manual
EUR_GBP-2024-07-19,2024-07-19,EUR_GBP,EUR,GBP,0.833782,manual_uploaded_rates,manual
EUR_USD-2024-07-19,2024-07-19,EUR_USD,EUR,USD,1.081932,manual_uploaded_rates,manual
USD_GBP-2024-07-19,2024-07-19,USD_GBP,USD,GBP,0.774226,manual_uploaded_rates,manual
GBP_EUR-2024-07-19,2024-07-19,GBP_EUR,GBP,EUR,1.171265,manual_uploaded_rates,manual
GBP_INR-2024-07-20,2024-07-20,GBP_INR,GBP,INR,107.6733,manual_uploaded_rates,manual
USD_INR-2024-07-20,2024-07-20,USD_INR,USD,INR,82.9104,manual_uploaded_rates,manual
EUR_INR-2024-07-20,2024-07-20,EUR_INR,EUR,INR,91.2045,manual_uploaded_rates,manual
GBP_USD-2024-07-20,2024-07-20,GBP_USD,GBP,USD,1.281352,manual_uploaded_rates,manual
EUR_GBP-2024-07-20,2024-07-20,EUR_GBP,EUR,GBP,0.834369,manual_uploaded_rates,manual
EUR_USD-2024-07-20,2024-07-20,EUR_USD,EUR,USD,1.082693,manual_uploaded_rates,manual
USD_GBP-2024-07-20,2024-07-20,USD_GBP,USD,GBP,0.774771,manual_uploaded_rates,manual
GBP_EUR-2024-07-20,2024-07-20,GBP_EUR,GBP,EUR,1.172089,manual_uploaded_rates,manual
GBP_INR-2024-07-21,2024-07-21,GBP_INR,GBP,INR,107.7431,manual_uploaded_rates,manual
USD_INR-2024-07-21,2024-07-21,USD_INR,USD,INR,82.9642,manual_uploaded_rates,manual
EUR_INR-2024-07-21,2024-07-21,EUR_INR,EUR,INR,91.2636,manual_uploaded_rates,manual
GBP_USD-2024-07-21,2024-07-21,GBP_USD,GBP,USD,1.282182,manual_uploaded_rates,manual
EUR_GBP-2024-07-21,2024-07-21,EUR_GBP,EUR,GBP,0.834909,manual_uploaded_rates,manual
EUR_USD-2024-07-21,2024-07-21,EUR_USD,EUR,USD,1.083394,manual_uploaded_rates,manual
USD_GBP-2024-07-21,2024-07-21,USD_GBP,USD,GBP,0.775273,manual_uploaded_rates,manual
GBP_EUR-2024-07-21,2024-07-21,GBP_EUR,GBP,EUR,1.172849,manual_uploaded_rates,manual
GBP_INR-2024-07-22,2024-07-22,GBP_INR,GBP,INR,107.8063,manual_uploaded_rates,manual
USD_INR-2024-07-22,2024-07-22,USD_INR,USD,INR,83.0128,manual_uploaded_rates,manual
EUR_INR-2024-07-22,2024-07-22,EUR_INR,EUR,INR,91.3171,manual_uploaded_rates,manual
GBP_USD-2024-07-22,2024-07-22,GBP_USD,GBP,USD,1.282935,manual_uploaded_rates,manual
EUR_GBP-2024-07-22,2024-07-22,EUR_GBP,EUR,GBP,0.835399,manual_uploaded_rates,manual
EUR_USD-2024-07-22,2024-07-22,EUR_USD,EUR,USD,1.08403,manual_uploaded_rates,manual
USD_GBP-2024-07-22,2024-07-22,USD_GBP,USD,GBP,0.775728,manual_uploaded_rates,manual
GBP_EUR-2024-07-22,2024-07-22,GBP_EUR,GBP,EUR,1.173537,manual_uploaded_rates,manual
GBP_INR-2024-07-23,2024-07-23,GBP_INR,GBP,INR,107.8625,manual_uploaded_rates,manual
USD_INR-2024-07-23,2024-07-23,USD_INR,USD,INR,83.0561,manual_uploaded_rates,manual
EUR_INR-2024-07-23,2024-07-23,EUR_INR,EUR,INR,91.3647,manual_uploaded_rates,manual
GBP_USD-2024-07-23,2024-07-23,GBP_USD,GBP,USD,1.283604,manual_uploaded_rates,manual
EUR_GBP-2024-07-23,2024-07-23,EUR_GBP,EUR,GBP,0.835835,manual_uploaded_rates,manual
EUR_USD-2024-07-23,2024-07-23,EUR_USD,EUR,USD,1.084595,manual_uploaded_rates,manual
USD_GBP-2024-07-23,2024-07-23,USD_GBP,USD,GBP,0.776132,manual_uploaded_rates,manual
GBP_EUR-2024-07-23,2024-07-23,GBP_EUR,GBP,EUR,1.174149,manual_uploaded_rates,manual
GBP_INR-2024-07-24,2024-07-24,GBP_INR,GBP,INR,107.9113,manual_uploaded_rates,manual
USD_INR-2024-07-24,2024-07-24,USD_INR,USD,INR,83.0937,manual_uploaded_rates,manual
EUR_INR-2024-07-24,2024-07-24,EUR_INR,EUR,INR,91.4061,manual_uploaded_rates,manual
GBP_USD-2024-07-24,2024-07-24,GBP_USD,GBP,USD,1.284185,manual_uploaded_rates,manual
EUR_GBP-2024-07-24,2024-07-24,EUR_GBP,EUR,GBP,0.836213,manual_uploaded_rates,manual
EUR_USD-2024-07-24,2024-07-24,EUR_USD,EUR,USD,1.085086,manual_uploaded_rates,manual
USD_GBP-2024-07-24,2024-07-24,USD_GBP,USD,GBP,0.776484,manual_uploaded_rates,manual
GBP_EUR-2024-07-24,2024-07-24,GBP_EUR,GBP,EUR,1.174681,manual_uploaded_rates,manual
GBP_INR-2024-07-25,2024-07-25,GBP_INR,GBP,INR,107.9526,manual_uploaded_rates,manual
USD_INR-2024-07-25,2024-07-25,USD_INR,USD,INR,83.1255,manual_uploaded_rates,manual
EUR_INR-2024-07-25,2024-07-25,EUR_INR,EUR,INR,91.441,manual_uploaded_rates,manual
GBP_USD-2024-07-25,2024-07-25,GBP_USD,GBP,USD,1.284675,manual_uploaded_rates,manual
EUR_GBP-2024-07-25,2024-07-25,EUR_GBP,EUR,GBP,0.836533,manual_uploaded_rates,manual
EUR_USD-2024-07-25,2024-07-25,EUR_USD,EUR,USD,1.085501,manual_uploaded_rates,manual
USD_GBP-2024-07-25,2024-07-25,USD_GBP,USD,GBP,0.77678,manual_uploaded_rates,manual
GBP_EUR-2024-07-25,2024-07-25,GBP_EUR,GBP,EUR,1.175129,manual_uploaded_rates,manual
GBP_INR-2024-07-26,2024-07-26,GBP_INR,GBP,INR,107.9861,manual_uploaded_rates,manual
USD_INR-2024-07-26,2024-07-26,USD_INR,USD,INR,83.1513,manual_uploaded_rates,manual
EUR_INR-2024-07-26,2024-07-26,EUR_INR,EUR,INR,91.4694,manual_uploaded_rates,manual
GBP_USD-2024-07-26,2024-07-26,GBP_USD,GBP,USD,1.285074,manual_uploaded_rates,manual
EUR_GBP-2024-07-26,2024-07-26,EUR_GBP,EUR,GBP,0.836793,manual_uploaded_rates,manual
EUR_USD-2024-07-26,2024-07-26,EUR_USD,EUR,USD,1.085838,manual_uploaded_rates,manual
USD_GBP-2024-07-26,2024-07-26,USD_GBP,USD,GBP,0.777022,manual_uploaded_rates,manual
GBP_EUR-2024-07-26,2024-07-26,GBP_EUR,GBP,EUR,1.175494,manual_uploaded_rates,manual
GBP_INR-2024-07-27,2024-07-27,GBP_INR,GBP,INR,108.012,manual_uploaded_rates,manual
USD_INR-2024-07-27,2024-07-27,USD_INR,USD,INR,83.1712,manual_uploaded_rates,manual
EUR_INR-2024-07-27,2024-07-27,EUR_INR,EUR,INR,91.4913,manual_uploaded_rates,manual
GBP_USD-2024-07-27,2024-07-27,GBP_USD,GBP,USD,1.285382,manual_uploaded_rates,manual
EUR_GBP-2024-07-27,2024-07-27,EUR_GBP,EUR,GBP,0.836993,manual_uploaded_rates,manual
EUR_USD-2024-07-27,2024-07-27,EUR_USD,EUR,USD,1.086098,manual_uploaded_rates,manual
USD_GBP-2024-07-27,2024-07-27,USD_GBP,USD,GBP,0.777208,manual_uploaded_rates,manual
GBP_EUR-2024-07-27,2024-07-27,GBP_EUR,GBP,EUR,1.175776,manual_uploaded_rates,manual
GBP_INR-2024-07-28,2024-07-28,GBP_INR,GBP,INR,108.0304,manual_uploaded_rates,manual
USD_INR-2024-07-28,2024-07-28,USD_INR,USD,INR,83.1854,manual_uploaded_rates,manual
EUR_INR-2024-07-28,2024-07-28,EUR_INR,EUR,INR,91.5069,manual_uploaded_rates,manual
GBP_USD-2024-07-28,2024-07-28,GBP_USD,GBP,USD,1.285602,manual_uploaded_rates,manual
EUR_GBP-2024-07-28,2024-07-28,EUR_GBP,EUR,GBP,0.837136,manual_uploaded_rates,manual
EUR_USD-2024-07-28,2024-07-28,EUR_USD,EUR,USD,1.086284,manual_uploaded_rates,manual
USD_GBP-2024-07-28,2024-07-28,USD_GBP,USD,GBP,0.77734,manual_uploaded_rates,manual
GBP_EUR-2024-07-28,2024-07-28,GBP_EUR,GBP,EUR,1.175977,manual_uploaded_rates,manual
GBP_INR-2024-07-29,2024-07-29,GBP_INR,GBP,INR,108.0417,manual_uploaded_rates,manual
USD_INR-2024-07-29,2024-07-29,USD_INR,USD,INR,83.1941,manual_uploaded_rates,manual
EUR_INR-2024-07-29,2024-07-29,EUR_INR,EUR,INR,91.5165,manual_uploaded_rates,manual
GBP_USD-2024-07-29,2024-07-29,GBP_USD,GBP,USD,1.285736,manual_uploaded_rates,manual
EUR_GBP-2024-07-29,2024-07-29,EUR_GBP,EUR,GBP,0.837224,manual_uploaded_rates,manual
EUR_USD-2024-07-29,2024-07-29,EUR_USD,EUR,USD,1.086397,manual_uploaded_rates,manual
USD_GBP-2024-07-29,2024-07-29,USD_GBP,USD,GBP,0.777422,manual_uploaded_rates,manual
GBP_EUR-2024-07-29,2024-07-29,GBP_EUR,GBP,EUR,1.1761,manual_uploaded_rates,manual
GBP_INR-2024-07-30,2024-07-30,GBP_INR,GBP,INR,108.0463,manual_uploaded_rates,manual
USD_INR-2024-07-30,2024-07-30,USD_INR,USD,INR,83.1977,manual_uploaded_rates,manual
EUR_INR-2024-07-30,2024-07-30,EUR_INR,EUR,INR,91.5204,manual_uploaded_rates,manual
GBP_USD-2024-07-30,2024-07-30,GBP_USD,GBP,USD,1.285791,manual_uploaded_rates,manual
EUR_GBP-2024-07-30,2024-07-30,EUR_GBP,EUR,GBP,0.837259,manual_uploaded_rates,manual
EUR_USD-2024-07-30,2024-07-30,EUR_USD,EUR,USD,1.086444,manual_uploaded_rates,manual
USD_GBP-2024-07-30,2024-07-30,USD_GBP,USD,GBP,0.777455,manual_uploaded_rates,manual
GBP_EUR-2024-07-30,2024-07-30,GBP_EUR,GBP,EUR,1.17615,manual_uploaded_rates,manual
GBP_INR-2024-07-31,2024-07-31,GBP_INR,GBP,INR,108.0448,manual_uploaded_rates,manual
USD_INR-2024-07-31,2024-07-31,USD_INR,USD,INR,83.1965,manual_uploaded_rates,manual
EUR_INR-2024-07-31,2024-07-31,EUR_INR,EUR,INR,91.5192,manual_uploaded_rates,manual
GBP_USD-2024-07-31,2024-07-31,GBP_USD,GBP,USD,1.285773,manual_uploaded_rates,manual
EUR_GBP-2024-07-31,2024-07-31,EUR_GBP,EUR,GBP,0.837248,manual_uploaded_rates,manual
EUR_USD-2024-07-31,2024-07-31,EUR_USD,EUR,USD,1.086429,manual_uploaded_rates,manual
USD_GBP-2024-07-31,2024-07-31,USD_GBP,USD,GBP,0.777444,manual_uploaded_rates,manual
GBP_EUR-2024-07-31,2024-07-31,GBP_EUR,GBP,EUR,1.176134,manual_uploaded_rates,manual
GBP_INR-2024-08-01,2024-08-01,GBP_INR,GBP,INR,108.0379,manual_uploaded_rates,manual
USD_INR-2024-08-01,2024-08-01,USD_INR,USD,INR,83.1912,manual_uploaded_rates,manual
EUR_INR-2024-08-01,2024-08-01,EUR_INR,EUR,INR,91.5133,manual_uploaded_rates,manual
GBP_USD-2024-08-01,2024-08-01,GBP_USD,GBP,USD,1.285691,manual_uploaded_rates,manual
EUR_GBP-2024-08-01,2024-08-01,EUR_GBP,EUR,GBP,0.837194,manual_uploaded_rates,manual
EUR_USD-2024-08-01,2024-08-01,EUR_USD,EUR,USD,1.086359,manual_uploaded_rates,manual
USD_GBP-2024-08-01,2024-08-01,USD_GBP,USD,GBP,0.777394,manual_uploaded_rates,manual
GBP_EUR-2024-08-01,2024-08-01,GBP_EUR,GBP,EUR,1.176058,manual_uploaded_rates,manual
GBP_INR-2024-08-02,2024-08-02,GBP_INR,GBP,INR,108.0263,manual_uploaded_rates,manual
USD_INR-2024-08-02,2024-08-02,USD_INR,USD,INR,83.1822,manual_uploaded_rates,manual
EUR_INR-2024-08-02,2024-08-02,EUR_INR,EUR,INR,91.5034,manual_uploaded_rates,manual
GBP_USD-2024-08-02,2024-08-02,GBP_USD,GBP,USD,1.285552,manual_uploaded_rates,manual
EUR_GBP-2024-08-02,2024-08-02,EUR_GBP,EUR,GBP,0.837104,manual_uploaded_rates,manual
EUR_USD-2024-08-02,2024-08-02,EUR_USD,EUR,USD,1.086242,manual_uploaded_rates,manual
USD_GBP-2024-08-02,2024-08-02,USD_GBP,USD,GBP,0.777311,manual_uploaded_rates,manual
GBP_EUR-2024-08-02,2024-08-02,GBP_EUR,GBP,EUR,1.175932,manual_uploaded_rates,manual
GBP_INR-2024-08-03,2024-08-03,GBP_INR,GBP,INR,108.0108,manual_uploaded_rates,manual
USD_INR-2024-08-03,2024-08-03,USD_INR,USD,INR,83.1703,manual_uploaded_rates,manual
EUR_INR-2024-08-03,2024-08-03,EUR_INR,EUR,INR,91.4903,manual_uploaded_rates,manual
GBP_USD-2024-08-03,2024-08-03,GBP_USD,GBP,USD,1.285368,manual_uploaded_rates,manual
EUR_GBP-2024-08-03,2024-08-03,EUR_GBP,EUR,GBP,0.836984,manual_uploaded_rates,manual
EUR_USD-2024-08-03,2024-08-03,EUR_USD,EUR,USD,1.086086,manual_uploaded_rates,manual
USD_GBP-2024-08-03,2024-08-03,USD_GBP,USD,GBP,0.777199,manual_uploaded_rates,manual
GBP_EUR-2024-08-03,2024-08-03,GBP_EUR,GBP,EUR,1.175763,manual_uploaded_rates,manual
GBP_INR-2024-08-04,2024-08-04,GBP_INR,GBP,INR,107.9923,manual_uploaded_rates,manual
USD_INR-2024-08-04,2024-08-04,USD_INR,USD,INR,83.1561,manual_uploaded_rates,manual
EUR_INR-2024-08-04,2024-08-04,EUR_INR,EUR,INR,91.4747,manual_uploaded_rates,manual
GBP_USD-2024-08-04,2024-08-04,GBP_USD,GBP,USD,1.285148,manual_uploaded_rates,manual
EUR_GBP-2024-08-04,2024-08-04,EUR_GBP,EUR,GBP,0.836841,manual_uploaded_rates,manual
EUR_USD-2024-08-04,2024-08-04,EUR_USD,EUR,USD,1.0859,manual_uploaded_rates,manual
USD_GBP-2024-08-04,2024-08-04,USD_GBP,USD,GBP,0.777066,manual_uploaded_rates,manual
GBP_EUR-2024-08-04,2024-08-04,GBP_EUR,GBP,EUR,1.175562,manual_uploaded_rates,manual
GBP_INR-2024-08-05,2024-08-05,GBP_INR,GBP,INR,107.9718,manual_uploaded_rates,manual
USD_INR-2024-08-05,2024-08-05,USD_INR,USD,INR,83.1403,manual_uploaded_rates,manual
EUR_INR-2024-08-05,2024-08-05,EUR_INR,EUR,INR,91.4573,manual_uploaded_rates,manual
GBP_USD-2024-08-05,2024-08-05,GBP_USD,GBP,USD,1.284904,manual_uploaded_rates,manual
EUR_GBP-2024-08-05,2024-08-05,EUR_GBP,EUR,GBP,0.836682,manual_uploaded_rates,manual
EUR_USD-2024-08-05,2024-08-05,EUR_USD,EUR,USD,1.085694,manual_uploaded_rates,manual
USD_GBP-2024-08-05,2024-08-05,USD_GBP,USD,GBP,0.776919,manual_uploaded_rates,manual
GBP_EUR-2024-08-05,2024-08-05,GBP_EUR,GBP,EUR,1.175339,manual_uploaded_rates,manual
GBP_INR-2024-08-06,2024-08-06,GBP_INR,GBP,INR,107.9502,manual_uploaded_rates,manual
USD_INR-2024-08-06,2024-08-06,USD_INR,USD,INR,83.1236,manual_uploaded_rates,manual
EUR_INR-2024-08-06,2024-08-06,EUR_INR,EUR,INR,91.439,manual_uploaded_rates,manual
GBP_USD-2024-08-06,2024-08-06,GBP_USD,GBP,USD,1.284647,manual_uploaded_rates,manual
EUR_GBP-2024-08-06,2024-08-06,EUR_GBP,EUR,GBP,0.836514,manual_uploaded_rates,manual
EUR_USD-2024-08-06,2024-08-06,EUR_USD,EUR,USD,1.085477,manual_uploaded_rates,manual
USD_GBP-2024-08-06,2024-08-06,USD_GBP,USD,GBP,0.776763,manual_uploaded_rates,manual
GBP_EUR-2024-08-06,2024-08-06,GBP_EUR,GBP,EUR,1.175104,manual_uploaded_rates,manual
GBP_INR-2024-08-07,2024-08-07,GBP_INR,GBP,INR,107.9285,manual_uploaded_rates,manual
USD_INR-2024-08-07,2024-08-07,USD_INR,USD,INR,83.1069,manual_uploaded_rates,manual
EUR_INR-2024-08-07,2024-08-07,EUR_INR,EUR,INR,91.4206,manual_uploaded_rates,manual
GBP_USD-2024-08-07,2024-08-07,GBP_USD,GBP,USD,1.284388,manual_uploaded_rates,manual
EUR_GBP-2024-08-07,2024-08-07,EUR_GBP,EUR,GBP,0.836346,manual_uploaded_rates,manual
EUR_USD-2024-08-07,2024-08-07,EUR_USD,EUR,USD,1.085258,manual_uploaded_rates,manual
USD_GBP-2024-08-07,2024-08-07,USD_GBP,USD,GBP,0.776607,manual_uploaded_rates,manual
GBP_EUR-2024-08-07,2024-08-07,GBP_EUR,GBP,EUR,1.174867,manual_uploaded_rates,manual
GBP_INR-2024-08-08,2024-08-08,GBP_INR,GBP,INR,107.9075,manual_uploaded_rates,manual
USD_INR-2024-08-08,2024-08-08,USD_INR,USD,INR,83.0908,manual_uploaded_rates,manual
EUR_INR-2024-08-08,2024-08-08,EUR_INR,EUR,INR,91.4028,manual_uploaded_rates,manual
GBP_USD-2024-08-08,2024-08-08,GBP_USD,GBP,USD,1.284139,manual_uploaded_rates,manual
EUR_GBP-2024-08-08,2024-08-08,EUR_GBP,EUR,GBP,0.836184,manual_uploaded_rates,manual
EUR_USD-2024-08-08,2024-08-08,EUR_USD,EUR,USD,1.085048,manual_uploaded_rates,manual
USD_GBP-2024-08-08,2024-08-08,USD_GBP,USD,GBP,0.776456,manual_uploaded_rates,manual
GBP_EUR-2024-08-08,2024-08-08,GBP_EUR,GBP,EUR,1.174639,manual_uploaded_rates,manual
GBP_INR-2024-08-09,2024-08-09,GBP_INR,GBP,INR,107.8882,manual_uploaded_rates,manual
USD_INR-2024-08-09,2024-08-09,USD_INR,USD,INR,83.0759,manual_uploaded_rates,manual
EUR_INR-2024-08-09,2024-08-09,EUR_INR,EUR,INR,91.3865,manual_uploaded_rates,manual
GBP_USD-2024-08-09,2024-08-09,GBP_USD,GBP,USD,1.28391,manual_uploaded_rates,manual
EUR_GBP-2024-08-09,2024-08-09,EUR_GBP,EUR,GBP,0.836034,manual_uploaded_rates,manual
EUR_USD-2024-08-09,2024-08-09,EUR_USD,EUR,USD,1.084854,manual_uploaded_rates,manual
USD_GBP-2024-08-09,2024-08-09,USD_GBP,USD,GBP,0.776318,manual_uploaded_rates,manual
GBP_EUR-2024-08-09,2024-08-09,GBP_EUR,GBP,EUR,1.174429,manual_uploaded_rates,manual
GBP_INR-2024-08-10,2024-08-10,GBP_INR,GBP,INR,107.8715,manual_uploaded_rates,manual
USD_INR-2024-08-10,2024-08-10,USD_INR,USD,INR,83.063,manual_uploaded_rates,manual
EUR_INR-2024-08-10,2024-08-10,EUR_INR,EUR,INR,91.3723,manual_uploaded_rates,manual
GBP_USD-2024-08-10,2024-08-10,GBP_USD,GBP,USD,1.28371,manual_uploaded_rates,manual
EUR_GBP-2024-08-10,2024-08-10,EUR_GBP,EUR,GBP,0.835904,manual_uploaded_rates,manual
EUR_USD-2024-08-10,2024-08-10,EUR_USD,EUR,USD,1.084685,manual_uploaded_rates,manual
USD_GBP-2024-08-10,2024-08-10,USD_GBP,USD,GBP,0.776197,manual_uploaded_rates,manual
GBP_EUR-2024-08-10,2024-08-10,GBP_EUR,GBP,EUR,1.174247,manual_uploaded_rates,manual
GBP_INR-2024-08-11,2024-08-11,GBP_INR,GBP,INR,107.858,manual_uploaded_rates,manual
USD_INR-2024-08-11,2024-08-11,USD_INR,USD,INR,83.0526,manual_uploaded_rates,manual
EUR_INR-2024-08-11,2024-08-11,EUR_INR,EUR,INR,91.3609,manual_uploaded_rates,manual
GBP_USD-2024-08-11,2024-08-11,GBP_USD,GBP,USD,1.28355,manual_uploaded_rates,manual
EUR_GBP-2024-08-11,2024-08-11,EUR_GBP,EUR,GBP,0.8358,manual_uploaded_rates,manual
EUR_USD-2024-08-11,2024-08-11,EUR_USD,EUR,USD,1.08455,manual_uploaded_rates,manual
USD_GBP-2024-08-11,2024-08-11,USD_GBP,USD,GBP,0.7761,manual_uploaded_rates,manual
GBP_EUR-2024-08-11,2024-08-11,GBP_EUR,GBP,EUR,1.1741,manual_uploaded_rates,manual
GBP_INR-2024-08-12,2024-08-12,GBP_INR,GBP,INR,107.8485,manual_uploaded_rates,manual
USD_INR-2024-08-12,2024-08-12,USD_INR,USD,INR,83.0453,manual_uploaded_rates,manual
EUR_INR-2024-08-12,2024-08-12,EUR_INR,EUR,INR,91.3528,manual_uploaded_rates,manual
GBP_USD-2024-08-12,2024-08-12,GBP_USD,GBP,USD,1.283437,manual_uploaded_rates,manual
EUR_GBP-2024-08-12,2024-08-12,EUR_GBP,EUR,GBP,0.835726,manual_uploaded_rates,manual
EUR_USD-2024-08-12,2024-08-12,EUR_USD,EUR,USD,1.084454,manual_uploaded_rates,manual
USD_GBP-2024-08-12,2024-08-12,USD_GBP,USD,GBP,0.776032,manual_uploaded_rates,manual
GBP_EUR-2024-08-12,2024-08-12,GBP_EUR,GBP,EUR,1.173996,manual_uploaded_rates,manual
GBP_INR-2024-08-13,2024-08-13,GBP_INR,GBP,INR,107.8435,manual_uploaded_rates,manual
USD_INR-2024-08-13,2024-08-13,USD_INR,USD,INR,83.0415,manual_uploaded_rates,manual
EUR_INR-2024-08-13,2024-08-13,EUR_INR,EUR,INR,91.3486,manual_uploaded_rates,manual
GBP_USD-2024-08-13,2024-08-13,GBP_USD,GBP,USD,1.283378,manual_uploaded_rates,manual
EUR_GBP-2024-08-13,2024-08-13,EUR_GBP,EUR,GBP,0.835688,manual_uploaded_rates,manual
EUR_USD-2024-08-13,2024-08-13,EUR_USD,EUR,USD,1.084404,manual_uploaded_rates,manual
USD_GBP-2024-08-13,2024-08-13,USD_GBP,USD,GBP,0.775996,manual_uploaded_rates,manual
GBP_EUR-2024-08-13,2024-08-13,GBP_EUR,GBP,EUR,1.173942,manual_uploaded_rates,manual
GBP_INR-2024-08-14,2024-08-14,GBP_INR,GBP,INR,107.8435,manual_uploaded_rates,manual
USD_INR-2024-08-14,2024-08-14,USD_INR,USD,INR,83.0415,manual_uploaded_rates,manual
EUR_INR-2024-08-14,2024-08-14,EUR_INR,EUR,INR,91.3487,manual_uploaded_rates,manual
GBP_USD-2024-08-14,2024-08-14,GBP_USD,GBP,USD,1.283378,manual_uploaded_rates,manual
EUR_GBP-2024-08-14,2024-08-14,EUR_GBP,EUR,GBP,0.835688,manual_uploaded_rates,manual
EUR_USD-2024-08-14,2024-08-14,EUR_USD,EUR,USD,1.084405,manual_uploaded_rates,manual
USD_GBP-2024-08-14,2024-08-14,USD_GBP,USD,GBP,0.775996,manual_uploaded_rates,manual
GBP_EUR-2024-08-14,2024-08-14,GBP_EUR,GBP,EUR,1.173943,manual_uploaded_rates,manual
GBP_INR-2024-08-15,2024-08-15,GBP_INR,GBP,INR,107.8489,manual_uploaded_rates,manual
USD_INR-2024-08-15,2024-08-15,USD_INR,USD,INR,83.0457,manual_uploaded_rates,manual
EUR_INR-2024-08-15,2024-08-15,EUR_INR,EUR,INR,91.3532,manual_uploaded_rates,manual
GBP_USD-2024-08-15,2024-08-15,GBP_USD,GBP,USD,1.283442,manual_uploaded_rates,manual
EUR_GBP-2024-08-15,2024-08-15,EUR_GBP,EUR,GBP,0.83573,manual_uploaded_rates,manual
EUR_USD-2024-08-15,2024-08-15,EUR_USD,EUR,USD,1.084459,manual_uploaded_rates,manual
USD_GBP-2024-08-15,2024-08-15,USD_GBP,USD,GBP,0.776035,manual_uploaded_rates,manual
GBP_EUR-2024-08-15,2024-08-15,GBP_EUR,GBP,EUR,1.174001,manual_uploaded_rates,manual
GBP_INR-2024-08-16,2024-08-16,GBP_INR,GBP,INR,107.8599,manual_uploaded_rates,manual
USD_INR-2024-08-16,2024-08-16,USD_INR,USD,INR,83.0541,manual_uploaded_rates,manual
EUR_INR-2024-08-16,2024-08-16,EUR_INR,EUR,INR,91.3625,manual_uploaded_rates,manual
GBP_USD-2024-08-16,2024-08-16,GBP_USD,GBP,USD,1.283572,manual_uploaded_rates,manual
EUR_GBP-2024-08-16,2024-08-16,EUR_GBP,EUR,GBP,0.835815,manual_uploaded_rates,manual
EUR_USD-2024-08-16,2024-08-16,EUR_USD,EUR,USD,1.084569,manual_uploaded_rates,manual
USD_GBP-2024-08-16,2024-08-16,USD_GBP,USD,GBP,0.776114,manual_uploaded_rates,manual
GBP_EUR-2024-08-16,2024-08-16,GBP_EUR,GBP,EUR,1.174121,manual_uploaded_rates,manual
GBP_INR-2024-08-17,2024-08-17,GBP_INR,GBP,INR,107.8765,manual_uploaded_rates,manual
USD_INR-2024-08-17,2024-08-17,USD_INR,USD,INR,83.0669,manual_uploaded_rates,manual
EUR_INR-2024-08-17,2024-08-17,EUR_INR,EUR,INR,91.3766,manual_uploaded_rates,manual
GBP_USD-2024-08-17,2024-08-17,GBP_USD,GBP,USD,1.28377,manual_uploaded_rates,manual
EUR_GBP-2024-08-17,2024-08-17,EUR_GBP,EUR,GBP,0.835943,manual_uploaded_rates,manual
EUR_USD-2024-08-17,2024-08-17,EUR_USD,EUR,USD,1.084736,manual_uploaded_rates,manual
USD_GBP-2024-08-17,2024-08-17,USD_GBP,USD,GBP,0.776233,manual_uploaded_rates,manual
GBP_EUR-2024-08-17,2024-08-17,GBP_EUR,GBP,EUR,1.174302,manual_uploaded_rates,manual
GBP_INR-2024-08-18,2024-08-18,GBP_INR,GBP,INR,107.8988,manual_uploaded_rates,manual
USD_INR-2024-08-18,2024-08-18,USD_INR,USD,INR,83.084,manual_uploaded_rates,manual
EUR_INR-2024-08-18,2024-08-18,EUR_INR,EUR,INR,91.3954,manual_uploaded_rates,manual
GBP_USD-2024-08-18,2024-08-18,GBP_USD,GBP,USD,1.284035,manual_uploaded_rates,manual
EUR_GBP-2024-08-18,2024-08-18,EUR_GBP,EUR,GBP,0.836116,manual_uploaded_rates,manual
EUR_USD-2024-08-18,2024-08-18,EUR_USD,EUR,USD,1.08496,manual_uploaded_rates,manual
USD_GBP-2024-08-18,2024-08-18,USD_GBP,USD,GBP,0.776393,manual_uploaded_rates,manual
GBP_EUR-2024-08-18,2024-08-18,GBP_EUR,GBP,EUR,1.174544,manual_uploaded_rates,manual
GBP_INR-2024-08-19,2024-08-19,GBP_INR,GBP,INR,107.9265,manual_uploaded_rates,manual
USD_INR-2024-08-19,2024-08-19,USD_INR,USD,INR,83.1054,manual_uploaded_rates,manual
EUR_INR-2024-08-19,2024-08-19,EUR_INR,EUR,INR,91.4189,manual_uploaded_rates,manual
GBP_USD-2024-08-19,2024-08-19,GBP_USD,GBP,USD,1.284365,manual_uploaded_rates,manual
EUR_GBP-2024-08-19,2024-08-19,EUR_GBP,EUR,GBP,0.836331,manual_uploaded_rates,manual
EUR_USD-2024-08-19,2024-08-19,EUR_USD,EUR,USD,1.085238,manual_uploaded_rates,manual
USD_GBP-2024-08-19,2024-08-19,USD_GBP,USD,GBP,0.776593,manual_uploaded_rates,manual
GBP_EUR-2024-08-19,2024-08-19,GBP_EUR,GBP,EUR,1.174845,manual_uploaded_rates,manual
GBP_INR-2024-08-20,2024-08-20,GBP_INR,GBP,INR,107.9593,manual_uploaded_rates,manual
USD_INR-2024-08-20,2024-08-20,USD_INR,USD,INR,83.1307,manual_uploaded_rates,manual
EUR_INR-2024-08-20,2024-08-20,EUR_INR,EUR,INR,91.4467,manual_uploaded_rates,manual
GBP_USD-2024-08-20,2024-08-20,GBP_USD,GBP,USD,1.284756,manual_uploaded_rates,manual
EUR_GBP-2024-08-20,2024-08-20,EUR_GBP,EUR,GBP,0.836585,manual_uploaded_rates,manual
EUR_USD-2024-08-20,2024-08-20,EUR_USD,EUR,USD,1.085569,manual_uploaded_rates,manual
USD_GBP-2024-08-20,2024-08-20,USD_GBP,USD,GBP,0.776829,manual_uploaded_rates,manual
GBP_EUR-2024-08-20,2024-08-20,GBP_EUR,GBP,EUR,1.175203,manual_uploaded_rates,manual
GBP_INR-2024-08-21,2024-08-21,GBP_INR,GBP,INR,107.997,manual_uploaded_rates,manual
USD_INR-2024-08-21,2024-08-21,USD_INR,USD,INR,83.1596,manual_uploaded_rates,manual
EUR_INR-2024-08-21,2024-08-21,EUR_INR,EUR,INR,91.4786,manual_uploaded_rates,manual
GBP_USD-2024-08-21,2024-08-21,GBP_USD,GBP,USD,1.285204,manual_uploaded_rates,manual
EUR_GBP-2024-08-21,2024-08-21,EUR_GBP,EUR,GBP,0.836877,manual_uploaded_rates,manual
EUR_USD-2024-08-21,2024-08-21,EUR_USD,EUR,USD,1.085947,manual_uploaded_rates,manual
USD_GBP-2024-08-21,2024-08-21,USD_GBP,USD,GBP,0.7771,manual_uploaded_rates,manual
GBP_EUR-2024-08-21,2024-08-21,GBP_EUR,GBP,EUR,1.175613,manual_uploaded_rates,manual
GBP_INR-2024-08-22,2024-08-22,GBP_INR,GBP,INR,108.0388,manual_uploaded_rates,manual
USD_INR-2024-08-22,2024-08-22,USD_INR,USD,INR,83.1919,manual_uploaded_rates,manual
EUR_INR-2024-08-22,2024-08-22,EUR_INR,EUR,INR,91.514,manual_uploaded_rates,manual
GBP_USD-2024-08-22,2024-08-22,GBP_USD,GBP,USD,1.285702,manual_uploaded_rates,manual
EUR_GBP-2024-08-22,2024-08-22,EUR_GBP,EUR,GBP,0.837201,manual_uploaded_rates,manual
EUR_USD-2024-08-22,2024-08-22,EUR_USD,EUR,USD,1.086368,manual_uploaded_rates,manual
USD_GBP-2024-08-22,2024-08-22,USD_GBP,USD,GBP,0.777401,manual_uploaded_rates,manual
GBP_EUR-2024-08-22,2024-08-22,GBP_EUR,GBP,EUR,1.176068,manual_uploaded_rates,manual
GBP_INR-2024-08-23,2024-08-23,GBP_INR,GBP,INR,108.0843,manual_uploaded_rates,manual
USD_INR-2024-08-23,2024-08-23,USD_INR,USD,INR,83.2269,manual_uploaded_rates,manual
EUR_INR-2024-08-23,2024-08-23,EUR_INR,EUR,INR,91.5526,manual_uploaded_rates,manual
GBP_USD-2024-08-23,2024-08-23,GBP_USD,GBP,USD,1.286243,manual_uploaded_rates,manual
EUR_GBP-2024-08-23,2024-08-23,EUR_GBP,EUR,GBP,0.837553,manual_uploaded_rates,manual
EUR_USD-2024-08-23,2024-08-23,EUR_USD,EUR,USD,1.086825,manual_uploaded_rates,manual
USD_GBP-2024-08-23,2024-08-23,USD_GBP,USD,GBP,0.777728,manual_uploaded_rates,manual
GBP_EUR-2024-08-23,2024-08-23,GBP_EUR,GBP,EUR,1.176563,manual_uploaded_rates,manual
GBP_INR-2024-08-24,2024-08-24,GBP_INR,GBP,INR,108.1326,manual_uploaded_rates,manual
USD_INR-2024-08-24,2024-08-24,USD_INR,USD,INR,83.2641,manual_uploaded_rates,manual
EUR_INR-2024-08-24,2024-08-24,EUR_INR,EUR,INR,91.5935,manual_uploaded_rates,manual
GBP_USD-2024-08-24,2024-08-24,GBP_USD,GBP,USD,1.286818,manual_uploaded_rates,manual
EUR_GBP-2024-08-24,2024-08-24,EUR_GBP,EUR,GBP,0.837928,manual_uploaded_rates,manual
EUR_USD-2024-08-24,2024-08-24,EUR_USD,EUR,USD,1.087312,manual_uploaded_rates,manual
USD_GBP-2024-08-24,2024-08-24,USD_GBP,USD,GBP,0.778076,manual_uploaded_rates,manual
GBP_EUR-2024-08-24,2024-08-24,GBP_EUR,GBP,EUR,1.17709,manual_uploaded_rates,manual
GBP_INR-2024-08-25,2024-08-25,GBP_INR,GBP,INR,108.1832,manual_uploaded_rates,manual
USD_INR-2024-08-25,2024-08-25,USD_INR,USD,INR,83.303,manual_uploaded_rates,manual
EUR_INR-2024-08-25,2024-08-25,EUR_INR,EUR,INR,91.6363,manual_uploaded_rates,manual
GBP_USD-2024-08-25,2024-08-25,GBP_USD,GBP,USD,1.28742,manual_uploaded_rates,manual
EUR_GBP-2024-08-25,2024-08-25,EUR_GBP,EUR,GBP,0.83832,manual_uploaded_rates,manual
EUR_USD-2024-08-25,2024-08-25,EUR_USD,EUR,USD,1.08782,manual_uploaded_rates,manual
USD_GBP-2024-08-25,2024-08-25,USD_GBP,USD,GBP,0.77844,manual_uploaded_rates,manual
GBP_EUR-2024-08-25,2024-08-25,GBP_EUR,GBP,EUR,1.17764,manual_uploaded_rates,manual
GBP_INR-2024-08-26,2024-08-26,GBP_INR,GBP,INR,108.235,manual_uploaded_rates,manual
USD_INR-2024-08-26,2024-08-26,USD_INR,USD,INR,83.343,manual_uploaded_rates,manual
EUR_INR-2024-08-26,2024-08-26,EUR_INR,EUR,INR,91.6803,manual_uploaded_rates,manual
GBP_USD-2024-08-26,2024-08-26,GBP_USD,GBP,USD,1.288037,manual_uploaded_rates,manual
EUR_GBP-2024-08-26,2024-08-26,EUR_GBP,EUR,GBP,0.838722,manual_uploaded_rates,manual
EUR_USD-2024-08-26,2024-08-26,EUR_USD,EUR,USD,1.088341,manual_uploaded_rates,manual
USD_GBP-2024-08-26,2024-08-26,USD_GBP,USD,GBP,0.778813,manual_uploaded_rates,manual
GBP_EUR-2024-08-26,2024-08-26,GBP_EUR,GBP,EUR,1.178204,manual_uploaded_rates,manual
GBP_INR-2024-08-27,2024-08-27,GBP_INR,GBP,INR,108.2874,manual_uploaded_rates,manual
USD_INR-2024-08-27,2024-08-27,USD_INR,USD,INR,83.3833,manual_uploaded_rates,manual
EUR_INR-2024-08-27,2024-08-27,EUR_INR,EUR,INR,91.7246,manual_uploaded_rates,manual
GBP_USD-2024-08-27,2024-08-27,GBP_USD,GBP,USD,1.28866,manual_uploaded_rates,manual
EUR_GBP-2024-08-27,2024-08-27,EUR_GBP,EUR,GBP,0.839127,manual_uploaded_rates,manual
EUR_USD-2024-08-27,2024-08-27,EUR_USD,EUR,USD,1.088867,manual_uploaded_rates,manual
USD_GBP-2024-08-27,2024-08-27,USD_GBP,USD,GBP,0.779189,manual_uploaded_rates,manual
GBP_EUR-2024-08-27,2024-08-27,GBP_EUR,GBP,EUR,1.178774,manual_uploaded_rates,manual
GBP_INR-2024-08-28,2024-08-28,GBP_INR,GBP,INR,108.3393,manual_uploaded_rates,manual
USD_INR-2024-08-28,2024-08-28,USD_INR,USD,INR,83.4233,manual_uploaded_rates,manual
EUR_INR-2024-08-28,2024-08-28,EUR_INR,EUR,INR,91.7686,manual_uploaded_rates,manual
GBP_USD-2024-08-28,2024-08-28,GBP_USD,GBP,USD,1.289278,manual_uploaded_rates,manual
EUR_GBP-2024-08-28,2024-08-28,EUR_GBP,EUR,GBP,0.83953,manual_uploaded_rates,manual
EUR_USD-2024-08-28,2024-08-28,EUR_USD,EUR,USD,1.08939,manual_uploaded_rates,manual
USD_GBP-2024-08-28,2024-08-28,USD_GBP,USD,GBP,0.779563,manual_uploaded_rates,manual
GBP_EUR-2024-08-28,2024-08-28,GBP_EUR,GBP,EUR,1.179339,manual_uploaded_rates,manual
GBP_INR-2024-08-29,2024-08-29,GBP_INR,GBP,INR,108.39,manual_uploaded_rates,manual
USD_INR-2024-08-29,2024-08-29,USD_INR,USD,INR,83.4623,manual_uploaded_rates,manual
EUR_INR-2024-08-29,2024-08-29,EUR_INR,EUR,INR,91.8116,manual_uploaded_rates,manual
GBP_USD-2024-08-29,2024-08-29,GBP_USD,GBP,USD,1.289881,manual_uploaded_rates,manual
EUR_GBP-2024-08-29,2024-08-29,EUR_GBP,EUR,GBP,0.839923,manual_uploaded_rates,manual
EUR_USD-2024-08-29,2024-08-29,EUR_USD,EUR,USD,1.0899,manual_uploaded_rates,manual
USD_GBP-2024-08-29,2024-08-29,USD_GBP,USD,GBP,0.779928,manual_uploaded_rates,manual
GBP_EUR-2024-08-29,2024-08-29,GBP_EUR,GBP,EUR,1.179891,manual_uploaded_rates,manual
GBP_INR-2024-08-30,2024-08-30,GBP_INR,GBP,INR,108.4387,manual_uploaded_rates,manual
USD_INR-2024-08-30,2024-08-30,USD_INR,USD,INR,83.4998,manual_uploaded_rates,manual
EUR_INR-2024-08-30,2024-08-30,EUR_INR,EUR,INR,91.8528,manual_uploaded_rates,manual
GBP_USD-2024-08-30,2024-08-30,GBP_USD,GBP,USD,1.29046,manual_uploaded_rates,manual
EUR_GBP-2024-08-30,2024-08-30,EUR_GBP,EUR,GBP,0.8403,manual_uploaded_rates,manual
EUR_USD-2024-08-30,2024-08-30,EUR_USD,EUR,USD,1.090389,manual_uploaded_rates,manual
USD_GBP-2024-08-30,2024-08-30,USD_GBP,USD,GBP,0.780278,manual_uploaded_rates,manual
GBP_EUR-2024-08-30,2024-08-30,GBP_EUR,GBP,EUR,1.180421,manual_uploaded_rates,manual
GBP_INR-2024-08-31,2024-08-31,GBP_INR,GBP,INR,108.4844,manual_uploaded_rates,manual
USD_INR-2024-08-31,2024-08-31,USD_INR,USD,INR,83.535,manual_uploaded_rates,manual
EUR_INR-2024-08-31,2024-08-31,EUR_INR,EUR,INR,91.8915,manual_uploaded_rates,manual
GBP_USD-2024-08-31,2024-08-31,GBP_USD,GBP,USD,1.291005,manual_uploaded_rates,manual
EUR_GBP-2024-08-31,2024-08-31,EUR_GBP,EUR,GBP,0.840654,manual_uploaded_rates,manual
EUR_USD-2024-08-31,2024-08-31,EUR_USD,EUR,USD,1.090849,manual_uploaded_rates,manual
USD_GBP-2024-08-31,2024-08-31,USD_GBP,USD,GBP,0.780607,manual_uploaded_rates,manual
GBP_EUR-2024-08-31,2024-08-31,GBP_EUR,GBP,EUR,1.180919,manual_uploaded_rates,manual
GBP_INR-2024-09-01,2024-09-01,GBP_INR,GBP,INR,108.5266,manual_uploaded_rates,manual
USD_INR-2024-09-01,2024-09-01,USD_INR,USD,INR,83.5675,manual_uploaded_rates,manual
EUR_INR-2024-09-01,2024-09-01,EUR_INR,EUR,INR,91.9272,manual_uploaded_rates,manual
GBP_USD-2024-09-01,2024-09-01,GBP_USD,GBP,USD,1.291506,manual_uploaded_rates,manual
EUR_GBP-2024-09-01,2024-09-01,EUR_GBP,EUR,GBP,0.840981,manual_uploaded_rates,manual
EUR_USD-2024-09-01,2024-09-01,EUR_USD,EUR,USD,1.091273,manual_uploaded_rates,manual
USD_GBP-2024-09-01,2024-09-01,USD_GBP,USD,GBP,0.780911,manual_uploaded_rates,manual
GBP_EUR-2024-09-01,2024-09-01,GBP_EUR,GBP,EUR,1.181378,manual_uploaded_rates,manual
GBP_INR-2024-09-02,2024-09-02,GBP_INR,GBP,INR,108.5644,manual_uploaded_rates,manual
USD_INR-2024-09-02,2024-09-02,USD_INR,USD,INR,83.5966,manual_uploaded_rates,manual
EUR_INR-2024-09-02,2024-09-02,EUR_INR,EUR,INR,91.9593,manual_uploaded_rates,manual
GBP_USD-2024-09-02,2024-09-02,GBP_USD,GBP,USD,1.291957,manual_uploaded_rates,manual
EUR_GBP-2024-09-02,2024-09-02,EUR_GBP,EUR,GBP,0.841274,manual_uploaded_rates,manual
EUR_USD-2024-09-02,2024-09-02,EUR_USD,EUR,USD,1.091653,manual_uploaded_rates,manual
USD_GBP-2024-09-02,2024-09-02,USD_GBP,USD,GBP,0.781183,manual_uploaded_rates,manual
GBP_EUR-2024-09-02,2024-09-02,GBP_EUR,GBP,EUR,1.18179,manual_uploaded_rates,manual
GBP_INR-2024-09-03,2024-09-03,GBP_INR,GBP,INR,108.5974,manual_uploaded_rates,manual
USD_INR-2024-09-03,2024-09-03,USD_INR,USD,INR,83.622,manual_uploaded_rates,manual
EUR_INR-2024-09-03,2024-09-03,EUR_INR,EUR,INR,91.9872,manual_uploaded_rates,manual
GBP_USD-2024-09-03,2024-09-03,GBP_USD,GBP,USD,1.29235,manual_uploaded_rates,manual
EUR_GBP-2024-09-03,2024-09-03,EUR_GBP,EUR,GBP,0.84153,manual_uploaded_rates,manual
EUR_USD-2024-09-03,2024-09-03,EUR_USD,EUR,USD,1.091985,manual_uploaded_rates,manual
USD_GBP-2024-09-03,2024-09-03,USD_GBP,USD,GBP,0.781421,manual_uploaded_rates,manual
GBP_EUR-2024-09-03,2024-09-03,GBP_EUR,GBP,EUR,1.182149,manual_uploaded_rates,manual
GBP_INR-2024-09-04,2024-09-04,GBP_INR,GBP,INR,108.6251,manual_uploaded_rates,manual
USD_INR-2024-09-04,2024-09-04,USD_INR,USD,INR,83.6433,manual_uploaded_rates,manual
EUR_INR-2024-09-04,2024-09-04,EUR_INR,EUR,INR,92.0107,manual_uploaded_rates,manual
GBP_USD-2024-09-04,2024-09-04,GBP_USD,GBP,USD,1.292679,manual_uploaded_rates,manual
EUR_GBP-2024-09-04,2024-09-04,EUR_GBP,EUR,GBP,0.841744,manual_uploaded_rates,manual
EUR_USD-2024-09-04,2024-09-04,EUR_USD,EUR,USD,1.092264,manual_uploaded_rates,manual
USD_GBP-2024-09-04,2024-09-04,USD_GBP,USD,GBP,0.78162,manual_uploaded_rates,manual
GBP_EUR-2024-09-04,2024-09-04,GBP_EUR,GBP,EUR,1.18245,manual_uploaded_rates,manual
GBP_INR-2024-09-05,2024-09-05,GBP_INR,GBP,INR,108.6471,manual_uploaded_rates,manual
USD_INR-2024-09-05,2024-09-05,USD_INR,USD,INR,83.6603,manual_uploaded_rates,manual
EUR_INR-2024-09-05,2024-09-05,EUR_INR,EUR,INR,92.0293,manual_uploaded_rates,manual
GBP_USD-2024-09-05,2024-09-05,GBP_USD,GBP,USD,1.29294,manual_uploaded_rates,manual
EUR_GBP-2024-09-05,2024-09-05,EUR_GBP,EUR,GBP,0.841915,manual_uploaded_rates,manual
EUR_USD-2024-09-05,2024-09-05,EUR_USD,EUR,USD,1.092485,manual_uploaded_rates,manual
USD_GBP-2024-09-05,2024-09-05,USD_GBP,USD,GBP,0.781778,manual_uploaded_rates,manual
GBP_EUR-2024-09-05,2024-09-05,GBP_EUR,GBP,EUR,1.18269,manual_uploaded_rates,manual
GBP_INR-2024-09-06,2024-09-06,GBP_INR,GBP,INR,108.6631,manual_uploaded_rates,manual
USD_INR-2024-09-06,2024-09-06,USD_INR,USD,INR,83.6726,manual_uploaded_rates,manual
EUR_INR-2024-09-06,2024-09-06,EUR_INR,EUR,INR,92.0429,manual_uploaded_rates,manual
GBP_USD-2024-09-06,2024-09-06,GBP_USD,GBP,USD,1.293131,manual_uploaded_rates,manual
EUR_GBP-2024-09-06,2024-09-06,EUR_GBP,EUR,GBP,0.842039,manual_uploaded_rates,manual
EUR_USD-2024-09-06,2024-09-06,EUR_USD,EUR,USD,1.092646,manual_uploaded_rates,manual
USD_GBP-2024-09-06,2024-09-06,USD_GBP,USD,GBP,0.781893,manual_uploaded_rates,manual
GBP_EUR-2024-09-06,2024-09-06,GBP_EUR,GBP,EUR,1.182864,manual_uploaded_rates,manual
GBP_INR-2024-09-07,2024-09-07,GBP_INR,GBP,INR,108.6731,manual_uploaded_rates,manual
USD_INR-2024-09-07,2024-09-07,USD_INR,USD,INR,83.6803,manual_uploaded_rates,manual
EUR_INR-2024-09-07,2024-09-07,EUR_INR,EUR,INR,92.0513,manual_uploaded_rates,manual
GBP_USD-2024-09-07,2024-09-07,GBP_USD,GBP,USD,1.29325,manual_uploaded_rates,manual
EUR_GBP-2024-09-07,2024-09-07,EUR_GBP,EUR,GBP,0.842116,manual_uploaded_rates,manual
EUR_USD-2024-09-07,2024-09-07,EUR_USD,EUR,USD,1.092746,manual_uploaded_rates,manual
USD_GBP-2024-09-07,2024-09-07,USD_GBP,USD,GBP,0.781965,manual_uploaded_rates,manual
GBP_EUR-2024-09-07,2024-09-07,GBP_EUR,GBP,EUR,1.182973,manual_uploaded_rates,manual
GBP_INR-2024-09-08,2024-09-08,GBP_INR,GBP,INR,108.677,manual_uploaded_rates,manual
USD_INR-2024-09-08,2024-09-08,USD_INR,USD,INR,83.6833,manual_uploaded_rates,manual
EUR_INR-2024-09-08,2024-09-08,EUR_INR,EUR,INR,92.0546,manual_uploaded_rates,manual
GBP_USD-2024-09-08,2024-09-08,GBP_USD,GBP,USD,1.293297,manual_uploaded_rates,manual
EUR_GBP-2024-09-08,2024-09-08,EUR_GBP,EUR,GBP,0.842147,manual_uploaded_rates,manual
EUR_USD-2024-09-08,2024-09-08,EUR_USD,EUR,USD,1.092785,manual_uploaded_rates,manual
USD_GBP-2024-09-08,2024-09-08,USD_GBP,USD,GBP,0.781993,manual_uploaded_rates,manual
GBP_EUR-2024-09-08,2024-09-08,GBP_EUR,GBP,EUR,1.183015,manual_uploaded_rates,manual
GBP_INR-2024-09-09,2024-09-09,GBP_INR,GBP,INR,108.675,manual_uploaded_rates,manual
USD_INR-2024-09-09,2024-09-09,USD_INR,USD,INR,83.6818,manual_uploaded_rates,manual
EUR_INR-2024-09-09,2024-09-09,EUR_INR,EUR,INR,92.053,manual_uploaded_rates,manual
GBP_USD-2024-09-09,2024-09-09,GBP_USD,GBP,USD,1.293273,manual_uploaded_rates,manual
EUR_GBP-2024-09-09,2024-09-09,EUR_GBP,EUR,GBP,0.842131,manual_uploaded_rates,manual
EUR_USD-2024-09-09,2024-09-09,EUR_USD,EUR,USD,1.092765,manual_uploaded_rates,manual
USD_GBP-2024-09-09,2024-09-09,USD_GBP,USD,GBP,0.781979,manual_uploaded_rates,manual
GBP_EUR-2024-09-09,2024-09-09,GBP_EUR,GBP,EUR,1.182994,manual_uploaded_rates,manual
GBP_INR-2024-09-10,2024-09-10,GBP_INR,GBP,INR,108.6674,manual_uploaded_rates,manual
USD_INR-2024-09-10,2024-09-10,USD_INR,USD,INR,83.6759,manual_uploaded_rates,manual
EUR_INR-2024-09-10,2024-09-10,EUR_INR,EUR,INR,92.0465,manual_uploaded_rates,manual
GBP_USD-2024-09-10,2024-09-10,GBP_USD,GBP,USD,1.293182,manual_uploaded_rates,manual
EUR_GBP-2024-09-10,2024-09-10,EUR_GBP,EUR,GBP,0.842072,manual_uploaded_rates,manual
EUR_USD-2024-09-10,2024-09-10,EUR_USD,EUR,USD,1.092688,manual_uploaded_rates,manual
USD_GBP-2024-09-10,2024-09-10,USD_GBP,USD,GBP,0.781924,manual_uploaded_rates,manual
GBP_EUR-2024-09-10,2024-09-10,GBP_EUR,GBP,EUR,1.18291,manual_uploaded_rates,manual
GBP_INR-2024-09-11,2024-09-11,GBP_INR,GBP,INR,108.6545,manual_uploaded_rates,manual
USD_INR-2024-09-11,2024-09-11,USD_INR,USD,INR,83.6659,manual_uploaded_rates,manual
EUR_INR-2024-09-11,2024-09-11,EUR_INR,EUR,INR,92.0355,manual_uploaded_rates,manual
GBP_USD-2024-09-11,2024-09-11,GBP_USD,GBP,USD,1.293028,manual_uploaded_rates,manual
EUR_GBP-2024-09-11,2024-09-11,EUR_GBP,EUR,GBP,0.841972,manual_uploaded_rates,manual
EUR_USD-2024-09-11,2024-09-11,EUR_USD,EUR,USD,1.092559,manual_uploaded_rates,manual
USD_GBP-2024-09-11,2024-09-11,USD_GBP,USD,GBP,0.781831,manual_uploaded_rates,manual
GBP_EUR-2024-09-11,2024-09-11,GBP_EUR,GBP,EUR,1.18277,manual_uploaded_rates,manual
GBP_INR-2024-09-12,2024-09-12,GBP_INR,GBP,INR,108.6368,manual_uploaded_rates,manual
USD_INR-2024-09-12,2024-09-12,USD_INR,USD,INR,83.6523,manual_uploaded_rates,manual
EUR_INR-2024-09-12,2024-09-12,EUR_INR,EUR,INR,92.0206,manual_uploaded_rates,manual
GBP_USD-2024-09-12,2024-09-12,GBP_USD,GBP,USD,1.292818,manual_uploaded_rates,manual
EUR_GBP-2024-09-12,2024-09-12,EUR_GBP,EUR,GBP,0.841835,manual_uploaded_rates,manual
EUR_USD-2024-09-12,2024-09-12,EUR_USD,EUR,USD,1.092381,manual_uploaded_rates,manual
USD_GBP-2024-09-12,2024-09-12,USD_GBP,USD,GBP,0.781704,manual_uploaded_rates,manual
GBP_EUR-2024-09-12,2024-09-12,GBP_EUR,GBP,EUR,1.182577,manual_uploaded_rates,manual
GBP_INR-2024-09-13,2024-09-13,GBP_INR,GBP,INR,108.6149,manual_uploaded_rates,manual
USD_INR-2024-09-13,2024-09-13,USD_INR,USD,INR,83.6355,manual_uploaded_rates,manual
EUR_INR-2024-09-13,2024-09-13,EUR_INR,EUR,INR,92.0021,manual_uploaded_rates,manual
GBP_USD-2024-09-13,2024-09-13,GBP_USD,GBP,USD,1.292558,manual_uploaded_rates,manual
EUR_GBP-2024-09-13,2024-09-13,EUR_GBP,EUR,GBP,0.841665,manual_uploaded_rates,manual
EUR_USD-2024-09-13,2024-09-13,EUR_USD,EUR,USD,1.092161,manual_uploaded_rates,manual
USD_GBP-2024-09-13,2024-09-13,USD_GBP,USD,GBP,0.781547,manual_uploaded_rates,manual
GBP_EUR-2024-09-13,2024-09-13,GBP_EUR,GBP,EUR,1.18234,manual_uploaded_rates,manual
GBP_INR-2024-09-14,2024-09-14,GBP_INR,GBP,INR,108.5896,manual_uploaded_rates,manual
USD_INR-2024-09-14,2024-09-14,USD_INR,USD,INR,83.616,manual_uploaded_rates,manual
EUR_INR-2024-09-14,2024-09-14,EUR_INR,EUR,INR,91.9806,manual_uploaded_rates,manual
GBP_USD-2024-09-14,2024-09-14,GBP_USD,GBP,USD,1.292257,manual_uploaded_rates,manual
EUR_GBP-2024-09-14,2024-09-14,EUR_GBP,EUR,GBP,0.841469,manual_uploaded_rates,manual
EUR_USD-2024-09-14,2024-09-14,EUR_USD,EUR,USD,1.091907,manual_uploaded_rates,manual
USD_GBP-2024-09-14,2024-09-14,USD_GBP,USD,GBP,0.781364,manual_uploaded_rates,manual
GBP_EUR-2024-09-14,2024-09-14,GBP_EUR,GBP,EUR,1.182064,manual_uploaded_rates,manual
GBP_INR-2024-09-15,2024-09-15,GBP_INR,GBP,INR,108.5616,manual_uploaded_rates,manual
USD_INR-2024-09-15,2024-09-15,USD_INR,USD,INR,83.5945,manual_uploaded_rates,manual
EUR_INR-2024-09-15,2024-09-15,EUR_INR,EUR,INR,91.9569,manual_uploaded_rates,manual
GBP_USD-2024-09-15,2024-09-15,GBP_USD,GBP,USD,1.291923,manual_uploaded_rates,manual
EUR_GBP-2024-09-15,2024-09-15,EUR_GBP,EUR,GBP,0.841252,manual_uploaded_rates,manual
EUR_USD-2024-09-15,2024-09-15,EUR_USD,EUR,USD,1.091625,manual_uploaded_rates,manual
USD_GBP-2024-09-15,2024-09-15,USD_GBP,USD,GBP,0.781163,manual_uploaded_rates,manual
GBP_EUR-2024-09-15,2024-09-15,GBP_EUR,GBP,EUR,1.181759,manual_uploaded_rates,manual
GBP_INR-2024-09-16,2024-09-16,GBP_INR,GBP,INR,108.5318,manual_uploaded_rates,manual
USD_INR-2024-09-16,2024-09-16,USD_INR,USD,INR,83.5715,manual_uploaded_rates,manual
EUR_INR-2024-09-16,2024-09-16,EUR_INR,EUR,INR,91.9316,manual_uploaded_rates,manual
GBP_USD-2024-09-16,2024-09-16,GBP_USD,GBP,USD,1.291568,manual_uploaded_rates,manual
EUR_GBP-2024-09-16,2024-09-16,EUR_GBP,EUR,GBP,0.841021,manual_uploaded_rates,manual
EUR_USD-2024-09-16,2024-09-16,EUR_USD,EUR,USD,1.091325,manual_uploaded_rates,manual
USD_GBP-2024-09-16,2024-09-16,USD_GBP,USD,GBP,0.780948,manual_uploaded_rates,manual
GBP_EUR-2024-09-16,2024-09-16,GBP_EUR,GBP,EUR,1.181434,manual_uploaded_rates,manual
GBP_INR-2024-09-17,2024-09-17,GBP_INR,GBP,INR,108.501,manual_uploaded_rates,manual
USD_INR-2024-09-17,2024-09-17,USD_INR,USD,INR,83.5478,manual_uploaded_rates,manual
EUR_INR-2024-09-17,2024-09-17,EUR_INR,EUR,INR,91.9055,manual_uploaded_rates,manual
GBP_USD-2024-09-17,2024-09-17,GBP_USD,GBP,USD,1.291202,manual_uploaded_rates,manual
EUR_GBP-2024-09-17,2024-09-17,EUR_GBP,EUR,GBP,0.840782,manual_uploaded_rates,manual
EUR_USD-2024-09-17,2024-09-17,EUR_USD,EUR,USD,1.091015,manual_uploaded_rates,manual
USD_GBP-2024-09-17,2024-09-17,USD_GBP,USD,GBP,0.780727,manual_uploaded_rates,manual
GBP_EUR-2024-09-17,2024-09-17,GBP_EUR,GBP,EUR,1.181099,manual_uploaded_rates,manual
GBP_INR-2024-09-18,2024-09-18,GBP_INR,GBP,INR,108.4701,manual_uploaded_rates,manual
USD_INR-2024-09-18,2024-09-18,USD_INR,USD,INR,83.524,manual_uploaded_rates,manual
EUR_INR-2024-09-18,2024-09-18,EUR_INR,EUR,INR,91.8794,manual_uploaded_rates,manual
GBP_USD-2024-09-18,2024-09-18,GBP_USD,GBP,USD,1.290834,manual_uploaded_rates,manual
EUR_GBP-2024-09-18,2024-09-18,EUR_GBP,EUR,GBP,0.840543,manual_uploaded_rates,manual
EUR_USD-2024-09-18,2024-09-18,EUR_USD,EUR,USD,1.090705,manual_uploaded_rates,manual
USD_GBP-2024-09-18,2024-09-18,USD_GBP,USD,GBP,0.780505,manual_uploaded_rates,manual
GBP_EUR-2024-09-18,2024-09-18,GBP_EUR,GBP,EUR,1.180763,manual_uploaded_rates,manual
GBP_INR-2024-09-19,2024-09-19,GBP_INR,GBP,INR,108.4401,manual_uploaded_rates,manual
USD_INR-2024-09-19,2024-09-19,USD_INR,USD,INR,83.5009,manual_uploaded_rates,manual
EUR_INR-2024-09-19,2024-09-19,EUR_INR,EUR,INR,91.854,manual_uploaded_rates,manual
GBP_USD-2024-09-19,2024-09-19,GBP_USD,GBP,USD,1.290478,manual_uploaded_rates,manual
EUR_GBP-2024-09-19,2024-09-19,EUR_GBP,EUR,GBP,0.840311,manual_uploaded_rates,manual
EUR_USD-2024-09-19,2024-09-19,EUR_USD,EUR,USD,1.090404,manual_uploaded_rates,manual
USD_GBP-2024-09-19,2024-09-19,USD_GBP,USD,GBP,0.780289,manual_uploaded_rates,manual
GBP_EUR-2024-09-19,2024-09-19,GBP_EUR,GBP,EUR,1.180437,manual_uploaded_rates,manual
GBP_INR-2024-09-20,2024-09-20,GBP_INR,GBP,INR,108.412,manual_uploaded_rates,manual
USD_INR-2024-09-20,2024-09-20,USD_INR,USD,INR,83.4792,manual_uploaded_rates,manual
EUR_INR-2024-09-20,2024-09-20,EUR_INR,EUR,INR,91.8301,manual_uploaded_rates,manual
GBP_USD-2024-09-20,2024-09-20,GBP_USD,GBP,USD,1.290142,manual_uploaded_rates,manual
EUR_GBP-2024-09-20,2024-09-20,EUR_GBP,EUR,GBP,0.840093,manual_uploaded_rates,manual
EUR_USD-2024-09-20,2024-09-20,EUR_USD,EUR,USD,1.09012,manual_uploaded_rates,manual
USD_GBP-2024-09-20,2024-09-20,USD_GBP,USD,GBP,0.780086,manual_uploaded_rates,manual
GBP_EUR-2024-09-20,2024-09-20,GBP_EUR,GBP,EUR,1.18013,manual_uploaded_rates,manual
GBP_INR-2024-09-21,2024-09-21,GBP_INR,GBP,INR,108.3865,manual_uploaded_rates,manual
USD_INR-2024-09-21,2024-09-21,USD_INR,USD,INR,83.4596,manual_uploaded_rates,manual
EUR_INR-2024-09-21,2024-09-21,EUR_INR,EUR,INR,91.8085,manual_uploaded_rates,manual
GBP_USD-2024-09-21,2024-09-21,GBP_USD,GBP,USD,1.289839,manual_uploaded_rates,manual
EUR_GBP-2024-09-21,2024-09-21,EUR_GBP,EUR,GBP,0.839895,manual_uploaded_rates,manual
EUR_USD-2024-09-21,2024-09-21,EUR_USD,EUR,USD,1.089864,manual_uploaded_rates,manual
USD_GBP-2024-09-21,2024-09-21,USD_GBP,USD,GBP,0.779903,manual_uploaded_rates,manual
GBP_EUR-2024-09-21,2024-09-21,GBP_EUR,GBP,EUR,1.179853,manual_uploaded_rates,manual
GBP_INR-2024-09-22,2024-09-22,GBP_INR,GBP,INR,108.3645,manual_uploaded_rates,manual
USD_INR-2024-09-22,2024-09-22,USD_INR,USD,INR,83.4427,manual_uploaded_rates,manual
EUR_INR-2024-09-22,2024-09-22,EUR_INR,EUR,INR,91.7899,manual_uploaded_rates,manual
GBP_USD-2024-09-22,2024-09-22,GBP_USD,GBP,USD,1.289578,manual_uploaded_rates,manual
EUR_GBP-2024-09-22,2024-09-22,EUR_GBP,EUR,GBP,0.839725,manual_uploaded_rates,manual
EUR_USD-2024-09-22,2024-09-22,EUR_USD,EUR,USD,1.089643,manual_uploaded_rates,manual
USD_GBP-2024-09-22,2024-09-22,USD_GBP,USD,GBP,0.779745,manual_uploaded_rates,manual
GBP_EUR-2024-09-22,2024-09-22,GBP_EUR,GBP,EUR,1.179614,manual_uploaded_rates,manual
GBP_INR-2024-09-23,2024-09-23,GBP_INR,GBP,INR,108.3468,manual_uploaded_rates,manual
USD_INR-2024-09-23,2024-09-23,USD_INR,USD,INR,83.4291,manual_uploaded_rates,manual
EUR_INR-2024-09-23,2024-09-23,EUR_INR,EUR,INR,91.775,manual_uploaded_rates,manual
GBP_USD-2024-09-23,2024-09-23,GBP_USD,GBP,USD,1.289367,manual_uploaded_rates,manual
EUR_GBP-2024-09-23,2024-09-23,EUR_GBP,EUR,GBP,0.839588,manual_uploaded_rates,manual
EUR_USD-2024-09-23,2024-09-23,EUR_USD,EUR,USD,1.089465,manual_uploaded_rates,manual
USD_GBP-2024-09-23,2024-09-23,USD_GBP,USD,GBP,0.779618,manual_uploaded_rates,manual
GBP_EUR-2024-09-23,2024-09-23,GBP_EUR,GBP,EUR,1.179421,manual_uploaded_rates,manual
GBP_INR-2024-09-24,2024-09-24,GBP_INR,GBP,INR,108.3342,manual_uploaded_rates,manual
USD_INR-2024-09-24,2024-09-24,USD_INR,USD,INR,83.4193,manual_uploaded_rates,manual
EUR_INR-2024-09-24,2024-09-24,EUR_INR,EUR,INR,91.7643,manual_uploaded_rates,manual
GBP_USD-2024-09-24,2024-09-24,GBP_USD,GBP,USD,1.289217,manual_uploaded_rates,manual
EUR_GBP-2024-09-24,2024-09-24,EUR_GBP,EUR,GBP,0.83949,manual_uploaded_rates,manual
EUR_USD-2024-09-24,2024-09-24,EUR_USD,EUR,USD,1.089338,manual_uploaded_rates,manual
USD_GBP-2024-09-24,2024-09-24,USD_GBP,USD,GBP,0.779526,manual_uploaded_rates,manual
GBP_EUR-2024-09-24,2024-09-24,GBP_EUR,GBP,EUR,1.179284,manual_uploaded_rates,manual
GBP_INR-2024-09-25,2024-09-25,GBP_INR,GBP,INR,108.3272,manual_uploaded_rates,manual
USD_INR-2024-09-25,2024-09-25,USD_INR,USD,INR,83.4139,manual_uploaded_rates,manual
EUR_INR-2024-09-25,2024-09-25,EUR_INR,EUR,INR,91.7583,manual_uploaded_rates,manual
GBP_USD-2024-09-25,2024-09-25,GBP_USD,GBP,USD,1.289133,manual_uploaded_rates,manual
EUR_GBP-2024-09-25,2024-09-25,EUR_GBP,EUR,GBP,0.839436,manual_uploaded_rates,manual
EUR_USD-2024-09-25,2024-09-25,EUR_USD,EUR,USD,1.089268,manual_uploaded_rates,manual
USD_GBP-2024-09-25,2024-09-25,USD_GBP,USD,GBP,0.779476,manual_uploaded_rates,manual
GBP_EUR-2024-09-25,2024-09-25,GBP_EUR,GBP,EUR,1.179207,manual_uploaded_rates,manual
GBP_INR-2024-09-26,2024-09-26,GBP_INR,GBP,INR,108.3262,manual_uploaded_rates,manual
USD_INR-2024-09-26,2024-09-26,USD_INR,USD,INR,83.4132,manual_uploaded_rates,manual
EUR_INR-2024-09-26,2024-09-26,EUR_INR,EUR,INR,91.7575,manual_uploaded_rates,manual
GBP_USD-2024-09-26,2024-09-26,GBP_USD,GBP,USD,1.289122,manual_uploaded_rates,manual
EUR_GBP-2024-09-26,2024-09-26,EUR_GBP,EUR,GBP,0.839428,manual_uploaded_rates,manual
EUR_USD-2024-09-26,2024-09-26,EUR_USD,EUR,USD,1.089258,manual_uploaded_rates,manual
USD_GBP-2024-09-26,2024-09-26,USD_GBP,USD,GBP,0.779469,manual_uploaded_rates,manual
GBP_EUR-2024-09-26,2024-09-26,GBP_EUR,GBP,EUR,1.179197,manual_uploaded_rates,manual
GBP_INR-2024-09-27,2024-09-27,GBP_INR,GBP,INR,108.3318,manual_uploaded_rates,manual
USD_INR-2024-09-27,2024-09-27,USD_INR,USD,INR,83.4175,manual_uploaded_rates,manual
EUR_INR-2024-09-27,2024-09-27,EUR_INR,EUR,INR,91.7623,manual_uploaded_rates,manual
GBP_USD-2024-09-27,2024-09-27,GBP_USD,GBP,USD,1.289189,manual_uploaded_rates,manual
EUR_GBP-2024-09-27,2024-09-27,EUR_GBP,EUR,GBP,0.839472,manual_uploaded_rates,manual
EUR_USD-2024-09-27,2024-09-27,EUR_USD,EUR,USD,1.089315,manual_uploaded_rates,manual
USD_GBP-2024-09-27,2024-09-27,USD_GBP,USD,GBP,0.779509,manual_uploaded_rates,manual
GBP_EUR-2024-09-27,2024-09-27,GBP_EUR,GBP,EUR,1.179258,manual_uploaded_rates,manual
GBP_INR-2024-09-28,2024-09-28,GBP_INR,GBP,INR,108.3442,manual_uploaded_rates,manual
USD_INR-2024-09-28,2024-09-28,USD_INR,USD,INR,83.427,manual_uploaded_rates,manual
EUR_INR-2024-09-28,2024-09-28,EUR_INR,EUR,INR,91.7727,manual_uploaded_rates,manual
GBP_USD-2024-09-28,2024-09-28,GBP_USD,GBP,USD,1.289336,manual_uploaded_rates,manual
EUR_GBP-2024-09-28,2024-09-28,EUR_GBP,EUR,GBP,0.839567,manual_uploaded_rates,manual
EUR_USD-2024-09-28,2024-09-28,EUR_USD,EUR,USD,1.089439,manual_uploaded_rates,manual
USD_GBP-2024-09-28,2024-09-28,USD_GBP,USD,GBP,0.779598,manual_uploaded_rates,manual
GBP_EUR-2024-09-28,2024-09-28,GBP_EUR,GBP,EUR,1.179392,manual_uploaded_rates,manual
GBP_INR-2024-09-29,2024-09-29,GBP_INR,GBP,INR,108.3634,manual_uploaded_rates,manual
USD_INR-2024-09-29,2024-09-29,USD_INR,USD,INR,83.4418,manual_uploaded_rates,manual
EUR_INR-2024-09-29,2024-09-29,EUR_INR,EUR,INR,91.789,manual_uploaded_rates,manual
GBP_USD-2024-09-29,2024-09-29,GBP_USD,GBP,USD,1.289565,manual_uploaded_rates,manual
EUR_GBP-2024-09-29,2024-09-29,EUR_GBP,EUR,GBP,0.839716,manual_uploaded_rates,manual
EUR_USD-2024-09-29,2024-09-29,EUR_USD,EUR,USD,1.089632,manual_uploaded_rates,manual
USD_GBP-2024-09-29,2024-09-29,USD_GBP,USD,GBP,0.779737,manual_uploaded_rates,manual
GBP_EUR-2024-09-29,2024-09-29,GBP_EUR,GBP,EUR,1.179602,manual_uploaded_rates,manual
GBP_INR-2024-09-30,2024-09-30,GBP_INR,GBP,INR,108.3895,manual_uploaded_rates,manual
USD_INR-2024-09-30,2024-09-30,USD_INR,USD,INR,83.4619,manual_uploaded_rates,manual
EUR_INR-2024-09-30,2024-09-30,EUR_INR,EUR,INR,91.8111,manual_uploaded_rates,manual
GBP_USD-2024-09-30,2024-09-30,GBP_USD,GBP,USD,1.289875,manual_uploaded_rates,manual
EUR_GBP-2024-09-30,2024-09-30,EUR_GBP,EUR,GBP,0.839919,manual_uploaded_rates,manual
EUR_USD-2024-09-30,2024-09-30,EUR_USD,EUR,USD,1.089895,manual_uploaded_rates,manual
USD_GBP-2024-09-30,2024-09-30,USD_GBP,USD,GBP,0.779925,manual_uploaded_rates,manual
GBP_EUR-2024-09-30,2024-09-30,GBP_EUR,GBP,EUR,1.179886,manual_uploaded_rates,manual
GBP_INR-2024-10-01,2024-10-01,GBP_INR,GBP,INR,108.4224,manual_uploaded_rates,manual
USD_INR-2024-10-01,2024-10-01,USD_INR,USD,INR,83.4872,manual_uploaded_rates,manual
EUR_INR-2024-10-01,2024-10-01,EUR_INR,EUR,INR,91.8389,manual_uploaded_rates,manual
GBP_USD-2024-10-01,2024-10-01,GBP_USD,GBP,USD,1.290266,manual_uploaded_rates,manual
EUR_GBP-2024-10-01,2024-10-01,EUR_GBP,EUR,GBP,0.840173,manual_uploaded_rates,manual
EUR_USD-2024-10-01,2024-10-01,EUR_USD,EUR,USD,1.090225,manual_uploaded_rates,manual
USD_GBP-2024-10-01,2024-10-01,USD_GBP,USD,GBP,0.780161,manual_uploaded_rates,manual
GBP_EUR-2024-10-01,2024-10-01,GBP_EUR,GBP,EUR,1.180243,manual_uploaded_rates,manual
GBP_INR-2024-10-02,2024-10-02,GBP_INR,GBP,INR,108.4616,manual_uploaded_rates,manual
USD_INR-2024-10-02,2024-10-02,USD_INR,USD,INR,83.5175,manual_uploaded_rates,manual
EUR_INR-2024-10-02,2024-10-02,EUR_INR,EUR,INR,91.8722,manual_uploaded_rates,manual
GBP_USD-2024-10-02,2024-10-02,GBP_USD,GBP,USD,1.290734,manual_uploaded_rates,manual
EUR_GBP-2024-10-02,2024-10-02,EUR_GBP,EUR,GBP,0.840478,manual_uploaded_rates,manual
EUR_USD-2024-10-02,2024-10-02,EUR_USD,EUR,USD,1.09062,manual_uploaded_rates,manual
USD_GBP-2024-10-02,2024-10-02,USD_GBP,USD,GBP,0.780444,manual_uploaded_rates,manual
GBP_EUR-2024-10-02,2024-10-02,GBP_EUR,GBP,EUR,1.180671,manual_uploaded_rates,manual
GBP_INR-2024-10-03,2024-10-03,GBP_INR,GBP,INR,108.507,manual_uploaded_rates,manual
USD_INR-2024-10-03,2024-10-03,USD_INR,USD,INR,83.5524,manual_uploaded_rates,manual
EUR_INR-2024-10-03,2024-10-03,EUR_INR,EUR,INR,91.9106,manual_uploaded_rates,manual
GBP_USD-2024-10-03,2024-10-03,GBP_USD,GBP,USD,1.291273,manual_uploaded_rates,manual
EUR_GBP-2024-10-03,2024-10-03,EUR_GBP,EUR,GBP,0.840829,manual_uploaded_rates,manual
EUR_USD-2024-10-03,2024-10-03,EUR_USD,EUR,USD,1.091076,manual_uploaded_rates,manual
USD_GBP-2024-10-03,2024-10-03,USD_GBP,USD,GBP,0.78077,manual_uploaded_rates,manual
GBP_EUR-2024-10-03,2024-10-03,GBP_EUR,GBP,EUR,1.181165,manual_uploaded_rates,manual
GBP_INR-2024-10-04,2024-10-04,GBP_INR,GBP,INR,108.5578,manual_uploaded_rates,manual
USD_INR-2024-10-04,2024-10-04,USD_INR,USD,INR,83.5915,manual_uploaded_rates,manual
EUR_INR-2024-10-04,2024-10-04,EUR_INR,EUR,INR,91.9537,manual_uploaded_rates,manual
GBP_USD-2024-10-04,2024-10-04,GBP_USD,GBP,USD,1.291878,manual_uploaded_rates,manual
EUR_GBP-2024-10-04,2024-10-04,EUR_GBP,EUR,GBP,0.841223,manual_uploaded_rates,manual
EUR_USD-2024-10-04,2024-10-04,EUR_USD,EUR,USD,1.091587,manual_uploaded_rates,manual
USD_GBP-2024-10-04,2024-10-04,USD_GBP,USD,GBP,0.781136,manual_uploaded_rates,manual
GBP_EUR-2024-10-04,2024-10-04,GBP_EUR,GBP,EUR,1.181718,manual_uploaded_rates,manual
GBP_INR-2024-10-05,2024-10-05,GBP_INR,GBP,INR,108.6135,manual_uploaded_rates,manual
USD_INR-2024-10-05,2024-10-05,USD_INR,USD,INR,83.6344,manual_uploaded_rates,manual
EUR_INR-2024-10-05,2024-10-05,EUR_INR,EUR,INR,92.0009,manual_uploaded_rates,manual
GBP_USD-2024-10-05,2024-10-05,GBP_USD,GBP,USD,1.292541,manual_uploaded_rates,manual
EUR_GBP-2024-10-05,2024-10-05,EUR_GBP,EUR,GBP,0.841655,manual_uploaded_rates,manual
EUR_USD-2024-10-05,2024-10-05,EUR_USD,EUR,USD,1.092147,manual_uploaded_rates,manual
USD_GBP-2024-10-05,2024-10-05,USD_GBP,USD,GBP,0.781537,manual_uploaded_rates,manual
GBP_EUR-2024-10-05,2024-10-05,GBP_EUR,GBP,EUR,1.182324,manual_uploaded_rates,manual
GBP_INR-2024-10-06,2024-10-06,GBP_INR,GBP,INR,108.6734,manual_uploaded_rates,manual
USD_INR-2024-10-06,2024-10-06,USD_INR,USD,INR,83.6805,manual_uploaded_rates,manual
EUR_INR-2024-10-06,2024-10-06,EUR_INR,EUR,INR,92.0516,manual_uploaded_rates,manual
GBP_USD-2024-10-06,2024-10-06,GBP_USD,GBP,USD,1.293253,manual_uploaded_rates,manual
EUR_GBP-2024-10-06,2024-10-06,EUR_GBP,EUR,GBP,0.842118,manual_uploaded_rates,manual
EUR_USD-2024-10-06,2024-10-06,EUR_USD,EUR,USD,1.092749,manual_uploaded_rates,manual
USD_GBP-2024-10-06,2024-10-06,USD_GBP,USD,GBP,0.781967,manual_uploaded_rates,manual
GBP_EUR-2024-10-06,2024-10-06,GBP_EUR,GBP,EUR,1.182976,manual_uploaded_rates,manual
GBP_INR-2024-10-07,2024-10-07,GBP_INR,GBP,INR,108.7365,manual_uploaded_rates,manual
USD_INR-2024-10-07,2024-10-07,USD_INR,USD,INR,83.7291,manual_uploaded_rates,manual
EUR_INR-2024-10-07,2024-10-07,EUR_INR,EUR,INR,92.105,manual_uploaded_rates,manual
GBP_USD-2024-10-07,2024-10-07,GBP_USD,GBP,USD,1.294004,manual_uploaded_rates,manual
EUR_GBP-2024-10-07,2024-10-07,EUR_GBP,EUR,GBP,0.842608,manual_uploaded_rates,manual
EUR_USD-2024-10-07,2024-10-07,EUR_USD,EUR,USD,1.093384,manual_uploaded_rates,manual
USD_GBP-2024-10-07,2024-10-07,USD_GBP,USD,GBP,0.782421,manual_uploaded_rates,manual
GBP_EUR-2024-10-07,2024-10-07,GBP_EUR,GBP,EUR,1.183663,manual_uploaded_rates,manual
GBP_INR-2024-10-08,2024-10-08,GBP_INR,GBP,INR,108.802,manual_uploaded_rates,manual
USD_INR-2024-10-08,2024-10-08,USD_INR,USD,INR,83.7796,manual_uploaded_rates,manual
EUR_INR-2024-10-08,2024-10-08,EUR_INR,EUR,INR,92.1605,manual_uploaded_rates,manual
GBP_USD-2024-10-08,2024-10-08,GBP_USD,GBP,USD,1.294784,manual_uploaded_rates,manual
EUR_GBP-2024-10-08,2024-10-08,EUR_GBP,EUR,GBP,0.843115,manual_uploaded_rates,manual
EUR_USD-2024-10-08,2024-10-08,EUR_USD,EUR,USD,1.094042,manual_uploaded_rates,manual
USD_GBP-2024-10-08,2024-10-08,USD_GBP,USD,GBP,0.782893,manual_uploaded_rates,manual
GBP_EUR-2024-10-08,2024-10-08,GBP_EUR,GBP,EUR,1.184376,manual_uploaded_rates,manual
GBP_INR-2024-10-09,2024-10-09,GBP_INR,GBP,INR,108.869,manual_uploaded_rates,manual
USD_INR-2024-10-09,2024-10-09,USD_INR,USD,INR,83.8311,manual_uploaded_rates,manual
EUR_INR-2024-10-09,2024-10-09,EUR_INR,EUR,INR,92.2172,manual_uploaded_rates,manual
GBP_USD-2024-10-09,2024-10-09,GBP_USD,GBP,USD,1.295581,manual_uploaded_rates,manual
EUR_GBP-2024-10-09,2024-10-09,EUR_GBP,EUR,GBP,0.843634,manual_uploaded_rates,manual
EUR_USD-2024-10-09,2024-10-09,EUR_USD,EUR,USD,1.094716,manual_uploaded_rates,manual
USD_GBP-2024-10-09,2024-10-09,USD_GBP,USD,GBP,0.783374,manual_uploaded_rates,manual
GBP_EUR-2024-10-09,2024-10-09,GBP_EUR,GBP,EUR,1.185105,manual_uploaded_rates,manual
GBP_INR-2024-10-10,2024-10-10,GBP_INR,GBP,INR,108.9364,manual_uploaded_rates,manual
USD_INR-2024-10-10,2024-10-10,USD_INR,USD,INR,83.883,manual_uploaded_rates,manual
EUR_INR-2024-10-10,2024-10-10,EUR_INR,EUR,INR,92.2743,manual_uploaded_rates,manual
GBP_USD-2024-10-10,2024-10-10,GBP_USD,GBP,USD,1.296383,manual_uploaded_rates,manual
EUR_GBP-2024-10-10,2024-10-10,EUR_GBP,EUR,GBP,0.844156,manual_uploaded_rates,manual
EUR_USD-2024-10-10,2024-10-10,EUR_USD,EUR,USD,1.095393,manual_uploaded_rates,manual
USD_GBP-2024-10-10,2024-10-10,USD_GBP,USD,GBP,0.783859,manual_uploaded_rates,manual
GBP_EUR-2024-10-10,2024-10-10,GBP_EUR,GBP,EUR,1.185839,manual_uploaded_rates,manual
GBP_INR-2024-10-11,2024-10-11,GBP_INR,GBP,INR,109.0032,manual_uploaded_rates,manual
USD_INR-2024-10-11,2024-10-11,USD_INR,USD,INR,83.9345,manual_uploaded_rates,manual
EUR_INR-2024-10-11,2024-10-11,EUR_INR,EUR,INR,92.3309,manual_uploaded_rates,manual
GBP_USD-2024-10-11,2024-10-11,GBP_USD,GBP,USD,1.297178,manual_uploaded_rates,manual
EUR_GBP-2024-10-11,2024-10-11,EUR_GBP,EUR,GBP,0.844674,manual_uploaded_rates,manual
EUR_USD-2024-10-11,2024-10-11,EUR_USD,EUR,USD,1.096065,manual_uploaded_rates,manual
USD_GBP-2024-10-11,2024-10-11,USD_GBP,USD,GBP,0.78434,manual_uploaded_rates,manual
GBP_EUR-2024-10-11,2024-10-11,GBP_EUR,GBP,EUR,1.186566,manual_uploaded_rates,manual
GBP_INR-2024-10-12,2024-10-12,GBP_INR,GBP,INR,109.0684,manual_uploaded_rates,manual
USD_INR-2024-10-12,2024-10-12,USD_INR,USD,INR,83.9847,manual_uploaded_rates,manual
EUR_INR-2024-10-12,2024-10-12,EUR_INR,EUR,INR,92.3862,manual_uploaded_rates,manual
GBP_USD-2024-10-12,2024-10-12,GBP_USD,GBP,USD,1.297954,manual_uploaded_rates,manual
EUR_GBP-2024-10-12,2024-10-12,EUR_GBP,EUR,GBP,0.84518,manual_uploaded_rates,manual
EUR_USD-2024-10-12,2024-10-12,EUR_USD,EUR,USD,1.096721,manual_uploaded_rates,manual
USD_GBP-2024-10-12,2024-10-12,USD_GBP,USD,GBP,0.78481,manual_uploaded_rates,manual
GBP_EUR-2024-10-12,2024-10-12,GBP_EUR,GBP,EUR,1.187276,manual_uploaded_rates,manual
GBP_INR-2024-10-13,2024-10-13,GBP_INR,GBP,INR,109.1311,manual_uploaded_rates,manual
USD_INR-2024-10-13,2024-10-13,USD_INR,USD,INR,84.0329,manual_uploaded_rates,manual
EUR_INR-2024-10-13,2024-10-13,EUR_INR,EUR,INR,92.4393,manual_uploaded_rates,manual
GBP_USD-2024-10-13,2024-10-13,GBP_USD,GBP,USD,1.2987,manual_uploaded_rates,manual
EUR_GBP-2024-10-13,2024-10-13,EUR_GBP,EUR,GBP,0.845665,manual_uploaded_rates,manual
EUR_USD-2024-10-13,2024-10-13,EUR_USD,EUR,USD,1.097351,manual_uploaded_rates,manual
USD_GBP-2024-10-13,2024-10-13,USD_GBP,USD,GBP,0.785261,manual_uploaded_rates,manual
GBP_EUR-2024-10-13,2024-10-13,GBP_EUR,GBP,EUR,1.187958,manual_uploaded_rates,manual
GBP_INR-2024-10-14,2024-10-14,GBP_INR,GBP,INR,109.1902,manual_uploaded_rates,manual
USD_INR-2024-10-14,2024-10-14,USD_INR,USD,INR,84.0785,manual_uploaded_rates,manual
EUR_INR-2024-10-14,2024-10-14,EUR_INR,EUR,INR,92.4894,manual_uploaded_rates,manual
GBP_USD-2024-10-14,2024-10-14,GBP_USD,GBP,USD,1.299404,manual_uploaded_rates,manual
EUR_GBP-2024-10-14,2024-10-14,EUR_GBP,EUR,GBP,0.846124,manual_uploaded_rates,manual
EUR_USD-2024-10-14,2024-10-14,EUR_USD,EUR,USD,1.097946,manual_uploaded_rates,manual
USD_GBP-2024-10-14,2024-10-14,USD_GBP,USD,GBP,0.785686,manual_uploaded_rates,manual
GBP_EUR-2024-10-14,2024-10-14,GBP_EUR,GBP,EUR,1.188602,manual_uploaded_rates,manual
GBP_INR-2024-10-15,2024-10-15,GBP_INR,GBP,INR,109.245,manual_uploaded_rates,manual
USD_INR-2024-10-15,2024-10-15,USD_INR,USD,INR,84.1207,manual_uploaded_rates,manual
EUR_INR-2024-10-15,2024-10-15,EUR_INR,EUR,INR,92.5357,manual_uploaded_rates,manual
GBP_USD-2024-10-15,2024-10-15,GBP_USD,GBP,USD,1.300056,manual_uploaded_rates,manual
EUR_GBP-2024-10-15,2024-10-15,EUR_GBP,EUR,GBP,0.846548,manual_uploaded_rates,manual
EUR_USD-2024-10-15,2024-10-15,EUR_USD,EUR,USD,1.098497,manual_uploaded_rates,manual
USD_GBP-2024-10-15,2024-10-15,USD_GBP,USD,GBP,0.78608,manual_uploaded_rates,manual
GBP_EUR-2024-10-15,2024-10-15,GBP_EUR,GBP,EUR,1.189198,manual_uploaded_rates,manual
GBP_INR-2024-10-16,2024-10-16,GBP_INR,GBP,INR,109.2945,manual_uploaded_rates,manual
USD_INR-2024-10-16,2024-10-16,USD_INR,USD,INR,84.1588,manual_uploaded_rates,manual
EUR_INR-2024-10-16,2024-10-16,EUR_INR,EUR,INR,92.5777,manual_uploaded_rates,manual
GBP_USD-2024-10-16,2024-10-16,GBP_USD,GBP,USD,1.300645,manual_uploaded_rates,manual
EUR_GBP-2024-10-16,2024-10-16,EUR_GBP,EUR,GBP,0.846932,manual_uploaded_rates,manual
EUR_USD-2024-10-16,2024-10-16,EUR_USD,EUR,USD,1.098995,manual_uploaded_rates,manual
USD_GBP-2024-10-16,2024-10-16,USD_GBP,USD,GBP,0.786437,manual_uploaded_rates,manual
GBP_EUR-2024-10-16,2024-10-16,GBP_EUR,GBP,EUR,1.189737,manual_uploaded_rates,manual
GBP_INR-2024-10-17,2024-10-17,GBP_INR,GBP,INR,109.3381,manual_uploaded_rates,manual
USD_INR-2024-10-17,2024-10-17,USD_INR,USD,INR,84.1924,manual_uploaded_rates,manual
EUR_INR-2024-10-17,2024-10-17,EUR_INR,EUR,INR,92.6146,manual_uploaded_rates,manual
GBP_USD-2024-10-17,2024-10-17,GBP_USD,GBP,USD,1.301164,manual_uploaded_rates,manual
EUR_GBP-2024-10-17,2024-10-17,EUR_GBP,EUR,GBP,0.847269,manual_uploaded_rates,manual
EUR_USD-2024-10-17,2024-10-17,EUR_USD,EUR,USD,1.099433,manual_uploaded_rates,manual
USD_GBP-2024-10-17,2024-10-17,USD_GBP,USD,GBP,0.78675,manual_uploaded_rates,manual
GBP_EUR-2024-10-17,2024-10-17,GBP_EUR,GBP,EUR,1.190212,manual_uploaded_rates,manual
GBP_INR-2024-10-18,2024-10-18,GBP_INR,GBP,INR,109.3751,manual_uploaded_rates,manual
USD_INR-2024-10-18,2024-10-18,USD_INR,USD,INR,84.2209,manual_uploaded_rates,manual
EUR_INR-2024-10-18,2024-10-18,EUR_INR,EUR,INR,92.646,manual_uploaded_rates,manual
GBP_USD-2024-10-18,2024-10-18,GBP_USD,GBP,USD,1.301604,manual_uploaded_rates,manual
EUR_GBP-2024-10-18,2024-10-18,EUR_GBP,EUR,GBP,0.847556,manual_uploaded_rates,manual
EUR_USD-2024-10-18,2024-10-18,EUR_USD,EUR,USD,1.099805,manual_uploaded_rates,manual
USD_GBP-2024-10-18,2024-10-18,USD_GBP,USD,GBP,0.787017,manual_uploaded_rates,manual
GBP_EUR-2024-10-18,2024-10-18,GBP_EUR,GBP,EUR,1.190615,manual_uploaded_rates,manual
GBP_INR-2024-10-19,2024-10-19,GBP_INR,GBP,INR,109.4051,manual_uploaded_rates,manual
USD_INR-2024-10-19,2024-10-19,USD_INR,USD,INR,84.2439,manual_uploaded_rates,manual
EUR_INR-2024-10-19,2024-10-19,EUR_INR,EUR,INR,92.6713,manual_uploaded_rates,manual
GBP_USD-2024-10-19,2024-10-19,GBP_USD,GBP,USD,1.301961,manual_uploaded_rates,manual
EUR_GBP-2024-10-19,2024-10-19,EUR_GBP,EUR,GBP,0.847788,manual_uploaded_rates,manual
EUR_USD-2024-10-19,2024-10-19,EUR_USD,EUR,USD,1.100106,manual_uploaded_rates,manual
USD_GBP-2024-10-19,2024-10-19,USD_GBP,USD,GBP,0.787232,manual_uploaded_rates,manual
GBP_EUR-2024-10-19,2024-10-19,GBP_EUR,GBP,EUR,1.190941,manual_uploaded_rates,manual
GBP_INR-2024-10-20,2024-10-20,GBP_INR,GBP,INR,109.4275,manual_uploaded_rates,manual
USD_INR-2024-10-20,2024-10-20,USD_INR,USD,INR,84.2612,manual_uploaded_rates,manual
EUR_INR-2024-10-20,2024-10-20,EUR_INR,EUR,INR,92.6904,manual_uploaded_rates,manual
GBP_USD-2024-10-20,2024-10-20,GBP_USD,GBP,USD,1.302228,manual_uploaded_rates,manual
EUR_GBP-2024-10-20,2024-10-20,EUR_GBP,EUR,GBP,0.847963,manual_uploaded_rates,manual
EUR_USD-2024-10-20,2024-10-20,EUR_USD,EUR,USD,1.100332,manual_uploaded_rates,manual
USD_GBP-2024-10-20,2024-10-20,USD_GBP,USD,GBP,0.787394,manual_uploaded_rates,manual
GBP_EUR-2024-10-20,2024-10-20,GBP_EUR,GBP,EUR,1.191185,manual_uploaded_rates,manual
GBP_INR-2024-10-21,2024-10-21,GBP_INR,GBP,INR,109.4423,manual_uploaded_rates,manual
USD_INR-2024-10-21,2024-10-21,USD_INR,USD,INR,84.2726,manual_uploaded_rates,manual
EUR_INR-2024-10-21,2024-10-21,EUR_INR,EUR,INR,92.7029,manual_uploaded_rates,manual
GBP_USD-2024-10-21,2024-10-21,GBP_USD,GBP,USD,1.302404,manual_uploaded_rates,manual
EUR_GBP-2024-10-21,2024-10-21,EUR_GBP,EUR,GBP,0.848077,manual_uploaded_rates,manual
EUR_USD-2024-10-21,2024-10-21,EUR_USD,EUR,USD,1.100481,manual_uploaded_rates,manual
USD_GBP-2024-10-21,2024-10-21,USD_GBP,USD,GBP,0.7875,manual_uploaded_rates,manual
GBP_EUR-2024-10-21,2024-10-21,GBP_EUR,GBP,EUR,1.191346,manual_uploaded_rates,manual
GBP_INR-2024-10-22,2024-10-22,GBP_INR,GBP,INR,109.4492,manual_uploaded_rates,manual
USD_INR-2024-10-22,2024-10-22,USD_INR,USD,INR,84.2779,manual_uploaded_rates,manual
EUR_INR-2024-10-22,2024-10-22,EUR_INR,EUR,INR,92.7088,manual_uploaded_rates,manual
GBP_USD-2024-10-22,2024-10-22,GBP_USD,GBP,USD,1.302486,manual_uploaded_rates,manual
EUR_GBP-2024-10-22,2024-10-22,EUR_GBP,EUR,GBP,0.848131,manual_uploaded_rates,manual
EUR_USD-2024-10-22,2024-10-22,EUR_USD,EUR,USD,1.10055,manual_uploaded_rates,manual
USD_GBP-2024-10-22,2024-10-22,USD_GBP,USD,GBP,0.78755,manual_uploaded_rates,manual
GBP_EUR-2024-10-22,2024-10-22,GBP_EUR,GBP,EUR,1.191422,manual_uploaded_rates,manual
GBP_INR-2024-10-23,2024-10-23,GBP_INR,GBP,INR,109.4483,manual_uploaded_rates,manual
USD_INR-2024-10-23,2024-10-23,USD_INR,USD,INR,84.2772,manual_uploaded_rates,manual
EUR_INR-2024-10-23,2024-10-23,EUR_INR,EUR,INR,92.708,manual_uploaded_rates,manual
GBP_USD-2024-10-23,2024-10-23,GBP_USD,GBP,USD,1.302476,manual_uploaded_rates,manual
EUR_GBP-2024-10-23,2024-10-23,EUR_GBP,EUR,GBP,0.848124,manual_uploaded_rates,manual
EUR_USD-2024-10-23,2024-10-23,EUR_USD,EUR,USD,1.100542,manual_uploaded_rates,manual
USD_GBP-2024-10-23,2024-10-23,USD_GBP,USD,GBP,0.787543,manual_uploaded_rates,manual
GBP_EUR-2024-10-23,2024-10-23,GBP_EUR,GBP,EUR,1.191412,manual_uploaded_rates,manual
GBP_INR-2024-10-24,2024-10-24,GBP_INR,GBP,INR,109.4398,manual_uploaded_rates,manual
USD_INR-2024-10-24,2024-10-24,USD_INR,USD,INR,84.2707,manual_uploaded_rates,manual
EUR_INR-2024-10-24,2024-10-24,EUR_INR,EUR,INR,92.7008,manual_uploaded_rates,manual
GBP_USD-2024-10-24,2024-10-24,GBP_USD,GBP,USD,1.302374,manual_uploaded_rates,manual
EUR_GBP-2024-10-24,2024-10-24,EUR_GBP,EUR,GBP,0.848057,manual_uploaded_rates,manual
EUR_USD-2024-10-24,2024-10-24,EUR_USD,EUR,USD,1.100455,manual_uploaded_rates,manual
USD_GBP-2024-10-24,2024-10-24,USD_GBP,USD,GBP,0.787482,manual_uploaded_rates,manual
GBP_EUR-2024-10-24,2024-10-24,GBP_EUR,GBP,EUR,1.191319,manual_uploaded_rates,manual
GBP_INR-2024-10-25,2024-10-25,GBP_INR,GBP,INR,109.4238,manual_uploaded_rates,manual
USD_INR-2024-10-25,2024-10-25,USD_INR,USD,INR,84.2584,manual_uploaded_rates,manual
EUR_INR-2024-10-25,2024-10-25,EUR_INR,EUR,INR,92.6872,manual_uploaded_rates,manual
GBP_USD-2024-10-25,2024-10-25,GBP_USD,GBP,USD,1.302184,manual_uploaded_rates,manual
EUR_GBP-2024-10-25,2024-10-25,EUR_GBP,EUR,GBP,0.847934,manual_uploaded_rates,manual
EUR_USD-2024-10-25,2024-10-25,EUR_USD,EUR,USD,1.100295,manual_uploaded_rates,manual
USD_GBP-2024-10-25,2024-10-25,USD_GBP,USD,GBP,0.787367,manual_uploaded_rates,manual
GBP_EUR-2024-10-25,2024-10-25,GBP_EUR,GBP,EUR,1.191145,manual_uploaded_rates,manual
GBP_INR-2024-10-26,2024-10-26,GBP_INR,GBP,INR,109.4009,manual_uploaded_rates,manual
USD_INR-2024-10-26,2024-10-26,USD_INR,USD,INR,84.2407,manual_uploaded_rates,manual
EUR_INR-2024-10-26,2024-10-26,EUR_INR,EUR,INR,92.6678,manual_uploaded_rates,manual
GBP_USD-2024-10-26,2024-10-26,GBP_USD,GBP,USD,1.301911,manual_uploaded_rates,manual
EUR_GBP-2024-10-26,2024-10-26,EUR_GBP,EUR,GBP,0.847756,manual_uploaded_rates,manual
EUR_USD-2024-10-26,2024-10-26,EUR_USD,EUR,USD,1.100065,manual_uploaded_rates,manual
USD_GBP-2024-10-26,2024-10-26,USD_GBP,USD,GBP,0.787202,manual_uploaded_rates,manual
GBP_EUR-2024-10-26,2024-10-26,GBP_EUR,GBP,EUR,1.190896,manual_uploaded_rates,manual
GBP_INR-2024-10-27,2024-10-27,GBP_INR,GBP,INR,109.3715,manual_uploaded_rates,manual
USD_INR-2024-10-27,2024-10-27,USD_INR,USD,INR,84.2181,manual_uploaded_rates,manual
EUR_INR-2024-10-27,2024-10-27,EUR_INR,EUR,INR,92.6429,manual_uploaded_rates,manual
GBP_USD-2024-10-27,2024-10-27,GBP_USD,GBP,USD,1.301561,manual_uploaded_rates,manual
EUR_GBP-2024-10-27,2024-10-27,EUR_GBP,EUR,GBP,0.847528,manual_uploaded_rates,manual
EUR_USD-2024-10-27,2024-10-27,EUR_USD,EUR,USD,1.099769,manual_uploaded_rates,manual
USD_GBP-2024-10-27,2024-10-27,USD_GBP,USD,GBP,0.786991,manual_uploaded_rates,manual
GBP_EUR-2024-10-27,2024-10-27,GBP_EUR,GBP,EUR,1.190576,manual_uploaded_rates,manual
GBP_INR-2024-10-28,2024-10-28,GBP_INR,GBP,INR,109.3363,manual_uploaded_rates,manual
USD_INR-2024-10-28,2024-10-28,USD_INR,USD,INR,84.1909,manual_uploaded_rates,manual
EUR_INR-2024-10-28,2024-10-28,EUR_INR,EUR,INR,92.6131,manual_uploaded_rates,manual
GBP_USD-2024-10-28,2024-10-28,GBP_USD,GBP,USD,1.301142,manual_uploaded_rates,manual
EUR_GBP-2024-10-28,2024-10-28,EUR_GBP,EUR,GBP,0.847255,manual_uploaded_rates,manual
EUR_USD-2024-10-28,2024-10-28,EUR_USD,EUR,USD,1.099415,manual_uploaded_rates,manual
USD_GBP-2024-10-28,2024-10-28,USD_GBP,USD,GBP,0.786737,manual_uploaded_rates,manual
GBP_EUR-2024-10-28,2024-10-28,GBP_EUR,GBP,EUR,1.190192,manual_uploaded_rates,manual
GBP_INR-2024-10-29,2024-10-29,GBP_INR,GBP,INR,109.2959,manual_uploaded_rates,manual
USD_INR-2024-10-29,2024-10-29,USD_INR,USD,INR,84.1598,manual_uploaded_rates,manual
EUR_INR-2024-10-29,2024-10-29,EUR_INR,EUR,INR,92.5789,manual_uploaded_rates,manual
GBP_USD-2024-10-29,2024-10-29,GBP_USD,GBP,USD,1.300661,manual_uploaded_rates,manual
EUR_GBP-2024-10-29,2024-10-29,EUR_GBP,EUR,GBP,0.846942,manual_uploaded_rates,manual
EUR_USD-2024-10-29,2024-10-29,EUR_USD,EUR,USD,1.099008,manual_uploaded_rates,manual
USD_GBP-2024-10-29,2024-10-29,USD_GBP,USD,GBP,0.786446,manual_uploaded_rates,manual
GBP_EUR-2024-10-29,2024-10-29,GBP_EUR,GBP,EUR,1.189752,manual_uploaded_rates,manual
GBP_INR-2024-10-30,2024-10-30,GBP_INR,GBP,INR,109.2511,manual_uploaded_rates,manual
USD_INR-2024-10-30,2024-10-30,USD_INR,USD,INR,84.1254,manual_uploaded_rates,manual
EUR_INR-2024-10-30,2024-10-30,EUR_INR,EUR,INR,92.541,manual_uploaded_rates,manual
GBP_USD-2024-10-30,2024-10-30,GBP_USD,GBP,USD,1.300129,manual_uploaded_rates,manual
EUR_GBP-2024-10-30,2024-10-30,EUR_GBP,EUR,GBP,0.846596,manual_uploaded_rates,manual
EUR_USD-2024-10-30,2024-10-30,EUR_USD,EUR,USD,1.098558,manual_uploaded_rates,manual
USD_GBP-2024-10-30,2024-10-30,USD_GBP,USD,GBP,0.786124,manual_uploaded_rates,manual
GBP_EUR-2024-10-30,2024-10-30,GBP_EUR,GBP,EUR,1.189265,manual_uploaded_rates,manual
GBP_INR-2024-10-31,2024-10-31,GBP_INR,GBP,INR,109.2029,manual_uploaded_rates,manual
USD_INR-2024-10-31,2024-10-31,USD_INR,USD,INR,84.0882,manual_uploaded_rates,manual
EUR_INR-2024-10-31,2024-10-31,EUR_INR,EUR,INR,92.5001,manual_uploaded_rates,manual
GBP_USD-2024-10-31,2024-10-31,GBP_USD,GBP,USD,1.299554,manual_uploaded_rates,manual
EUR_GBP-2024-10-31,2024-10-31,EUR_GBP,EUR,GBP,0.846222,manual_uploaded_rates,manual
EUR_USD-2024-10-31,2024-10-31,EUR_USD,EUR,USD,1.098073,manual_uploaded_rates,manual
USD_GBP-2024-10-31,2024-10-31,USD_GBP,USD,GBP,0.785777,manual_uploaded_rates,manual
GBP_EUR-2024-10-31,2024-10-31,GBP_EUR,GBP,EUR,1.18874,manual_uploaded_rates,manual
GBP_INR-2024-11-01,2024-11-01,GBP_INR,GBP,INR,109.152,manual_uploaded_rates,manual
USD_INR-2024-11-01,2024-11-01,USD_INR,USD,INR,84.049,manual_uploaded_rates,manual
EUR_INR-2024-11-01,2024-11-01,EUR_INR,EUR,INR,92.457,manual_uploaded_rates,manual
GBP_USD-2024-11-01,2024-11-01,GBP_USD,GBP,USD,1.298949,manual_uploaded_rates,manual
EUR_GBP-2024-11-01,2024-11-01,EUR_GBP,EUR,GBP,0.845827,manual_uploaded_rates,manual
EUR_USD-2024-11-01,2024-11-01,EUR_USD,EUR,USD,1.097561,manual_uploaded_rates,manual
USD_GBP-2024-11-01,2024-11-01,USD_GBP,USD,GBP,0.785411,manual_uploaded_rates,manual
GBP_EUR-2024-11-01,2024-11-01,GBP_EUR,GBP,EUR,1.188186,manual_uploaded_rates,manual
GBP_INR-2024-11-02,2024-11-02,GBP_INR,GBP,INR,109.0993,manual_uploaded_rates,manual
USD_INR-2024-11-02,2024-11-02,USD_INR,USD,INR,84.0085,manual_uploaded_rates,manual
EUR_INR-2024-11-02,2024-11-02,EUR_INR,EUR,INR,92.4124,manual_uploaded_rates,manual
GBP_USD-2024-11-02,2024-11-02,GBP_USD,GBP,USD,1.298322,manual_uploaded_rates,manual
EUR_GBP-2024-11-02,2024-11-02,EUR_GBP,EUR,GBP,0.845419,manual_uploaded_rates,manual
EUR_USD-2024-11-02,2024-11-02,EUR_USD,EUR,USD,1.097032,manual_uploaded_rates,manual
USD_GBP-2024-11-02,2024-11-02,USD_GBP,USD,GBP,0.785032,manual_uploaded_rates,manual
GBP_EUR-2024-11-02,2024-11-02,GBP_EUR,GBP,EUR,1.187612,manual_uploaded_rates,manual
GBP_INR-2024-11-03,2024-11-03,GBP_INR,GBP,INR,109.0458,manual_uploaded_rates,manual
USD_INR-2024-11-03,2024-11-03,USD_INR,USD,INR,83.9673,manual_uploaded_rates,manual
EUR_INR-2024-11-03,2024-11-03,EUR_INR,EUR,INR,92.367,manual_uploaded_rates,manual
GBP_USD-2024-11-03,2024-11-03,GBP_USD,GBP,USD,1.297686,manual_uploaded_rates,manual
EUR_GBP-2024-11-03,2024-11-03,EUR_GBP,EUR,GBP,0.845005,manual_uploaded_rates,manual
EUR_USD-2024-11-03,2024-11-03,EUR_USD,EUR,USD,1.096494,manual_uploaded_rates,manual
USD_GBP-2024-11-03,2024-11-03,USD_GBP,USD,GBP,0.784647,manual_uploaded_rates,manual
GBP_EUR-2024-11-03,2024-11-03,GBP_EUR,GBP,EUR,1.18703,manual_uploaded_rates,manual
GBP_INR-2024-11-04,2024-11-04,GBP_INR,GBP,INR,108.9924,manual_uploaded_rates,manual
USD_INR-2024-11-04,2024-11-04,USD_INR,USD,INR,83.9261,manual_uploaded_rates,manual
EUR_INR-2024-11-04,2024-11-04,EUR_INR,EUR,INR,92.3218,manual_uploaded_rates,manual
GBP_USD-2024-11-04,2024-11-04,GBP_USD,GBP,USD,1.297049,manual_uploaded_rates,manual
EUR_GBP-2024-11-04,2024-11-04,EUR_GBP,EUR,GBP,0.84459,manual_uploaded_rates,manual
EUR_USD-2024-11-04,2024-11-04,EUR_USD,EUR,USD,1.095956,manual_uploaded_rates,manual
USD_GBP-2024-11-04,2024-11-04,USD_GBP,USD,GBP,0.784262,manual_uploaded_rates,manual
GBP_EUR-2024-11-04,2024-11-04,GBP_EUR,GBP,EUR,1.186448,manual_uploaded_rates,manual
GBP_INR-2024-11-05,2024-11-05,GBP_INR,GBP,INR,108.9398,manual_uploaded_rates,manual
USD_INR-2024-11-05,2024-11-05,USD_INR,USD,INR,83.8856,manual_uploaded_rates,manual
EUR_INR-2024-11-05,2024-11-05,EUR_INR,EUR,INR,92.2772,manual_uploaded_rates,manual
GBP_USD-2024-11-05,2024-11-05,GBP_USD,GBP,USD,1.296424,manual_uploaded_rates,manual
EUR_GBP-2024-11-05,2024-11-05,EUR_GBP,EUR,GBP,0.844183,manual_uploaded_rates,manual
EUR_USD-2024-11-05,2024-11-05,EUR_USD,EUR,USD,1.095428,manual_uploaded_rates,manual
USD_GBP-2024-11-05,2024-11-05,USD_GBP,USD,GBP,0.783884,manual_uploaded_rates,manual
GBP_EUR-2024-11-05,2024-11-05,GBP_EUR,GBP,EUR,1.185876,manual_uploaded_rates,manual
GBP_INR-2024-11-06,2024-11-06,GBP_INR,GBP,INR,108.8889,manual_uploaded_rates,manual
USD_INR-2024-11-06,2024-11-06,USD_INR,USD,INR,83.8464,manual_uploaded_rates,manual
EUR_INR-2024-11-06,2024-11-06,EUR_INR,EUR,INR,92.2341,manual_uploaded_rates,manual
GBP_USD-2024-11-06,2024-11-06,GBP_USD,GBP,USD,1.295818,manual_uploaded_rates,manual
EUR_GBP-2024-11-06,2024-11-06,EUR_GBP,EUR,GBP,0.843788,manual_uploaded_rates,manual
EUR_USD-2024-11-06,2024-11-06,EUR_USD,EUR,USD,1.094916,manual_uploaded_rates,manual
USD_GBP-2024-11-06,2024-11-06,USD_GBP,USD,GBP,0.783518,manual_uploaded_rates,manual
GBP_EUR-2024-11-06,2024-11-06,GBP_EUR,GBP,EUR,1.185322,manual_uploaded_rates,manual
GBP_INR-2024-11-07,2024-11-07,GBP_INR,GBP,INR,108.8404,manual_uploaded_rates,manual
USD_INR-2024-11-07,2024-11-07,USD_INR,USD,INR,83.8091,manual_uploaded_rates,manual
EUR_INR-2024-11-07,2024-11-07,EUR_INR,EUR,INR,92.193,manual_uploaded_rates,manual
GBP_USD-2024-11-07,2024-11-07,GBP_USD,GBP,USD,1.295241,manual_uploaded_rates,manual
EUR_GBP-2024-11-07,2024-11-07,EUR_GBP,EUR,GBP,0.843413,manual_uploaded_rates,manual
EUR_USD-2024-11-07,2024-11-07,EUR_USD,EUR,USD,1.094428,manual_uploaded_rates,manual
USD_GBP-2024-11-07,2024-11-07,USD_GBP,USD,GBP,0.783169,manual_uploaded_rates,manual
GBP_EUR-2024-11-07,2024-11-07,GBP_EUR,GBP,EUR,1.184794,manual_uploaded_rates,manual
GBP_INR-2024-11-08,2024-11-08,GBP_INR,GBP,INR,108.7949,manual_uploaded_rates,manual
USD_INR-2024-11-08,2024-11-08,USD_INR,USD,INR,83.7741,manual_uploaded_rates,manual
EUR_INR-2024-11-08,2024-11-08,EUR_INR,EUR,INR,92.1545,manual_uploaded_rates,manual
GBP_USD-2024-11-08,2024-11-08,GBP_USD,GBP,USD,1.294699,manual_uploaded_rates,manual
EUR_GBP-2024-11-08,2024-11-08,EUR_GBP,EUR,GBP,0.84306,manual_uploaded_rates,manual
EUR_USD-2024-11-08,2024-11-08,EUR_USD,EUR,USD,1.093971,manual_uploaded_rates,manual
USD_GBP-2024-11-08,2024-11-08,USD_GBP,USD,GBP,0.782842,manual_uploaded_rates,manual
GBP_EUR-2024-11-08,2024-11-08,GBP_EUR,GBP,EUR,1.184299,manual_uploaded_rates,manual
GBP_INR-2024-11-09,2024-11-09,GBP_INR,GBP,INR,108.753,manual_uploaded_rates,manual
USD_INR-2024-11-09,2024-11-09,USD_INR,USD,INR,83.7418,manual_uploaded_rates,manual
EUR_INR-2024-11-09,2024-11-09,EUR_INR,EUR,INR,92.119,manual_uploaded_rates,manual
GBP_USD-2024-11-09,2024-11-09,GBP_USD,GBP,USD,1.294201,manual_uploaded_rates,manual
EUR_GBP-2024-11-09,2024-11-09,EUR_GBP,EUR,GBP,0.842735,manual_uploaded_rates,manual
EUR_USD-2024-11-09,2024-11-09,EUR_USD,EUR,USD,1.093549,manual_uploaded_rates,manual
USD_GBP-2024-11-09,2024-11-09,USD_GBP,USD,GBP,0.78254,manual_uploaded_rates,manual
GBP_EUR-2024-11-09,2024-11-09,GBP_EUR,GBP,EUR,1.183842,manual_uploaded_rates,manual
GBP_INR-2024-11-10,2024-11-10,GBP_INR,GBP,INR,108.7151,manual_uploaded_rates,manual
USD_INR-2024-11-10,2024-11-10,USD_INR,USD,INR,83.7126,manual_uploaded_rates,manual
EUR_INR-2024-11-10,2024-11-10,EUR_INR,EUR,INR,92.0869,manual_uploaded_rates,manual
GBP_USD-2024-11-10,2024-11-10,GBP_USD,GBP,USD,1.293749,manual_uploaded_rates,manual
EUR_GBP-2024-11-10,2024-11-10,EUR_GBP,EUR,GBP,0.842441,manual_uploaded_rates,manual
EUR_USD-2024-11-10,2024-11-10,EUR_USD,EUR,USD,1.093168,manual_uploaded_rates,manual
USD_GBP-2024-11-10,2024-11-10,USD_GBP,USD,GBP,0.782267,manual_uploaded_rates,manual
GBP_EUR-2024-11-10,2024-11-10,GBP_EUR,GBP,EUR,1.18343,manual_uploaded_rates,manual
GBP_INR-2024-11-11,2024-11-11,GBP_INR,GBP,INR,108.6815,manual_uploaded_rates,manual
USD_INR-2024-11-11,2024-11-11,USD_INR,USD,INR,83.6867,manual_uploaded_rates,manual
EUR_INR-2024-11-11,2024-11-11,EUR_INR,EUR,INR,92.0584,manual_uploaded_rates,manual
GBP_USD-2024-11-11,2024-11-11,GBP_USD,GBP,USD,1.293349,manual_uploaded_rates,manual
EUR_GBP-2024-11-11,2024-11-11,EUR_GBP,EUR,GBP,0.842181,manual_uploaded_rates,manual
EUR_USD-2024-11-11,2024-11-11,EUR_USD,EUR,USD,1.09283,manual_uploaded_rates,manual
USD_GBP-2024-11-11,2024-11-11,USD_GBP,USD,GBP,0.782025,manual_uploaded_rates,manual
GBP_EUR-2024-11-11,2024-11-11,GBP_EUR,GBP,EUR,1.183064,manual_uploaded_rates,manual
GBP_INR-2024-11-12,2024-11-12,GBP_INR,GBP,INR,108.6523,manual_uploaded_rates,manual
USD_INR-2024-11-12,2024-11-12,USD_INR,USD,INR,83.6643,manual_uploaded_rates,manual
EUR_INR-2024-11-12,2024-11-12,EUR_INR,EUR,INR,92.0337,manual_uploaded_rates,manual
GBP_USD-2024-11-12,2024-11-12,GBP_USD,GBP,USD,1.293003,manual_uploaded_rates,manual
EUR_GBP-2024-11-12,2024-11-12,EUR_GBP,EUR,GBP,0.841955,manual_uploaded_rates,manual
EUR_USD-2024-11-12,2024-11-12,EUR_USD,EUR,USD,1.092537,manual_uploaded_rates,manual
USD_GBP-2024-11-12,2024-11-12,USD_GBP,USD,GBP,0.781816,manual_uploaded_rates,manual
GBP_EUR-2024-11-12,2024-11-12,GBP_EUR,GBP,EUR,1.182747,manual_uploaded_rates,manual
GBP_INR-2024-11-13,2024-11-13,GBP_INR,GBP,INR,108.6278,manual_uploaded_rates,manual
USD_INR-2024-11-13,2024-11-13,USD_INR,USD,INR,83.6454,manual_uploaded_rates,manual
EUR_INR-2024-11-13,2024-11-13,EUR_INR,EUR,INR,92.0129,manual_uploaded_rates,manual
GBP_USD-2024-11-13,2024-11-13,GBP_USD,GBP,USD,1.29271,manual_uploaded_rates,manual
EUR_GBP-2024-11-13,2024-11-13,EUR_GBP,EUR,GBP,0.841765,manual_uploaded_rates,manual
EUR_USD-2024-11-13,2024-11-13,EUR_USD,EUR,USD,1.09229,manual_uploaded_rates,manual
USD_GBP-2024-11-13,2024-11-13,USD_GBP,USD,GBP,0.781639,manual_uploaded_rates,manual
GBP_EUR-2024-11-13,2024-11-13,GBP_EUR,GBP,EUR,1.182479,manual_uploaded_rates,manual
GBP_INR-2024-11-14,2024-11-14,GBP_INR,GBP,INR,108.6077,manual_uploaded_rates,manual
USD_INR-2024-11-14,2024-11-14,USD_INR,USD,INR,83.6299,manual_uploaded_rates,manual
EUR_INR-2024-11-14,2024-11-14,EUR_INR,EUR,INR,91.9959,manual_uploaded_rates,manual
GBP_USD-2024-11-14,2024-11-14,GBP_USD,GBP,USD,1.292471,manual_uploaded_rates,manual
EUR_GBP-2024-11-14,2024-11-14,EUR_GBP,EUR,GBP,0.841609,manual_uploaded_rates,manual
EUR_USD-2024-11-14,2024-11-14,EUR_USD,EUR,USD,1.092088,manual_uploaded_rates,manual
USD_GBP-2024-11-14,2024-11-14,USD_GBP,USD,GBP,0.781494,manual_uploaded_rates,manual
GBP_EUR-2024-11-14,2024-11-14,GBP_EUR,GBP,EUR,1.182261,manual_uploaded_rates,manual
GBP_INR-2024-11-15,2024-11-15,GBP_INR,GBP,INR,108.5919,manual_uploaded_rates,manual
USD_INR-2024-11-15,2024-11-15,USD_INR,USD,INR,83.6177,manual_uploaded_rates,manual
EUR_INR-2024-11-15,2024-11-15,EUR_INR,EUR,INR,91.9825,manual_uploaded_rates,manual
GBP_USD-2024-11-15,2024-11-15,GBP_USD,GBP,USD,1.292283,manual_uploaded_rates,manual
EUR_GBP-2024-11-15,2024-11-15,EUR_GBP,EUR,GBP,0.841487,manual_uploaded_rates,manual
EUR_USD-2024-11-15,2024-11-15,EUR_USD,EUR,USD,1.091929,manual_uploaded_rates,manual
USD_GBP-2024-11-15,2024-11-15,USD_GBP,USD,GBP,0.781381,manual_uploaded_rates,manual
GBP_EUR-2024-11-15,2024-11-15,GBP_EUR,GBP,EUR,1.182089,manual_uploaded_rates,manual
GBP_INR-2024-11-16,2024-11-16,GBP_INR,GBP,INR,108.58,manual_uploaded_rates,manual
USD_INR-2024-11-16,2024-11-16,USD_INR,USD,INR,83.6086,manual_uploaded_rates,manual
EUR_INR-2024-11-16,2024-11-16,EUR_INR,EUR,INR,91.9725,manual_uploaded_rates,manual
GBP_USD-2024-11-16,2024-11-16,GBP_USD,GBP,USD,1.292142,manual_uploaded_rates,manual
EUR_GBP-2024-11-16,2024-11-16,EUR_GBP,EUR,GBP,0.841395,manual_uploaded_rates,manual
EUR_USD-2024-11-16,2024-11-16,EUR_USD,EUR,USD,1.09181,manual_uploaded_rates,manual
USD_GBP-2024-11-16,2024-11-16,USD_GBP,USD,GBP,0.781295,manual_uploaded_rates,manual
GBP_EUR-2024-11-16,2024-11-16,GBP_EUR,GBP,EUR,1.18196,manual_uploaded_rates,manual
GBP_INR-2024-11-17,2024-11-17,GBP_INR,GBP,INR,108.5717,manual_uploaded_rates,manual
USD_INR-2024-11-17,2024-11-17,USD_INR,USD,INR,83.6022,manual_uploaded_rates,manual
EUR_INR-2024-11-17,2024-11-17,EUR_INR,EUR,INR,91.9654,manual_uploaded_rates,manual
GBP_USD-2024-11-17,2024-11-17,GBP_USD,GBP,USD,1.292043,manual_uploaded_rates,manual
EUR_GBP-2024-11-17,2024-11-17,EUR_GBP,EUR,GBP,0.841331,manual_uploaded_rates,manual
EUR_USD-2024-11-17,2024-11-17,EUR_USD,EUR,USD,1.091727,manual_uploaded_rates,manual
USD_GBP-2024-11-17,2024-11-17,USD_GBP,USD,GBP,0.781235,manual_uploaded_rates,manual
GBP_EUR-2024-11-17,2024-11-17,GBP_EUR,GBP,EUR,1.181869,manual_uploaded_rates,manual
GBP_INR-2024-11-18,2024-11-18,GBP_INR,GBP,INR,108.5664,manual_uploaded_rates,manual
USD_INR-2024-11-18,2024-11-18,USD_INR,USD,INR,83.5981,manual_uploaded_rates,manual
EUR_INR-2024-11-18,2024-11-18,EUR_INR,EUR,INR,91.9609,manual_uploaded_rates,manual
GBP_USD-2024-11-18,2024-11-18,GBP_USD,GBP,USD,1.29198,manual_uploaded_rates,manual
EUR_GBP-2024-11-18,2024-11-18,EUR_GBP,EUR,GBP,0.841289,manual_uploaded_rates,manual
EUR_USD-2024-11-18,2024-11-18,EUR_USD,EUR,USD,1.091673,manual_uploaded_rates,manual
USD_GBP-2024-11-18,2024-11-18,USD_GBP,USD,GBP,0.781197,manual_uploaded_rates,manual
GBP_EUR-2024-11-18,2024-11-18,GBP_EUR,GBP,EUR,1.181811,manual_uploaded_rates,manual
GBP_INR-2024-11-19,2024-11-19,GBP_INR,GBP,INR,108.5634,manual_uploaded_rates,manual
USD_INR-2024-11-19,2024-11-19,USD_INR,USD,INR,83.5958,manual_uploaded_rates,manual
EUR_INR-2024-11-19,2024-11-19,EUR_INR,EUR,INR,91.9584,manual_uploaded_rates,manual
GBP_USD-2024-11-19,2024-11-19,GBP_USD,GBP,USD,1.291945,manual_uploaded_rates,manual
EUR_GBP-2024-11-19,2024-11-19,EUR_GBP,EUR,GBP,0.841266,manual_uploaded_rates,manual
EUR_USD-2024-11-19,2024-11-19,EUR_USD,EUR,USD,1.091643,manual_uploaded_rates,manual
USD_GBP-2024-11-19,2024-11-19,USD_GBP,USD,GBP,0.781176,manual_uploaded_rates,manual
GBP_EUR-2024-11-19,2024-11-19,GBP_EUR,GBP,EUR,1.181779,manual_uploaded_rates,manual
GBP_INR-2024-11-20,2024-11-20,GBP_INR,GBP,INR,108.5621,manual_uploaded_rates,manual
USD_INR-2024-11-20,2024-11-20,USD_INR,USD,INR,83.5948,manual_uploaded_rates,manual
EUR_INR-2024-11-20,2024-11-20,EUR_INR,EUR,INR,91.9573,manual_uploaded_rates,manual
GBP_USD-2024-11-20,2024-11-20,GBP_USD,GBP,USD,1.291929,manual_uploaded_rates,manual
EUR_GBP-2024-11-20,2024-11-20,EUR_GBP,EUR,GBP,0.841256,manual_uploaded_rates,manual
EUR_USD-2024-11-20,2024-11-20,EUR_USD,EUR,USD,1.09163,manual_uploaded_rates,manual
USD_GBP-2024-11-20,2024-11-20,USD_GBP,USD,GBP,0.781166,manual_uploaded_rates,manual
GBP_EUR-2024-11-20,2024-11-20,GBP_EUR,GBP,EUR,1.181764,manual_uploaded_rates,manual
GBP_INR-2024-11-21,2024-11-21,GBP_INR,GBP,INR,108.5617,manual_uploaded_rates,manual
USD_INR-2024-11-21,2024-11-21,USD_INR,USD,INR,83.5945,manual_uploaded_rates,manual
EUR_INR-2024-11-21,2024-11-21,EUR_INR,EUR,INR,91.9569,manual_uploaded_rates,manual
GBP_USD-2024-11-21,2024-11-21,GBP_USD,GBP,USD,1.291924,manual_uploaded_rates,manual
EUR_GBP-2024-11-21,2024-11-21,EUR_GBP,EUR,GBP,0.841253,manual_uploaded_rates,manual
EUR_USD-2024-11-21,2024-11-21,EUR_USD,EUR,USD,1.091626,manual_uploaded_rates,manual
USD_GBP-2024-11-21,2024-11-21,USD_GBP,USD,GBP,0.781163,manual_uploaded_rates,manual
GBP_EUR-2024-11-21,2024-11-21,GBP_EUR,GBP,EUR,1.18176,manual_uploaded_rates,manual
GBP_INR-2024-11-22,2024-11-22,GBP_INR,GBP,INR,108.5613,manual_uploaded_rates,manual
USD_INR-2024-11-22,2024-11-22,USD_INR,USD,INR,83.5942,manual_uploaded_rates,manual
EUR_INR-2024-11-22,2024-11-22,EUR_INR,EUR,INR,91.9566,manual_uploaded_rates,manual
GBP_USD-2024-11-22,2024-11-22,GBP_USD,GBP,USD,1.291919,manual_uploaded_rates,manual
EUR_GBP-2024-11-22,2024-11-22,EUR_GBP,EUR,GBP,0.84125,manual_uploaded_rates,manual
EUR_USD-2024-11-22,2024-11-22,EUR_USD,EUR,USD,1.091622,manual_uploaded_rates,manual
USD_GBP-2024-11-22,2024-11-22,USD_GBP,USD,GBP,0.78116,manual_uploaded_rates,manual
GBP_EUR-2024-11-22,2024-11-22,GBP_EUR,GBP,EUR,1.181756,manual_uploaded_rates,manual
GBP_INR-2024-11-23,2024-11-23,GBP_INR,GBP,INR,108.5601,manual_uploaded_rates,manual
USD_INR-2024-11-23,2024-11-23,USD_INR,USD,INR,83.5933,manual_uploaded_rates,manual
EUR_INR-2024-11-23,2024-11-23,EUR_INR,EUR,INR,91.9556,manual_uploaded_rates,manual
GBP_USD-2024-11-23,2024-11-23,GBP_USD,GBP,USD,1.291905,manual_uploaded_rates,manual
EUR_GBP-2024-11-23,2024-11-23,EUR_GBP,EUR,GBP,0.841241,manual_uploaded_rates,manual
EUR_USD-2024-11-23,2024-11-23,EUR_USD,EUR,USD,1.09161,manual_uploaded_rates,manual
USD_GBP-2024-11-23,2024-11-23,USD_GBP,USD,GBP,0.781152,manual_uploaded_rates,manual
GBP_EUR-2024-11-23,2024-11-23,GBP_EUR,GBP,EUR,1.181743,manual_uploaded_rates,manual
GBP_INR-2024-11-24,2024-11-24,GBP_INR,GBP,INR,108.5573,manual_uploaded_rates,manual
USD_INR-2024-11-24,2024-11-24,USD_INR,USD,INR,83.5911,manual_uploaded_rates,manual
EUR_INR-2024-11-24,2024-11-24,EUR_INR,EUR,INR,91.9532,manual_uploaded_rates,manual
GBP_USD-2024-11-24,2024-11-24,GBP_USD,GBP,USD,1.291872,manual_uploaded_rates,manual
EUR_GBP-2024-11-24,2024-11-24,EUR_GBP,EUR,GBP,0.841219,manual_uploaded_rates,manual
EUR_USD-2024-11-24,2024-11-24,EUR_USD,EUR,USD,1.091581,manual_uploaded_rates,manual
USD_GBP-2024-11-24,2024-11-24,USD_GBP,USD,GBP,0.781132,manual_uploaded_rates,manual
GBP_EUR-2024-11-24,2024-11-24,GBP_EUR,GBP,EUR,1.181712,manual_uploaded_rates,manual
GBP_INR-2024-11-25,2024-11-25,GBP_INR,GBP,INR,108.552,manual_uploaded_rates,manual
USD_INR-2024-11-25,2024-11-25,USD_INR,USD,INR,83.587,manual_uploaded_rates,manual
EUR_INR-2024-11-25,2024-11-25,EUR_INR,EUR,INR,91.9487,manual_uploaded_rates,manual
GBP_USD-2024-11-25,2024-11-25,GBP_USD,GBP,USD,1.291808,manual_uploaded_rates,manual
EUR_GBP-2024-11-25,2024-11-25,EUR_GBP,EUR,GBP,0.841178,manual_uploaded_rates,manual
EUR_USD-2024-11-25,2024-11-25,EUR_USD,EUR,USD,1.091528,manual_uploaded_rates,manual
USD_GBP-2024-11-25,2024-11-25,USD_GBP,USD,GBP,0.781093,manual_uploaded_rates,manual
GBP_EUR-2024-11-25,2024-11-25,GBP_EUR,GBP,EUR,1.181654,manual_uploaded_rates,manual
GBP_INR-2024-11-26,2024-11-26,GBP_INR,GBP,INR,108.5433,manual_uploaded_rates,manual
USD_INR-2024-11-26,2024-11-26,USD_INR,USD,INR,83.5804,manual_uploaded_rates,manual
EUR_INR-2024-11-26,2024-11-26,EUR_INR,EUR,INR,91.9414,manual_uploaded_rates,manual
GBP_USD-2024-11-26,2024-11-26,GBP_USD,GBP,USD,1.291705,manual_uploaded_rates,manual
EUR_GBP-2024-11-26,2024-11-26,EUR_GBP,EUR,GBP,0.841111,manual_uploaded_rates,manual
EUR_USD-2024-11-26,2024-11-26,EUR_USD,EUR,USD,1.091441,manual_uploaded_rates,manual
USD_GBP-2024-11-26,2024-11-26,USD_GBP,USD,GBP,0.781031,manual_uploaded_rates,manual
GBP_EUR-2024-11-26,2024-11-26,GBP_EUR,GBP,EUR,1.18156,manual_uploaded_rates,manual
GBP_INR-2024-11-27,2024-11-27,GBP_INR,GBP,INR,108.5306,manual_uploaded_rates,manual
USD_INR-2024-11-27,2024-11-27,USD_INR,USD,INR,83.5705,manual_uploaded_rates,manual
EUR_INR-2024-11-27,2024-11-27,EUR_INR,EUR,INR,91.9306,manual_uploaded_rates,manual
GBP_USD-2024-11-27,2024-11-27,GBP_USD,GBP,USD,1.291554,manual_uploaded_rates,manual
EUR_GBP-2024-11-27,2024-11-27,EUR_GBP,EUR,GBP,0.841012,manual_uploaded_rates,manual
EUR_USD-2024-11-27,2024-11-27,EUR_USD,EUR,USD,1.091313,manual_uploaded_rates,manual
USD_GBP-2024-11-27,2024-11-27,USD_GBP,USD,GBP,0.78094,manual_uploaded_rates,manual
GBP_EUR-2024-11-27,2024-11-27,GBP_EUR,GBP,EUR,1.181421,manual_uploaded_rates,manual
GBP_INR-2024-11-28,2024-11-28,GBP_INR,GBP,INR,108.513,manual_uploaded_rates,manual
USD_INR-2024-11-28,2024-11-28,USD_INR,USD,INR,83.557,manual_uploaded_rates,manual
EUR_INR-2024-11-28,2024-11-28,EUR_INR,EUR,INR,91.9157,manual_uploaded_rates,manual
GBP_USD-2024-11-28,2024-11-28,GBP_USD,GBP,USD,1.291345,manual_uploaded_rates,manual
EUR_GBP-2024-11-28,2024-11-28,EUR_GBP,EUR,GBP,0.840876,manual_uploaded_rates,manual
EUR_USD-2024-11-28,2024-11-28,EUR_USD,EUR,USD,1.091137,manual_uploaded_rates,manual
USD_GBP-2024-11-28,2024-11-28,USD_GBP,USD,GBP,0.780813,manual_uploaded_rates,manual
GBP_EUR-2024-11-28,2024-11-28,GBP_EUR,GBP,EUR,1.18123,manual_uploaded_rates,manual
GBP_INR-2024-11-29,2024-11-29,GBP_INR,GBP,INR,108.4901,manual_uploaded_rates,manual
USD_INR-2024-11-29,2024-11-29,USD_INR,USD,INR,83.5394,manual_uploaded_rates,manual
EUR_INR-2024-11-29,2024-11-29,EUR_INR,EUR,INR,91.8963,manual_uploaded_rates,manual
GBP_USD-2024-11-29,2024-11-29,GBP_USD,GBP,USD,1.291072,manual_uploaded_rates,manual
EUR_GBP-2024-11-29,2024-11-29,EUR_GBP,EUR,GBP,0.840698,manual_uploaded_rates,manual
EUR_USD-2024-11-29,2024-11-29,EUR_USD,EUR,USD,1.090906,manual_uploaded_rates,manual
USD_GBP-2024-11-29,2024-11-29,USD_GBP,USD,GBP,0.780648,manual_uploaded_rates,manual
GBP_EUR-2024-11-29,2024-11-29,GBP_EUR,GBP,EUR,1.18098,manual_uploaded_rates,manual
GBP_INR-2024-11-30,2024-11-30,GBP_INR,GBP,INR,108.4611,manual_uploaded_rates,manual
USD_INR-2024-11-30,2024-11-30,USD_INR,USD,INR,83.5171,manual_uploaded_rates,manual
EUR_INR-2024-11-30,2024-11-30,EUR_INR,EUR,INR,91.8718,manual_uploaded_rates,manual
GBP_USD-2024-11-30,2024-11-30,GBP_USD,GBP,USD,1.290727,manual_uploaded_rates,manual
EUR_GBP-2024-11-30,2024-11-30,EUR_GBP,EUR,GBP,0.840474,manual_uploaded_rates,manual
EUR_USD-2024-11-30,2024-11-30,EUR_USD,EUR,USD,1.090615,manual_uploaded_rates,manual
USD_GBP-2024-11-30,2024-11-30,USD_GBP,USD,GBP,0.78044,manual_uploaded_rates,manual
GBP_EUR-2024-11-30,2024-11-30,GBP_EUR,GBP,EUR,1.180665,manual_uploaded_rates,manual
GBP_INR-2024-12-01,2024-12-01,GBP_INR,GBP,INR,108.4258,manual_uploaded_rates,manual
USD_INR-2024-12-01,2024-12-01,USD_INR,USD,INR,83.4898,manual_uploaded_rates,manual
EUR_INR-2024-12-01,2024-12-01,EUR_INR,EUR,INR,91.8418,manual_uploaded_rates,manual
GBP_USD-2024-12-01,2024-12-01,GBP_USD,GBP,USD,1.290307,manual_uploaded_rates,manual
EUR_GBP-2024-12-01,2024-12-01,EUR_GBP,EUR,GBP,0.8402,manual_uploaded_rates,manual
EUR_USD-2024-12-01,2024-12-01,EUR_USD,EUR,USD,1.090259,manual_uploaded_rates,manual
USD_GBP-2024-12-01,2024-12-01,USD_GBP,USD,GBP,0.780185,manual_uploaded_rates,manual
GBP_EUR-2024-12-01,2024-12-01,GBP_EUR,GBP,EUR,1.180281,manual_uploaded_rates,manual
GBP_INR-2024-12-02,2024-12-02,GBP_INR,GBP,INR,108.3837,manual_uploaded_rates,manual
USD_INR-2024-12-02,2024-12-02,USD_INR,USD,INR,83.4575,manual_uploaded_rates,manual
EUR_INR-2024-12-02,2024-12-02,EUR_INR,EUR,INR,91.8062,manual_uploaded_rates,manual
GBP_USD-2024-12-02,2024-12-02,GBP_USD,GBP,USD,1.289806,manual_uploaded_rates,manual
EUR_GBP-2024-12-02,2024-12-02,EUR_GBP,EUR,GBP,0.839874,manual_uploaded_rates,manual
EUR_USD-2024-12-02,2024-12-02,EUR_USD,EUR,USD,1.089836,manual_uploaded_rates,manual
USD_GBP-2024-12-02,2024-12-02,USD_GBP,USD,GBP,0.779883,manual_uploaded_rates,manual
GBP_EUR-2024-12-02,2024-12-02,GBP_EUR,GBP,EUR,1.179823,manual_uploaded_rates,manual
GBP_INR-2024-12-03,2024-12-03,GBP_INR,GBP,INR,108.3348,manual_uploaded_rates,manual
USD_INR-2024-12-03,2024-12-03,USD_INR,USD,INR,83.4198,manual_uploaded_rates,manual
EUR_INR-2024-12-03,2024-12-03,EUR_INR,EUR,INR,91.7647,manual_uploaded_rates,manual
GBP_USD-2024-12-03,2024-12-03,GBP_USD,GBP,USD,1.289224,manual_uploaded_rates,manual
EUR_GBP-2024-12-03,2024-12-03,EUR_GBP,EUR,GBP,0.839495,manual_uploaded_rates,manual
EUR_USD-2024-12-03,2024-12-03,EUR_USD,EUR,USD,1.089344,manual_uploaded_rates,manual
USD_GBP-2024-12-03,2024-12-03,USD_GBP,USD,GBP,0.779531,manual_uploaded_rates,manual
GBP_EUR-2024-12-03,2024-12-03,GBP_EUR,GBP,EUR,1.17929,manual_uploaded_rates,manual
GBP_INR-2024-12-04,2024-12-04,GBP_INR,GBP,INR,108.2789,manual_uploaded_rates,manual
USD_INR-2024-12-04,2024-12-04,USD_INR,USD,INR,83.3767,manual_uploaded_rates,manual
EUR_INR-2024-12-04,2024-12-04,EUR_INR,EUR,INR,91.7174,manual_uploaded_rates,manual
GBP_USD-2024-12-04,2024-12-04,GBP_USD,GBP,USD,1.288559,manual_uploaded_rates,manual
EUR_GBP-2024-12-04,2024-12-04,EUR_GBP,EUR,GBP,0.839061,manual_uploaded_rates,manual
EUR_USD-2024-12-04,2024-12-04,EUR_USD,EUR,USD,1.088782,manual_uploaded_rates,manual
USD_GBP-2024-12-04,2024-12-04,USD_GBP,USD,GBP,0.779128,manual_uploaded_rates,manual
GBP_EUR-2024-12-04,2024-12-04,GBP_EUR,GBP,EUR,1.178681,manual_uploaded_rates,manual
GBP_INR-2024-12-05,2024-12-05,GBP_INR,GBP,INR,108.2161,manual_uploaded_rates,manual
USD_INR-2024-12-05,2024-12-05,USD_INR,USD,INR,83.3284,manual_uploaded_rates,manual
EUR_INR-2024-12-05,2024-12-05,EUR_INR,EUR,INR,91.6642,manual_uploaded_rates,manual
GBP_USD-2024-12-05,2024-12-05,GBP_USD,GBP,USD,1.287812,manual_uploaded_rates,manual
EUR_GBP-2024-12-05,2024-12-05,EUR_GBP,EUR,GBP,0.838575,manual_uploaded_rates,manual
EUR_USD-2024-12-05,2024-12-05,EUR_USD,EUR,USD,1.088151,manual_uploaded_rates,manual
USD_GBP-2024-12-05,2024-12-05,USD_GBP,USD,GBP,0.778677,manual_uploaded_rates,manual
GBP_EUR-2024-12-05,2024-12-05,GBP_EUR,GBP,EUR,1.177998,manual_uploaded_rates,manual
GBP_INR-2024-12-06,2024-12-06,GBP_INR,GBP,INR,108.1467,manual_uploaded_rates,manual
USD_INR-2024-12-06,2024-12-06,USD_INR,USD,INR,83.2749,manual_uploaded_rates,manual
EUR_INR-2024-12-06,2024-12-06,EUR_INR,EUR,INR,91.6054,manual_uploaded_rates,manual
GBP_USD-2024-12-06,2024-12-06,GBP_USD,GBP,USD,1.286985,manual_uploaded_rates,manual
EUR_GBP-2024-12-06,2024-12-06,EUR_GBP,EUR,GBP,0.838037,manual_uploaded_rates,manual
EUR_USD-2024-12-06,2024-12-06,EUR_USD,EUR,USD,1.087453,manual_uploaded_rates,manual
USD_GBP-2024-12-06,2024-12-06,USD_GBP,USD,GBP,0.778177,manual_uploaded_rates,manual
GBP_EUR-2024-12-06,2024-12-06,GBP_EUR,GBP,EUR,1.177242,manual_uploaded_rates,manual
GBP_INR-2024-12-07,2024-12-07,GBP_INR,GBP,INR,108.0709,manual_uploaded_rates,manual
USD_INR-2024-12-07,2024-12-07,USD_INR,USD,INR,83.2166,manual_uploaded_rates,manual
EUR_INR-2024-12-07,2024-12-07,EUR_INR,EUR,INR,91.5413,manual_uploaded_rates,manual
GBP_USD-2024-12-07,2024-12-07,GBP_USD,GBP,USD,1.286084,manual_uploaded_rates,manual
EUR_GBP-2024-12-07,2024-12-07,EUR_GBP,EUR,GBP,0.83745,manual_uploaded_rates,manual
EUR_USD-2024-12-07,2024-12-07,EUR_USD,EUR,USD,1.086691,manual_uploaded_rates,manual
USD_GBP-2024-12-07,2024-12-07,USD_GBP,USD,GBP,0.777632,manual_uploaded_rates,manual
GBP_EUR-2024-12-07,2024-12-07,GBP_EUR,GBP,EUR,1.176418,manual_uploaded_rates,manual
GBP_INR-2024-12-08,2024-12-08,GBP_INR,GBP,INR,107.9894,manual_uploaded_rates,manual
USD_INR-2024-12-08,2024-12-08,USD_INR,USD,INR,83.1538,manual_uploaded_rates,manual
EUR_INR-2024-12-08,2024-12-08,EUR_INR,EUR,INR,91.4722,manual_uploaded_rates,manual
GBP_USD-2024-12-08,2024-12-08,GBP_USD,GBP,USD,1.285113,manual_uploaded_rates,manual
EUR_GBP-2024-12-08,2024-12-08,EUR_GBP,EUR,GBP,0.836818,manual_uploaded_rates,manual
EUR_USD-2024-12-08,2024-12-08,EUR_USD,EUR,USD,1.085871,manual_uploaded_rates,manual
USD_GBP-2024-12-08,2024-12-08,USD_GBP,USD,GBP,0.777045,manual_uploaded_rates,manual
GBP_EUR-2024-12-08,2024-12-08,GBP_EUR,GBP,EUR,1.17553,manual_uploaded_rates,manual
GBP_INR-2024-12-09,2024-12-09,GBP_INR,GBP,INR,107.9026,manual_uploaded_rates,manual
USD_INR-2024-12-09,2024-12-09,USD_INR,USD,INR,83.087,manual_uploaded_rates,manual
EUR_INR-2024-12-09,2024-12-09,EUR_INR,EUR,INR,91.3987,manual_uploaded_rates,manual
GBP_USD-2024-12-09,2024-12-09,GBP_USD,GBP,USD,1.28408,manual_uploaded_rates,manual
EUR_GBP-2024-12-09,2024-12-09,EUR_GBP,EUR,GBP,0.836145,manual_uploaded_rates,manual
EUR_USD-2024-12-09,2024-12-09,EUR_USD,EUR,USD,1.084998,manual_uploaded_rates,manual
USD_GBP-2024-12-09,2024-12-09,USD_GBP,USD,GBP,0.776421,manual_uploaded_rates,manual
GBP_EUR-2024-12-09,2024-12-09,GBP_EUR,GBP,EUR,1.174585,manual_uploaded_rates,manual
GBP_INR-2024-12-10,2024-12-10,GBP_INR,GBP,INR,107.8112,manual_uploaded_rates,manual
USD_INR-2024-12-10,2024-12-10,USD_INR,USD,INR,83.0166,manual_uploaded_rates,manual
EUR_INR-2024-12-10,2024-12-10,EUR_INR,EUR,INR,91.3213,manual_uploaded_rates,manual
GBP_USD-2024-12-10,2024-12-10,GBP_USD,GBP,USD,1.282993,manual_uploaded_rates,manual
EUR_GBP-2024-12-10,2024-12-10,EUR_GBP,EUR,GBP,0.835438,manual_uploaded_rates,manual
EUR_USD-2024-12-10,2024-12-10,EUR_USD,EUR,USD,1.08408,manual_uploaded_rates,manual
USD_GBP-2024-12-10,2024-12-10,USD_GBP,USD,GBP,0.775763,manual_uploaded_rates,manual
GBP_EUR-2024-12-10,2024-12-10,GBP_EUR,GBP,EUR,1.173591,manual_uploaded_rates,manual
GBP_INR-2024-12-11,2024-12-11,GBP_INR,GBP,INR,107.7161,manual_uploaded_rates,manual
USD_INR-2024-12-11,2024-12-11,USD_INR,USD,INR,82.9434,manual_uploaded_rates,manual
EUR_INR-2024-12-11,2024-12-11,EUR_INR,EUR,INR,91.2407,manual_uploaded_rates,manual
GBP_USD-2024-12-11,2024-12-11,GBP_USD,GBP,USD,1.281862,manual_uploaded_rates,manual
EUR_GBP-2024-12-11,2024-12-11,EUR_GBP,EUR,GBP,0.834701,manual_uploaded_rates,manual
EUR_USD-2024-12-11,2024-12-11,EUR_USD,EUR,USD,1.083123,manual_uploaded_rates,manual
USD_GBP-2024-12-11,2024-12-11,USD_GBP,USD,GBP,0.775079,manual_uploaded_rates,manual
GBP_EUR-2024-12-11,2024-12-11,GBP_EUR,GBP,EUR,1.172556,manual_uploaded_rates,manual
GBP_INR-2024-12-12,2024-12-12,GBP_INR,GBP,INR,107.6182,manual_uploaded_rates,manual
USD_INR-2024-12-12,2024-12-12,USD_INR,USD,INR,82.868,manual_uploaded_rates,manual
EUR_INR-2024-12-12,2024-12-12,EUR_INR,EUR,INR,91.1578,manual_uploaded_rates,manual
GBP_USD-2024-12-12,2024-12-12,GBP_USD,GBP,USD,1.280696,manual_uploaded_rates,manual
EUR_GBP-2024-12-12,2024-12-12,EUR_GBP,EUR,GBP,0.833942,manual_uploaded_rates,manual
EUR_USD-2024-12-12,2024-12-12,EUR_USD,EUR,USD,1.082138,manual_uploaded_rates,manual
USD_GBP-2024-12-12,2024-12-12,USD_GBP,USD,GBP,0.774374,manual_uploaded_rates,manual
GBP_EUR-2024-12-12,2024-12-12,GBP_EUR,GBP,EUR,1.171489,manual_uploaded_rates,manual
GBP_INR-2024-12-13,2024-12-13,GBP_INR,GBP,INR,107.5183,manual_uploaded_rates,manual
USD_INR-2024-12-13,2024-12-13,USD_INR,USD,INR,82.7911,manual_uploaded_rates,manual
EUR_INR-2024-12-13,2024-12-13,EUR_INR,EUR,INR,91.0732,manual_uploaded_rates,manual
GBP_USD-2024-12-13,2024-12-13,GBP_USD,GBP,USD,1.279507,manual_uploaded_rates,manual
EUR_GBP-2024-12-13,2024-12-13,EUR_GBP,EUR,GBP,0.833168,manual_uploaded_rates,manual
EUR_USD-2024-12-13,2024-12-13,EUR_USD,EUR,USD,1.081134,manual_uploaded_rates,manual
USD_GBP-2024-12-13,2024-12-13,USD_GBP,USD,GBP,0.773656,manual_uploaded_rates,manual
GBP_EUR-2024-12-13,2024-12-13,GBP_EUR,GBP,EUR,1.170402,manual_uploaded_rates,manual
GBP_INR-2024-12-14,2024-12-14,GBP_INR,GBP,INR,107.4175,manual_uploaded_rates,manual
USD_INR-2024-12-14,2024-12-14,USD_INR,USD,INR,82.7135,manual_uploaded_rates,manual
EUR_INR-2024-12-14,2024-12-14,EUR_INR,EUR,INR,90.9878,manual_uploaded_rates,manual
GBP_USD-2024-12-14,2024-12-14,GBP_USD,GBP,USD,1.278308,manual_uploaded_rates,manual
EUR_GBP-2024-12-14,2024-12-14,EUR_GBP,EUR,GBP,0.832387,manual_uploaded_rates,manual
EUR_USD-2024-12-14,2024-12-14,EUR_USD,EUR,USD,1.080121,manual_uploaded_rates,manual
USD_GBP-2024-12-14,2024-12-14,USD_GBP,USD,GBP,0.77293,manual_uploaded_rates,manual
GBP_EUR-2024-12-14,2024-12-14,GBP_EUR,GBP,EUR,1.169305,manual_uploaded_rates,manual
GBP_INR-2024-12-15,2024-12-15,GBP_INR,GBP,INR,107.3168,manual_uploaded_rates,manual
USD_INR-2024-12-15,2024-12-15,USD_INR,USD,INR,82.6359,manual_uploaded_rates,manual
EUR_INR-2024-12-15,2024-12-15,EUR_INR,EUR,INR,90.9025,manual_uploaded_rates,manual
GBP_USD-2024-12-15,2024-12-15,GBP_USD,GBP,USD,1.27711,manual_uploaded_rates,manual
EUR_GBP-2024-12-15,2024-12-15,EUR_GBP,EUR,GBP,0.831606,manual_uploaded_rates,manual
EUR_USD-2024-12-15,2024-12-15,EUR_USD,EUR,USD,1.079108,manual_uploaded_rates,manual
USD_GBP-2024-12-15,2024-12-15,USD_GBP,USD,GBP,0.772206,manual_uploaded_rates,manual
GBP_EUR-2024-12-15,2024-12-15,GBP_EUR,GBP,EUR,1.168209,manual_uploaded_rates,manual
GBP_INR-2024-12-16,2024-12-16,GBP_INR,GBP,INR,107.2172,manual_uploaded_rates,manual
USD_INR-2024-12-16,2024-12-16,USD_INR,USD,INR,82.5593,manual_uploaded_rates,manual
EUR_INR-2024-12-16,2024-12-16,EUR_INR,EUR,INR,90.8181,manual_uploaded_rates,manual
GBP_USD-2024-12-16,2024-12-16,GBP_USD,GBP,USD,1.275925,manual_uploaded_rates,manual
EUR_GBP-2024-12-16,2024-12-16,EUR_GBP,EUR,GBP,0.830835,manual_uploaded_rates,manual
EUR_USD-2024-12-16,2024-12-16,EUR_USD,EUR,USD,1.078107,manual_uploaded_rates,manual
USD_GBP-2024-12-16,2024-12-16,USD_GBP,USD,GBP,0.771489,manual_uploaded_rates,manual
GBP_EUR-2024-12-16,2024-12-16,GBP_EUR,GBP,EUR,1.167125,manual_uploaded_rates,manual
GBP_INR-2024-12-17,2024-12-17,GBP_INR,GBP,INR,107.1199,manual_uploaded_rates,manual
USD_INR-2024-12-17,2024-12-17,USD_INR,USD,INR,82.4843,manual_uploaded_rates,manual
EUR_INR-2024-12-17,2024-12-17,EUR_INR,EUR,INR,90.7357,manual_uploaded_rates,manual
GBP_USD-2024-12-17,2024-12-17,GBP_USD,GBP,USD,1.274766,manual_uploaded_rates,manual
EUR_GBP-2024-12-17,2024-12-17,EUR_GBP,EUR,GBP,0.83008,manual_uploaded_rates,manual
EUR_USD-2024-12-17,2024-12-17,EUR_USD,EUR,USD,1.077128,manual_uploaded_rates,manual
USD_GBP-2024-12-17,2024-12-17,USD_GBP,USD,GBP,0.770789,manual_uploaded_rates,manual
GBP_EUR-2024-12-17,2024-12-17,GBP_EUR,GBP,EUR,1.166065,manual_uploaded_rates,manual
GBP_INR-2024-12-18,2024-12-18,GBP_INR,GBP,INR,107.0256,manual_uploaded_rates,manual
USD_INR-2024-12-18,2024-12-18,USD_INR,USD,INR,82.4117,manual_uploaded_rates,manual
EUR_INR-2024-12-18,2024-12-18,EUR_INR,EUR,INR,90.6558,manual_uploaded_rates,manual
GBP_USD-2024-12-18,2024-12-18,GBP_USD,GBP,USD,1.273645,manual_uploaded_rates,manual
EUR_GBP-2024-12-18,2024-12-18,EUR_GBP,EUR,GBP,0.82935,manual_uploaded_rates,manual
EUR_USD-2024-12-18,2024-12-18,EUR_USD,EUR,USD,1.07618,manual_uploaded_rates,manual
USD_GBP-2024-12-18,2024-12-18,USD_GBP,USD,GBP,0.770111,manual_uploaded_rates,manual
GBP_EUR-2024-12-18,2024-12-18,GBP_EUR,GBP,EUR,1.165039,manual_uploaded_rates,manual
GBP_INR-2024-12-19,2024-12-19,GBP_INR,GBP,INR,106.9355,manual_uploaded_rates,manual
USD_INR-2024-12-19,2024-12-19,USD_INR,USD,INR,82.3423,manual_uploaded_rates,manual
EUR_INR-2024-12-19,2024-12-19,EUR_INR,EUR,INR,90.5795,manual_uploaded_rates,manual
GBP_USD-2024-12-19,2024-12-19,GBP_USD,GBP,USD,1.272572,manual_uploaded_rates,manual
EUR_GBP-2024-12-19,2024-12-19,EUR_GBP,EUR,GBP,0.828652,manual_uploaded_rates,manual
EUR_USD-2024-12-19,2024-12-19,EUR_USD,EUR,USD,1.075274,manual_uploaded_rates,manual
USD_GBP-2024-12-19,2024-12-19,USD_GBP,USD,GBP,0.769462,manual_uploaded_rates,manual
GBP_EUR-2024-12-19,2024-12-19,GBP_EUR,GBP,EUR,1.164058,manual_uploaded_rates,manual
GBP_INR-2024-12-20,2024-12-20,GBP_INR,GBP,INR,106.8505,manual_uploaded_rates,manual
USD_INR-2024-12-20,2024-12-20,USD_INR,USD,INR,82.2768,manual_uploaded_rates,manual
EUR_INR-2024-12-20,2024-12-20,EUR_INR,EUR,INR,90.5075,manual_uploaded_rates,manual
GBP_USD-2024-12-20,2024-12-20,GBP_USD,GBP,USD,1.27156,manual_uploaded_rates,manual
EUR_GBP-2024-12-20,2024-12-20,EUR_GBP,EUR,GBP,0.827992,manual_uploaded_rates,manual
EUR_USD-2024-12-20,2024-12-20,EUR_USD,EUR,USD,1.074419,manual_uploaded_rates,manual
USD_GBP-2024-12-20,2024-12-20,USD_GBP,USD,GBP,0.76885,manual_uploaded_rates,manual
GBP_EUR-2024-12-20,2024-12-20,GBP_EUR,GBP,EUR,1.163132,manual_uploaded_rates,manual
GBP_INR-2024-12-21,2024-12-21,GBP_INR,GBP,INR,106.7712,manual_uploaded_rates,manual
USD_INR-2024-12-21,2024-12-21,USD_INR,USD,INR,82.2158,manual_uploaded_rates,manual
EUR_INR-2024-12-21,2024-12-21,EUR_INR,EUR,INR,90.4403,manual_uploaded_rates,manual
GBP_USD-2024-12-21,2024-12-21,GBP_USD,GBP,USD,1.270617,manual_uploaded_rates,manual
EUR_GBP-2024-12-21,2024-12-21,EUR_GBP,EUR,GBP,0.827378,manual_uploaded_rates,manual
EUR_USD-2024-12-21,2024-12-21,EUR_USD,EUR,USD,1.073622,manual_uploaded_rates,manual
USD_GBP-2024-12-21,2024-12-21,USD_GBP,USD,GBP,0.76828,manual_uploaded_rates,manual
GBP_EUR-2024-12-21,2024-12-21,GBP_EUR,GBP,EUR,1.16227,manual_uploaded_rates,manual
GBP_INR-2024-12-22,2024-12-22,GBP_INR,GBP,INR,106.6985,manual_uploaded_rates,manual
USD_INR-2024-12-22,2024-12-22,USD_INR,USD,INR,82.1598,manual_uploaded_rates,manual
EUR_INR-2024-12-22,2024-12-22,EUR_INR,EUR,INR,90.3788,manual_uploaded_rates,manual
GBP_USD-2024-12-22,2024-12-22,GBP_USD,GBP,USD,1.269752,manual_uploaded_rates,manual
EUR_GBP-2024-12-22,2024-12-22,EUR_GBP,EUR,GBP,0.826815,manual_uploaded_rates,manual
EUR_USD-2024-12-22,2024-12-22,EUR_USD,EUR,USD,1.072891,manual_uploaded_rates,manual
USD_GBP-2024-12-22,2024-12-22,USD_GBP,USD,GBP,0.767757,manual_uploaded_rates,manual
GBP_EUR-2024-12-22,2024-12-22,GBP_EUR,GBP,EUR,1.161478,manual_uploaded_rates,manual
GBP_INR-2024-12-23,2024-12-23,GBP_INR,GBP,INR,106.633,manual_uploaded_rates,manual
USD_INR-2024-12-23,2024-12-23,USD_INR,USD,INR,82.1094,manual_uploaded_rates,manual
EUR_INR-2024-12-23,2024-12-23,EUR_INR,EUR,INR,90.3233,manual_uploaded_rates,manual
GBP_USD-2024-12-23,2024-12-23,GBP_USD,GBP,USD,1.268972,manual_uploaded_rates,manual
EUR_GBP-2024-12-23,2024-12-23,EUR_GBP,EUR,GBP,0.826307,manual_uploaded_rates,manual
EUR_USD-2024-12-23,2024-12-23,EUR_USD,EUR,USD,1.072232,manual_uploaded_rates,manual
USD_GBP-2024-12-23,2024-12-23,USD_GBP,USD,GBP,0.767285,manual_uploaded_rates,manual
GBP_EUR-2024-12-23,2024-12-23,GBP_EUR,GBP,EUR,1.160765,manual_uploaded_rates,manual
GBP_INR-2024-12-24,2024-12-24,GBP_INR,GBP,INR,106.5751,manual_uploaded_rates,manual
USD_INR-2024-12-24,2024-12-24,USD_INR,USD,INR,82.0648,manual_uploaded_rates,manual
EUR_INR-2024-12-24,2024-12-24,EUR_INR,EUR,INR,90.2742,manual_uploaded_rates,manual
GBP_USD-2024-12-24,2024-12-24,GBP_USD,GBP,USD,1.268283,manual_uploaded_rates,manual
EUR_GBP-2024-12-24,2024-12-24,EUR_GBP,EUR,GBP,0.825859,manual_uploaded_rates,manual
EUR_USD-2024-12-24,2024-12-24,EUR_USD,EUR,USD,1.07165,manual_uploaded_rates,manual
USD_GBP-2024-12-24,2024-12-24,USD_GBP,USD,GBP,0.766869,manual_uploaded_rates,manual
GBP_EUR-2024-12-24,2024-12-24,GBP_EUR,GBP,EUR,1.160135,manual_uploaded_rates,manual
GBP_INR-2024-12-25,2024-12-25,GBP_INR,GBP,INR,106.5253,manual_uploaded_rates,manual
USD_INR-2024-12-25,2024-12-25,USD_INR,USD,INR,82.0264,manual_uploaded_rates,manual
EUR_INR-2024-12-25,2024-12-25,EUR_INR,EUR,INR,90.232,manual_uploaded_rates,manual
GBP_USD-2024-12-25,2024-12-25,GBP_USD,GBP,USD,1.26769,manual_uploaded_rates,manual
EUR_GBP-2024-12-25,2024-12-25,EUR_GBP,EUR,GBP,0.825473,manual_uploaded_rates,manual
EUR_USD-2024-12-25,2024-12-25,EUR_USD,EUR,USD,1.071149,manual_uploaded_rates,manual
USD_GBP-2024-12-25,2024-12-25,USD_GBP,USD,GBP,0.76651,manual_uploaded_rates,manual
GBP_EUR-2024-12-25,2024-12-25,GBP_EUR,GBP,EUR,1.159592,manual_uploaded_rates,manual
GBP_INR-2024-12-26,2024-12-26,GBP_INR,GBP,INR,106.4837,manual_uploaded_rates,manual
USD_INR-2024-12-26,2024-12-26,USD_INR,USD,INR,81.9944,manual_uploaded_rates,manual
EUR_INR-2024-12-26,2024-12-26,EUR_INR,EUR,INR,90.1968,manual_uploaded_rates,manual
GBP_USD-2024-12-26,2024-12-26,GBP_USD,GBP,USD,1.267195,manual_uploaded_rates,manual
EUR_GBP-2024-12-26,2024-12-26,EUR_GBP,EUR,GBP,0.82515,manual_uploaded_rates,manual
EUR_USD-2024-12-26,2024-12-26,EUR_USD,EUR,USD,1.070731,manual_uploaded_rates,manual
USD_GBP-2024-12-26,2024-12-26,USD_GBP,USD,GBP,0.766211,manual_uploaded_rates,manual
GBP_EUR-2024-12-26,2024-12-26,GBP_EUR,GBP,EUR,1.15914,manual_uploaded_rates,manual
GBP_INR-2024-12-27,2024-12-27,GBP_INR,GBP,INR,106.4505,manual_uploaded_rates,manual
USD_INR-2024-12-27,2024-12-27,USD_INR,USD,INR,81.9688,manual_uploaded_rates,manual
EUR_INR-2024-12-27,2024-12-27,EUR_INR,EUR,INR,90.1686,manual_uploaded_rates,manual
GBP_USD-2024-12-27,2024-12-27,GBP_USD,GBP,USD,1.2668,manual_uploaded_rates,manual
EUR_GBP-2024-12-27,2024-12-27,EUR_GBP,EUR,GBP,0.824893,manual_uploaded_rates,manual
EUR_USD-2024-12-27,2024-12-27,EUR_USD,EUR,USD,1.070397,manual_uploaded_rates,manual
USD_GBP-2024-12-27,2024-12-27,USD_GBP,USD,GBP,0.765972,manual_uploaded_rates,manual
GBP_EUR-2024-12-27,2024-12-27,GBP_EUR,GBP,EUR,1.158778,manual_uploaded_rates,manual
GBP_INR-2024-12-28,2024-12-28,GBP_INR,GBP,INR,106.4256,manual_uploaded_rates,manual
USD_INR-2024-12-28,2024-12-28,USD_INR,USD,INR,81.9496,manual_uploaded_rates,manual
EUR_INR-2024-12-28,2024-12-28,EUR_INR,EUR,INR,90.1475,manual_uploaded_rates,manual
GBP_USD-2024-12-28,2024-12-28,GBP_USD,GBP,USD,1.266503,manual_uploaded_rates,manual
EUR_GBP-2024-12-28,2024-12-28,EUR_GBP,EUR,GBP,0.8247,manual_uploaded_rates,manual
EUR_USD-2024-12-28,2024-12-28,EUR_USD,EUR,USD,1.070146,manual_uploaded_rates,manual
USD_GBP-2024-12-28,2024-12-28,USD_GBP,USD,GBP,0.765793,manual_uploaded_rates,manual
GBP_EUR-2024-12-28,2024-12-28,GBP_EUR,GBP,EUR,1.158507,manual_uploaded_rates,manual
GBP_INR-2024-12-29,2024-12-29,GBP_INR,GBP,INR,106.4088,manual_uploaded_rates,manual
USD_INR-2024-12-29,2024-12-29,USD_INR,USD,INR,81.9367,manual_uploaded_rates,manual
EUR_INR-2024-12-29,2024-12-29,EUR_INR,EUR,INR,90.1333,manual_uploaded_rates,manual
GBP_USD-2024-12-29,2024-12-29,GBP_USD,GBP,USD,1.266304,manual_uploaded_rates,manual
EUR_GBP-2024-12-29,2024-12-29,EUR_GBP,EUR,GBP,0.82457,manual_uploaded_rates,manual
EUR_USD-2024-12-29,2024-12-29,EUR_USD,EUR,USD,1.069978,manual_uploaded_rates,manual
USD_GBP-2024-12-29,2024-12-29,USD_GBP,USD,GBP,0.765672,manual_uploaded_rates,manual
GBP_EUR-2024-12-29,2024-12-29,GBP_EUR,GBP,EUR,1.158324,manual_uploaded_rates,manual
GBP_INR-2024-12-30,2024-12-30,GBP_INR,GBP,INR,106.3999,manual_uploaded_rates,manual
USD_INR-2024-12-30,2024-12-30,USD_INR,USD,INR,81.9299,manual_uploaded_rates,manual
EUR_INR-2024-12-30,2024-12-30,EUR_INR,EUR,INR,90.1258,manual_uploaded_rates,manual
GBP_USD-2024-12-30,2024-12-30,GBP_USD,GBP,USD,1.266198,manual_uploaded_rates,manual
EUR_GBP-2024-12-30,2024-12-30,EUR_GBP,EUR,GBP,0.824501,manual_uploaded_rates,manual
EUR_USD-2024-12-30,2024-12-30,EUR_USD,EUR,USD,1.069888,manual_uploaded_rates,manual
USD_GBP-2024-12-30,2024-12-30,USD_GBP,USD,GBP,0.765608,manual_uploaded_rates,manual
GBP_EUR-2024-12-30,2024-12-30,GBP_EUR,GBP,EUR,1.158227,manual_uploaded_rates,manual
GBP_INR-2024-12-31,2024-12-31,GBP_INR,GBP,INR,106.3984,manual_uploaded_rates,manual
USD_INR-2024-12-31,2024-12-31,USD_INR,USD,INR,81.9287,manual_uploaded_rates,manual
EUR_INR-2024-12-31,2024-12-31,EUR_INR,EUR,INR,90.1245,manual_uploaded_rates,manual
GBP_USD-2024-12-31,2024-12-31,GBP_USD,GBP,USD,1.26618,manual_uploaded_rates,manual
EUR_GBP-2024-12-31,2024-12-31,EUR_GBP,EUR,GBP,0.824489,manual_uploaded_rates,manual
EUR_USD-2024-12-31,2024-12-31,EUR_USD,EUR,USD,1.069873,manual_uploaded_rates,manual
USD_GBP-2024-12-31,2024-12-31,USD_GBP,USD,GBP,0.765597,manual_uploaded_rates,manual
GBP_EUR-2024-12-31,2024-12-31,GBP_EUR,GBP,EUR,1.158211,manual_uploaded_rates,manual
GBP_INR-2025-01-01,2025-01-01,GBP_INR,GBP,INR,106.4037,manual_uploaded_rates,manual
USD_INR-2025-01-01,2025-01-01,USD_INR,USD,INR,81.9328,manual_uploaded_rates,manual
EUR_INR-2025-01-01,2025-01-01,EUR_INR,EUR,INR,90.1291,manual_uploaded_rates,manual
GBP_USD-2025-01-01,2025-01-01,GBP_USD,GBP,USD,1.266244,manual_uploaded_rates,manual
EUR_GBP-2025-01-01,2025-01-01,EUR_GBP,EUR,GBP,0.824531,manual_uploaded_rates,manual
EUR_USD-2025-01-01,2025-01-01,EUR_USD,EUR,USD,1.069927,manual_uploaded_rates,manual
USD_GBP-2025-01-01,2025-01-01,USD_GBP,USD,GBP,0.765636,manual_uploaded_rates,manual
GBP_EUR-2025-01-01,2025-01-01,GBP_EUR,GBP,EUR,1.158269,manual_uploaded_rates,manual
GBP_INR-2025-01-02,2025-01-02,GBP_INR,GBP,INR,106.4153,manual_uploaded_rates,manual
USD_INR-2025-01-02,2025-01-02,USD_INR,USD,INR,81.9418,manual_uploaded_rates,manual
EUR_INR-2025-01-02,2025-01-02,EUR_INR,EUR,INR,90.1389,manual_uploaded_rates,manual
GBP_USD-2025-01-02,2025-01-02,GBP_USD,GBP,USD,1.266382,manual_uploaded_rates,manual
EUR_GBP-2025-01-02,2025-01-02,EUR_GBP,EUR,GBP,0.824621,manual_uploaded_rates,manual
EUR_USD-2025-01-02,2025-01-02,EUR_USD,EUR,USD,1.070043,manual_uploaded_rates,manual
USD_GBP-2025-01-02,2025-01-02,USD_GBP,USD,GBP,0.765719,manual_uploaded_rates,manual
GBP_EUR-2025-01-02,2025-01-02,GBP_EUR,GBP,EUR,1.158396,manual_uploaded_rates,manual
GBP_INR-2025-01-03,2025-01-03,GBP_INR,GBP,INR,106.4324,manual_uploaded_rates,manual
USD_INR-2025-01-03,2025-01-03,USD_INR,USD,INR,81.9549,manual_uploaded_rates,manual
EUR_INR-2025-01-03,2025-01-03,EUR_INR,EUR,INR,90.1534,manual_uploaded_rates,manual
GBP_USD-2025-01-03,2025-01-03,GBP_USD,GBP,USD,1.266585,manual_uploaded_rates,manual
EUR_GBP-2025-01-03,2025-01-03,EUR_GBP,EUR,GBP,0.824753,manual_uploaded_rates,manual
EUR_USD-2025-01-03,2025-01-03,EUR_USD,EUR,USD,1.070215,manual_uploaded_rates,manual
USD_GBP-2025-01-03,2025-01-03,USD_GBP,USD,GBP,0.765842,manual_uploaded_rates,manual
GBP_EUR-2025-01-03,2025-01-03,GBP_EUR,GBP,EUR,1.158582,manual_uploaded_rates,manual
GBP_INR-2025-01-04,2025-01-04,GBP_INR,GBP,INR,106.4542,manual_uploaded_rates,manual
USD_INR-2025-01-04,2025-01-04,USD_INR,USD,INR,81.9717,manual_uploaded_rates,manual
EUR_INR-2025-01-04,2025-01-04,EUR_INR,EUR,INR,90.1718,manual_uploaded_rates,manual
GBP_USD-2025-01-04,2025-01-04,GBP_USD,GBP,USD,1.266844,manual_uploaded_rates,manual
EUR_GBP-2025-01-04,2025-01-04,EUR_GBP,EUR,GBP,0.824922,manual_uploaded_rates,manual
EUR_USD-2025-01-04,2025-01-04,EUR_USD,EUR,USD,1.070434,manual_uploaded_rates,manual
USD_GBP-2025-01-04,2025-01-04,USD_GBP,USD,GBP,0.765999,manual_uploaded_rates,manual
GBP_EUR-2025-01-04,2025-01-04,GBP_EUR,GBP,EUR,1.158819,manual_uploaded_rates,manual
GBP_INR-2025-01-05,2025-01-05,GBP_INR,GBP,INR,106.4798,manual_uploaded_rates,manual
USD_INR-2025-01-05,2025-01-05,USD_INR,USD,INR,81.9914,manual_uploaded_rates,manual
EUR_INR-2025-01-05,2025-01-05,EUR_INR,EUR,INR,90.1935,manual_uploaded_rates,manual
GBP_USD-2025-01-05,2025-01-05,GBP_USD,GBP,USD,1.267149,manual_uploaded_rates,manual
EUR_GBP-2025-01-05,2025-01-05,EUR_GBP,EUR,GBP,0.825121,manual_uploaded_rates,manual
EUR_USD-2025-01-05,2025-01-05,EUR_USD,EUR,USD,1.070692,manual_uploaded_rates,manual
USD_GBP-2025-01-05,2025-01-05,USD_GBP,USD,GBP,0.766183,manual_uploaded_rates,manual
GBP_EUR-2025-01-05,2025-01-05,GBP_EUR,GBP,EUR,1.159098,manual_uploaded_rates,manual
GBP_INR-2025-01-06,2025-01-06,GBP_INR,GBP,INR,106.5084,manual_uploaded_rates,manual
USD_INR-2025-01-06,2025-01-06,USD_INR,USD,INR,82.0134,manual_uploaded_rates,manual
EUR_INR-2025-01-06,2025-01-06,EUR_INR,EUR,INR,90.2177,manual_uploaded_rates,manual
GBP_USD-2025-01-06,2025-01-06,GBP_USD,GBP,USD,1.267489,manual_uploaded_rates,manual
EUR_GBP-2025-01-06,2025-01-06,EUR_GBP,EUR,GBP,0.825342,manual_uploaded_rates,manual
EUR_USD-2025-01-06,2025-01-06,EUR_USD,EUR,USD,1.070979,manual_uploaded_rates,manual
USD_GBP-2025-01-06,2025-01-06,USD_GBP,USD,GBP,0.766389,manual_uploaded_rates,manual
GBP_EUR-2025-01-06,2025-01-06,GBP_EUR,GBP,EUR,1.159409,manual_uploaded_rates,manual
GBP_INR-2025-01-07,2025-01-07,GBP_INR,GBP,INR,106.539,manual_uploaded_rates,manual
USD_INR-2025-01-07,2025-01-07,USD_INR,USD,INR,82.037,manual_uploaded_rates,manual
EUR_INR-2025-01-07,2025-01-07,EUR_INR,EUR,INR,90.2436,manual_uploaded_rates,manual
GBP_USD-2025-01-07,2025-01-07,GBP_USD,GBP,USD,1.267853,manual_uploaded_rates,manual
EUR_GBP-2025-01-07,2025-01-07,EUR_GBP,EUR,GBP,0.825579,manual_uploaded_rates,manual
EUR_USD-2025-01-07,2025-01-07,EUR_USD,EUR,USD,1.071287,manual_uploaded_rates,manual
USD_GBP-2025-01-07,2025-01-07,USD_GBP,USD,GBP,0.766609,manual_uploaded_rates,manual
GBP_EUR-2025-01-07,2025-01-07,GBP_EUR,GBP,EUR,1.159742,manual_uploaded_rates,manual
GBP_INR-2025-01-08,2025-01-08,GBP_INR,GBP,INR,106.5707,manual_uploaded_rates,manual
USD_INR-2025-01-08,2025-01-08,USD_INR,USD,INR,82.0614,manual_uploaded_rates,manual
EUR_INR-2025-01-08,2025-01-08,EUR_INR,EUR,INR,90.2705,manual_uploaded_rates,manual
GBP_USD-2025-01-08,2025-01-08,GBP_USD,GBP,USD,1.26823,manual_uploaded_rates,manual
EUR_GBP-2025-01-08,2025-01-08,EUR_GBP,EUR,GBP,0.825824,manual_uploaded_rates,manual
EUR_USD-2025-01-08,2025-01-08,EUR_USD,EUR,USD,1.071605,manual_uploaded_rates,manual
USD_GBP-2025-01-08,2025-01-08,USD_GBP,USD,GBP,0.766837,manual_uploaded_rates,manual
GBP_EUR-2025-01-08,2025-01-08,GBP_EUR,GBP,EUR,1.160087,manual_uploaded_rates,manual
GBP_INR-2025-01-09,2025-01-09,GBP_INR,GBP,INR,106.6025,manual_uploaded_rates,manual
USD_INR-2025-01-09,2025-01-09,USD_INR,USD,INR,82.0859,manual_uploaded_rates,manual
EUR_INR-2025-01-09,2025-01-09,EUR_INR,EUR,INR,90.2975,manual_uploaded_rates,manual
GBP_USD-2025-01-09,2025-01-09,GBP_USD,GBP,USD,1.26861,manual_uploaded_rates,manual
EUR_GBP-2025-01-09,2025-01-09,EUR_GBP,EUR,GBP,0.826071,manual_uploaded_rates,manual
EUR_USD-2025-01-09,2025-01-09,EUR_USD,EUR,USD,1.071926,manual_uploaded_rates,manual
USD_GBP-2025-01-09,2025-01-09,USD_GBP,USD,GBP,0.767066,manual_uploaded_rates,manual
GBP_EUR-2025-01-09,2025-01-09,GBP_EUR,GBP,EUR,1.160434,manual_uploaded_rates,manual
GBP_INR-2025-01-10,2025-01-10,GBP_INR,GBP,INR,106.6337,manual_uploaded_rates,manual
USD_INR-2025-01-10,2025-01-10,USD_INR,USD,INR,82.1099,manual_uploaded_rates,manual
EUR_INR-2025-01-10,2025-01-10,EUR_INR,EUR,INR,90.3239,manual_uploaded_rates,manual
GBP_USD-2025-01-10,2025-01-10,GBP_USD,GBP,USD,1.268981,manual_uploaded_rates,manual
EUR_GBP-2025-01-10,2025-01-10,EUR_GBP,EUR,GBP,0.826313,manual_uploaded_rates,manual
EUR_USD-2025-01-10,2025-01-10,EUR_USD,EUR,USD,1.07224,manual_uploaded_rates,manual
USD_GBP-2025-01-10,2025-01-10,USD_GBP,USD,GBP,0.767291,manual_uploaded_rates,manual
GBP_EUR-2025-01-10,2025-01-10,GBP_EUR,GBP,EUR,1.160773,manual_uploaded_rates,manual
GBP_INR-2025-01-11,2025-01-11,GBP_INR,GBP,INR,106.6635,manual_uploaded_rates,manual
USD_INR-2025-01-11,2025-01-11,USD_INR,USD,INR,82.1328,manual_uploaded_rates,manual
EUR_INR-2025-01-11,2025-01-11,EUR_INR,EUR,INR,90.3491,manual_uploaded_rates,manual
GBP_USD-2025-01-11,2025-01-11,GBP_USD,GBP,USD,1.269334,manual_uploaded_rates,manual
EUR_GBP-2025-01-11,2025-01-11,EUR_GBP,EUR,GBP,0.826543,manual_uploaded_rates,manual
EUR_USD-2025-01-11,2025-01-11,EUR_USD,EUR,USD,1.072538,manual_uploaded_rates,manual
USD_GBP-2025-01-11,2025-01-11,USD_GBP,USD,GBP,0.767505,manual_uploaded_rates,manual
GBP_EUR-2025-01-11,2025-01-11,GBP_EUR,GBP,EUR,1.161097,manual_uploaded_rates,manual
GBP_INR-2025-01-12,2025-01-12,GBP_INR,GBP,INR,106.6909,manual_uploaded_rates,manual
USD_INR-2025-01-12,2025-01-12,USD_INR,USD,INR,82.154,manual_uploaded_rates,manual
EUR_INR-2025-01-12,2025-01-12,EUR_INR,EUR,INR,90.3724,manual_uploaded_rates,manual
GBP_USD-2025-01-12,2025-01-12,GBP_USD,GBP,USD,1.269662,manual_uploaded_rates,manual
EUR_GBP-2025-01-12,2025-01-12,EUR_GBP,EUR,GBP,0.826756,manual_uploaded_rates,manual
EUR_USD-2025-01-12,2025-01-12,EUR_USD,EUR,USD,1.072815,manual_uploaded_rates,manual
USD_GBP-2025-01-12,2025-01-12,USD_GBP,USD,GBP,0.767702,manual_uploaded_rates,manual
GBP_EUR-2025-01-12,2025-01-12,GBP_EUR,GBP,EUR,1.161396,manual_uploaded_rates,manual
GBP_INR-2025-01-13,2025-01-13,GBP_INR,GBP,INR,106.7156,manual_uploaded_rates,manual
USD_INR-2025-01-13,2025-01-13,USD_INR,USD,INR,82.1729,manual_uploaded_rates,manual
EUR_INR-2025-01-13,2025-01-13,EUR_INR,EUR,INR,90.3932,manual_uploaded_rates,manual
GBP_USD-2025-01-13,2025-01-13,GBP_USD,GBP,USD,1.269954,manual_uploaded_rates,manual
EUR_GBP-2025-01-13,2025-01-13,EUR_GBP,EUR,GBP,0.826947,manual_uploaded_rates,manual
EUR_USD-2025-01-13,2025-01-13,EUR_USD,EUR,USD,1.073062,manual_uploaded_rates,manual
USD_GBP-2025-01-13,2025-01-13,USD_GBP,USD,GBP,0.767879,manual_uploaded_rates,manual
GBP_EUR-2025-01-13,2025-01-13,GBP_EUR,GBP,EUR,1.161664,manual_uploaded_rates,manual
GBP_INR-2025-01-14,2025-01-14,GBP_INR,GBP,INR,106.7367,manual_uploaded_rates,manual
USD_INR-2025-01-14,2025-01-14,USD_INR,USD,INR,82.1892,manual_uploaded_rates,manual
EUR_INR-2025-01-14,2025-01-14,EUR_INR,EUR,INR,90.4111,manual_uploaded_rates,manual
GBP_USD-2025-01-14,2025-01-14,GBP_USD,GBP,USD,1.270206,manual_uploaded_rates,manual
EUR_GBP-2025-01-14,2025-01-14,EUR_GBP,EUR,GBP,0.827111,manual_uploaded_rates,manual
EUR_USD-2025-01-14,2025-01-14,EUR_USD,EUR,USD,1.073275,manual_uploaded_rates,manual
USD_GBP-2025-01-14,2025-01-14,USD_GBP,USD,GBP,0.768032,manual_uploaded_rates,manual
GBP_EUR-2025-01-14,2025-01-14,GBP_EUR,GBP,EUR,1.161894,manual_uploaded_rates,manual
GBP_INR-2025-01-15,2025-01-15,GBP_INR,GBP,INR,106.754,manual_uploaded_rates,manual
USD_INR-2025-01-15,2025-01-15,USD_INR,USD,INR,82.2025,manual_uploaded_rates,manual
EUR_INR-2025-01-15,2025-01-15,EUR_INR,EUR,INR,90.4257,manual_uploaded_rates,manual
GBP_USD-2025-01-15,2025-01-15,GBP_USD,GBP,USD,1.270412,manual_uploaded_rates,manual
EUR_GBP-2025-01-15,2025-01-15,EUR_GBP,EUR,GBP,0.827245,manual_uploaded_rates,manual
EUR_USD-2025-01-15,2025-01-15,EUR_USD,EUR,USD,1.073449,manual_uploaded_rates,manual
USD_GBP-2025-01-15,2025-01-15,USD_GBP,USD,GBP,0.768156,manual_uploaded_rates,manual
GBP_EUR-2025-01-15,2025-01-15,GBP_EUR,GBP,EUR,1.162082,manual_uploaded_rates,manual
GBP_INR-2025-01-16,2025-01-16,GBP_INR,GBP,INR,106.767,manual_uploaded_rates,manual
USD_INR-2025-01-16,2025-01-16,USD_INR,USD,INR,82.2126,manual_uploaded_rates,manual
EUR_INR-2025-01-16,2025-01-16,EUR_INR,EUR,INR,90.4368,manual_uploaded_rates,manual
GBP_USD-2025-01-16,2025-01-16,GBP_USD,GBP,USD,1.270567,manual_uploaded_rates,manual
EUR_GBP-2025-01-16,2025-01-16,EUR_GBP,EUR,GBP,0.827346,manual_uploaded_rates,manual
EUR_USD-2025-01-16,2025-01-16,EUR_USD,EUR,USD,1.07358,manual_uploaded_rates,manual
USD_GBP-2025-01-16,2025-01-16,USD_GBP,USD,GBP,0.76825,manual_uploaded_rates,manual
GBP_EUR-2025-01-16,2025-01-16,GBP_EUR,GBP,EUR,1.162224,manual_uploaded_rates,manual
GBP_INR-2025-01-17,2025-01-17,GBP_INR,GBP,INR,106.7756,manual_uploaded_rates,manual
USD_INR-2025-01-17,2025-01-17,USD_INR,USD,INR,82.2192,manual_uploaded_rates,manual
EUR_INR-2025-01-17,2025-01-17,EUR_INR,EUR,INR,90.444,manual_uploaded_rates,manual
GBP_USD-2025-01-17,2025-01-17,GBP_USD,GBP,USD,1.270669,manual_uploaded_rates,manual
EUR_GBP-2025-01-17,2025-01-17,EUR_GBP,EUR,GBP,0.827412,manual_uploaded_rates,manual
EUR_USD-2025-01-17,2025-01-17,EUR_USD,EUR,USD,1.073666,manual_uploaded_rates,manual
USD_GBP-2025-01-17,2025-01-17,USD_GBP,USD,GBP,0.768311,manual_uploaded_rates,manual
GBP_EUR-2025-01-17,2025-01-17,GBP_EUR,GBP,EUR,1.162317,manual_uploaded_rates,manual
GBP_INR-2025-01-18,2025-01-18,GBP_INR,GBP,INR,106.7796,manual_uploaded_rates,manual
USD_INR-2025-01-18,2025-01-18,USD_INR,USD,INR,82.2223,manual_uploaded_rates,manual
EUR_INR-2025-01-18,2025-01-18,EUR_INR,EUR,INR,90.4474,manual_uploaded_rates,manual
GBP_USD-2025-01-18,2025-01-18,GBP_USD,GBP,USD,1.270717,manual_uploaded_rates,manual
EUR_GBP-2025-01-18,2025-01-18,EUR_GBP,EUR,GBP,0.827443,manual_uploaded_rates,manual
EUR_USD-2025-01-18,2025-01-18,EUR_USD,EUR,USD,1.073706,manual_uploaded_rates,manual
USD_GBP-2025-01-18,2025-01-18,USD_GBP,USD,GBP,0.76834,manual_uploaded_rates,manual
GBP_EUR-2025-01-18,2025-01-18,GBP_EUR,GBP,EUR,1.162361,manual_uploaded_rates,manual
GBP_INR-2025-01-19,2025-01-19,GBP_INR,GBP,INR,106.7792,manual_uploaded_rates,manual
USD_INR-2025-01-19,2025-01-19,USD_INR,USD,INR,82.2219,manual_uploaded_rates,manual
EUR_INR-2025-01-19,2025-01-19,EUR_INR,EUR,INR,90.4471,manual_uploaded_rates,manual
GBP_USD-2025-01-19,2025-01-19,GBP_USD,GBP,USD,1.270711,manual_uploaded_rates,manual
EUR_GBP-2025-01-19,2025-01-19,EUR_GBP,EUR,GBP,0.82744,manual_uploaded_rates,manual
EUR_USD-2025-01-19,2025-01-19,EUR_USD,EUR,USD,1.073702,manual_uploaded_rates,manual
USD_GBP-2025-01-19,2025-01-19,USD_GBP,USD,GBP,0.768337,manual_uploaded_rates,manual
GBP_EUR-2025-01-19,2025-01-19,GBP_EUR,GBP,EUR,1.162356,manual_uploaded_rates,manual
GBP_INR-2025-01-20,2025-01-20,GBP_INR,GBP,INR,106.7744,manual_uploaded_rates,manual
USD_INR-2025-01-20,2025-01-20,USD_INR,USD,INR,82.2182,manual_uploaded_rates,manual
EUR_INR-2025-01-20,2025-01-20,EUR_INR,EUR,INR,90.443,manual_uploaded_rates,manual
GBP_USD-2025-01-20,2025-01-20,GBP_USD,GBP,USD,1.270654,manual_uploaded_rates,manual
EUR_GBP-2025-01-20,2025-01-20,EUR_GBP,EUR,GBP,0.827403,manual_uploaded_rates,manual
EUR_USD-2025-01-20,2025-01-20,EUR_USD,EUR,USD,1.073654,manual_uploaded_rates,manual
USD_GBP-2025-01-20,2025-01-20,USD_GBP,USD,GBP,0.768303,manual_uploaded_rates,manual
GBP_EUR-2025-01-20,2025-01-20,GBP_EUR,GBP,EUR,1.162304,manual_uploaded_rates,manual
GBP_INR-2025-01-21,2025-01-21,GBP_INR,GBP,INR,106.7656,manual_uploaded_rates,manual
USD_INR-2025-01-21,2025-01-21,USD_INR,USD,INR,82.2115,manual_uploaded_rates,manual
EUR_INR-2025-01-21,2025-01-21,EUR_INR,EUR,INR,90.4356,manual_uploaded_rates,manual
GBP_USD-2025-01-21,2025-01-21,GBP_USD,GBP,USD,1.27055,manual_uploaded_rates,manual
EUR_GBP-2025-01-21,2025-01-21,EUR_GBP,EUR,GBP,0.827335,manual_uploaded_rates,manual
EUR_USD-2025-01-21,2025-01-21,EUR_USD,EUR,USD,1.073565,manual_uploaded_rates,manual
USD_GBP-2025-01-21,2025-01-21,USD_GBP,USD,GBP,0.768239,manual_uploaded_rates,manual
GBP_EUR-2025-01-21,2025-01-21,GBP_EUR,GBP,EUR,1.162208,manual_uploaded_rates,manual
GBP_INR-2025-01-22,2025-01-22,GBP_INR,GBP,INR,106.7531,manual_uploaded_rates,manual
USD_INR-2025-01-22,2025-01-22,USD_INR,USD,INR,82.2019,manual_uploaded_rates,manual
EUR_INR-2025-01-22,2025-01-22,EUR_INR,EUR,INR,90.425,manual_uploaded_rates,manual
GBP_USD-2025-01-22,2025-01-22,GBP_USD,GBP,USD,1.270402,manual_uploaded_rates,manual
EUR_GBP-2025-01-22,2025-01-22,EUR_GBP,EUR,GBP,0.827238,manual_uploaded_rates,manual
EUR_USD-2025-01-22,2025-01-22,EUR_USD,EUR,USD,1.07344,manual_uploaded_rates,manual
USD_GBP-2025-01-22,2025-01-22,USD_GBP,USD,GBP,0.76815,manual_uploaded_rates,manual
GBP_EUR-2025-01-22,2025-01-22,GBP_EUR,GBP,EUR,1.162073,manual_uploaded_rates,manual
GBP_INR-2025-01-23,2025-01-23,GBP_INR,GBP,INR,106.7376,manual_uploaded_rates,manual
USD_INR-2025-01-23,2025-01-23,USD_INR,USD,INR,82.1899,manual_uploaded_rates,manual
EUR_INR-2025-01-23,2025-01-23,EUR_INR,EUR,INR,90.4118,manual_uploaded_rates,manual
GBP_USD-2025-01-23,2025-01-23,GBP_USD,GBP,USD,1.270216,manual_uploaded_rates,manual
EUR_GBP-2025-01-23,2025-01-23,EUR_GBP,EUR,GBP,0.827118,manual_uploaded_rates,manual
EUR_USD-2025-01-23,2025-01-23,EUR_USD,EUR,USD,1.073284,manual_uploaded_rates,manual
USD_GBP-2025-01-23,2025-01-23,USD_GBP,USD,GBP,0.768038,manual_uploaded_rates,manual
GBP_EUR-2025-01-23,2025-01-23,GBP_EUR,GBP,EUR,1.161903,manual_uploaded_rates,manual
GBP_INR-2025-01-24,2025-01-24,GBP_INR,GBP,INR,106.7195,manual_uploaded_rates,manual
USD_INR-2025-01-24,2025-01-24,USD_INR,USD,INR,82.176,manual_uploaded_rates,manual
EUR_INR-2025-01-24,2025-01-24,EUR_INR,EUR,INR,90.3965,manual_uploaded_rates,manual
GBP_USD-2025-01-24,2025-01-24,GBP_USD,GBP,USD,1.270001,manual_uploaded_rates,manual
EUR_GBP-2025-01-24,2025-01-24,EUR_GBP,EUR,GBP,0.826978,manual_uploaded_rates,manual
EUR_USD-2025-01-24,2025-01-24,EUR_USD,EUR,USD,1.073102,manual_uploaded_rates,manual
USD_GBP-2025-01-24,2025-01-24,USD_GBP,USD,GBP,0.767908,manual_uploaded_rates,manual
GBP_EUR-2025-01-24,2025-01-24,GBP_EUR,GBP,EUR,1.161707,manual_uploaded_rates,manual
GBP_INR-2025-01-25,2025-01-25,GBP_INR,GBP,INR,106.6996,manual_uploaded_rates,manual
USD_INR-2025-01-25,2025-01-25,USD_INR,USD,INR,82.1607,manual_uploaded_rates,manual
EUR_INR-2025-01-25,2025-01-25,EUR_INR,EUR,INR,90.3797,manual_uploaded_rates,manual
GBP_USD-2025-01-25,2025-01-25,GBP_USD,GBP,USD,1.269765,manual_uploaded_rates,manual
EUR_GBP-2025-01-25,2025-01-25,EUR_GBP,EUR,GBP,0.826823,manual_uploaded_rates,manual
EUR_USD-2025-01-25,2025-01-25,EUR_USD,EUR,USD,1.072902,manual_uploaded_rates,manual
USD_GBP-2025-01-25,2025-01-25,USD_GBP,USD,GBP,0.767765,manual_uploaded_rates,manual
GBP_EUR-2025-01-25,2025-01-25,GBP_EUR,GBP,EUR,1.16149,manual_uploaded_rates,manual
GBP_INR-2025-01-26,2025-01-26,GBP_INR,GBP,INR,106.6786,manual_uploaded_rates,manual
USD_INR-2025-01-26,2025-01-26,USD_INR,USD,INR,82.1445,manual_uploaded_rates,manual
EUR_INR-2025-01-26,2025-01-26,EUR_INR,EUR,INR,90.3619,manual_uploaded_rates,manual
GBP_USD-2025-01-26,2025-01-26,GBP_USD,GBP,USD,1.269515,manual_uploaded_rates,manual
EUR_GBP-2025-01-26,2025-01-26,EUR_GBP,EUR,GBP,0.826661,manual_uploaded_rates,manual
EUR_USD-2025-01-26,2025-01-26,EUR_USD,EUR,USD,1.072691,manual_uploaded_rates,manual
USD_GBP-2025-01-26,2025-01-26,USD_GBP,USD,GBP,0.767614,manual_uploaded_rates,manual
GBP_EUR-2025-01-26,2025-01-26,GBP_EUR,GBP,EUR,1.161262,manual_uploaded_rates,manual
GBP_INR-2025-01-27,2025-01-27,GBP_INR,GBP,INR,106.6574,manual_uploaded_rates,manual
USD_INR-2025-01-27,2025-01-27,USD_INR,USD,INR,82.1282,manual_uploaded_rates,manual
EUR_INR-2025-01-27,2025-01-27,EUR_INR,EUR,INR,90.3439,manual_uploaded_rates,manual
GBP_USD-2025-01-27,2025-01-27,GBP_USD,GBP,USD,1.269262,manual_uploaded_rates,manual
EUR_GBP-2025-01-27,2025-01-27,EUR_GBP,EUR,GBP,0.826496,manual_uploaded_rates,manual
EUR_USD-2025-01-27,2025-01-27,EUR_USD,EUR,USD,1.072477,manual_uploaded_rates,manual
USD_GBP-2025-01-27,2025-01-27,USD_GBP,USD,GBP,0.767461,manual_uploaded_rates,manual
GBP_EUR-2025-01-27,2025-01-27,GBP_EUR,GBP,EUR,1.161031,manual_uploaded_rates,manual
GBP_INR-2025-01-28,2025-01-28,GBP_INR,GBP,INR,106.6367,manual_uploaded_rates,manual
USD_INR-2025-01-28,2025-01-28,USD_INR,USD,INR,82.1122,manual_uploaded_rates,manual
EUR_INR-2025-01-28,2025-01-28,EUR_INR,EUR,INR,90.3264,manual_uploaded_rates,manual
GBP_USD-2025-01-28,2025-01-28,GBP_USD,GBP,USD,1.269016,manual_uploaded_rates,manual
EUR_GBP-2025-01-28,2025-01-28,EUR_GBP,EUR,GBP,0.826336,manual_uploaded_rates,manual
EUR_USD-2025-01-28,2025-01-28,EUR_USD,EUR,USD,1.072269,manual_uploaded_rates,manual
USD_GBP-2025-01-28,2025-01-28,USD_GBP,USD,GBP,0.767312,manual_uploaded_rates,manual
GBP_EUR-2025-01-28,2025-01-28,GBP_EUR,GBP,EUR,1.160805,manual_uploaded_rates,manual
GBP_INR-2025-01-29,2025-01-29,GBP_INR,GBP,INR,106.6174,manual_uploaded_rates,manual
USD_INR-2025-01-29,2025-01-29,USD_INR,USD,INR,82.0974,manual_uploaded_rates,manual
EUR_INR-2025-01-29,2025-01-29,EUR_INR,EUR,INR,90.3101,manual_uploaded_rates,manual
GBP_USD-2025-01-29,2025-01-29,GBP_USD,GBP,USD,1.268787,manual_uploaded_rates,manual
EUR_GBP-2025-01-29,2025-01-29,EUR_GBP,EUR,GBP,0.826187,manual_uploaded_rates,manual
EUR_USD-2025-01-29,2025-01-29,EUR_USD,EUR,USD,1.072076,manual_uploaded_rates,manual
USD_GBP-2025-01-29,2025-01-29,USD_GBP,USD,GBP,0.767173,manual_uploaded_rates,manual
GBP_EUR-2025-01-29,2025-01-29,GBP_EUR,GBP,EUR,1.160596,manual_uploaded_rates,manual
GBP_INR-2025-01-30,2025-01-30,GBP_INR,GBP,INR,106.6004,manual_uploaded_rates,manual
USD_INR-2025-01-30,2025-01-30,USD_INR,USD,INR,82.0843,manual_uploaded_rates,manual
EUR_INR-2025-01-30,2025-01-30,EUR_INR,EUR,INR,90.2957,manual_uploaded_rates,manual
GBP_USD-2025-01-30,2025-01-30,GBP_USD,GBP,USD,1.268584,manual_uploaded_rates,manual
EUR_GBP-2025-01-30,2025-01-30,EUR_GBP,EUR,GBP,0.826055,manual_uploaded_rates,manual
EUR_USD-2025-01-30,2025-01-30,EUR_USD,EUR,USD,1.071904,manual_uploaded_rates,manual
USD_GBP-2025-01-30,2025-01-30,USD_GBP,USD,GBP,0.767051,manual_uploaded_rates,manual
GBP_EUR-2025-01-30,2025-01-30,GBP_EUR,GBP,EUR,1.16041,manual_uploaded_rates,manual
GBP_INR-2025-01-31,2025-01-31,GBP_INR,GBP,INR,106.5864,manual_uploaded_rates,manual
USD_INR-2025-01-31,2025-01-31,USD_INR,USD,INR,82.0735,manual_uploaded_rates,manual
EUR_INR-2025-01-31,2025-01-31,EUR_INR,EUR,INR,90.2838,manual_uploaded_rates,manual
GBP_USD-2025-01-31,2025-01-31,GBP_USD,GBP,USD,1.268418,manual_uploaded_rates,manual
EUR_GBP-2025-01-31,2025-01-31,EUR_GBP,EUR,GBP,0.825947,manual_uploaded_rates,manual
EUR_USD-2025-01-31,2025-01-31,EUR_USD,EUR,USD,1.071764,manual_uploaded_rates,manual
USD_GBP-2025-01-31,2025-01-31,USD_GBP,USD,GBP,0.76695,manual_uploaded_rates,manual
GBP_EUR-2025-01-31,2025-01-31,GBP_EUR,GBP,EUR,1.160258,manual_uploaded_rates,manual
GBP_INR-2025-02-01,2025-02-01,GBP_INR,GBP,INR,106.5763,manual_uploaded_rates,manual
USD_INR-2025-02-01,2025-02-01,USD_INR,USD,INR,82.0657,manual_uploaded_rates,manual
EUR_INR-2025-02-01,2025-02-01,EUR_INR,EUR,INR,90.2752,manual_uploaded_rates,manual
GBP_USD-2025-02-01,2025-02-01,GBP_USD,GBP,USD,1.268297,manual_uploaded_rates,manual
EUR_GBP-2025-02-01,2025-02-01,EUR_GBP,EUR,GBP,0.825868,manual_uploaded_rates,manual
EUR_USD-2025-02-01,2025-02-01,EUR_USD,EUR,USD,1.071662,manual_uploaded_rates,manual
USD_GBP-2025-02-01,2025-02-01,USD_GBP,USD,GBP,0.766877,manual_uploaded_rates,manual
GBP_EUR-2025-02-01,2025-02-01,GBP_EUR,GBP,EUR,1.160148,manual_uploaded_rates,manual
GBP_INR-2025-02-02,2025-02-02,GBP_INR,GBP,INR,106.5707,manual_uploaded_rates,manual
USD_INR-2025-02-02,2025-02-02,USD_INR,USD,INR,82.0614,manual_uploaded_rates,manual
EUR_INR-2025-02-02,2025-02-02,EUR_INR,EUR,INR,90.2705,manual_uploaded_rates,manual
GBP_USD-2025-02-02,2025-02-02,GBP_USD,GBP,USD,1.268231,manual_uploaded_rates,manual
EUR_GBP-2025-02-02,2025-02-02,EUR_GBP,EUR,GBP,0.825825,manual_uploaded_rates,manual
EUR_USD-2025-02-02,2025-02-02,EUR_USD,EUR,USD,1.071606,manual_uploaded_rates,manual
USD_GBP-2025-02-02,2025-02-02,USD_GBP,USD,GBP,0.766837,manual_uploaded_rates,manual
GBP_EUR-2025-02-02,2025-02-02,GBP_EUR,GBP,EUR,1.160087,manual_uploaded_rates,manual
GBP_INR-2025-02-03,2025-02-03,GBP_INR,GBP,INR,106.5704,manual_uploaded_rates,manual
USD_INR-2025-02-03,2025-02-03,USD_INR,USD,INR,82.0611,manual_uploaded_rates,manual
EUR_INR-2025-02-03,2025-02-03,EUR_INR,EUR,INR,90.2702,manual_uploaded_rates,manual
GBP_USD-2025-02-03,2025-02-03,GBP_USD,GBP,USD,1.268227,manual_uploaded_rates,manual
EUR_GBP-2025-02-03,2025-02-03,EUR_GBP,EUR,GBP,0.825822,manual_uploaded_rates,manual
EUR_USD-2025-02-03,2025-02-03,EUR_USD,EUR,USD,1.071602,manual_uploaded_rates,manual
USD_GBP-2025-02-03,2025-02-03,USD_GBP,USD,GBP,0.766835,manual_uploaded_rates,manual
GBP_EUR-2025-02-03,2025-02-03,GBP_EUR,GBP,EUR,1.160083,manual_uploaded_rates,manual
GBP_INR-2025-02-04,2025-02-04,GBP_INR,GBP,INR,106.5757,manual_uploaded_rates,manual
USD_INR-2025-02-04,2025-02-04,USD_INR,USD,INR,82.0653,manual_uploaded_rates,manual
EUR_INR-2025-02-04,2025-02-04,EUR_INR,EUR,INR,90.2748,manual_uploaded_rates,manual
GBP_USD-2025-02-04,2025-02-04,GBP_USD,GBP,USD,1.26829,manual_uploaded_rates,manual
EUR_GBP-2025-02-04,2025-02-04,EUR_GBP,EUR,GBP,0.825864,manual_uploaded_rates,manual
EUR_USD-2025-02-04,2025-02-04,EUR_USD,EUR,USD,1.071656,manual_uploaded_rates,manual
USD_GBP-2025-02-04,2025-02-04,USD_GBP,USD,GBP,0.766873,manual_uploaded_rates,manual
GBP_EUR-2025-02-04,2025-02-04,GBP_EUR,GBP,EUR,1.160142,manual_uploaded_rates,manual
GBP_INR-2025-02-05,2025-02-05,GBP_INR,GBP,INR,106.5873,manual_uploaded_rates,manual
USD_INR-2025-02-05,2025-02-05,USD_INR,USD,INR,82.0742,manual_uploaded_rates,manual
EUR_INR-2025-02-05,2025-02-05,EUR_INR,EUR,INR,90.2845,manual_uploaded_rates,manual
GBP_USD-2025-02-05,2025-02-05,GBP_USD,GBP,USD,1.268428,manual_uploaded_rates,manual
EUR_GBP-2025-02-05,2025-02-05,EUR_GBP,EUR,GBP,0.825953,manual_uploaded_rates,manual
EUR_USD-2025-02-05,2025-02-05,EUR_USD,EUR,USD,1.071772,manual_uploaded_rates,manual
USD_GBP-2025-02-05,2025-02-05,USD_GBP,USD,GBP,0.766956,manual_uploaded_rates,manual
GBP_EUR-2025-02-05,2025-02-05,GBP_EUR,GBP,EUR,1.160267,manual_uploaded_rates,manual
GBP_INR-2025-02-06,2025-02-06,GBP_INR,GBP,INR,106.6054,manual_uploaded_rates,manual
USD_INR-2025-02-06,2025-02-06,USD_INR,USD,INR,82.0881,manual_uploaded_rates,manual
EUR_INR-2025-02-06,2025-02-06,EUR_INR,EUR,INR,90.2999,manual_uploaded_rates,manual
GBP_USD-2025-02-06,2025-02-06,GBP_USD,GBP,USD,1.268643,manual_uploaded_rates,manual
EUR_GBP-2025-02-06,2025-02-06,EUR_GBP,EUR,GBP,0.826093,manual_uploaded_rates,manual
EUR_USD-2025-02-06,2025-02-06,EUR_USD,EUR,USD,1.071954,manual_uploaded_rates,manual
USD_GBP-2025-02-06,2025-02-06,USD_GBP,USD,GBP,0.767087,manual_uploaded_rates,manual
GBP_EUR-2025-02-06,2025-02-06,GBP_EUR,GBP,EUR,1.160464,manual_uploaded_rates,manual
GBP_INR-2025-02-07,2025-02-07,GBP_INR,GBP,INR,106.6302,manual_uploaded_rates,manual
USD_INR-2025-02-07,2025-02-07,USD_INR,USD,INR,82.1072,manual_uploaded_rates,manual
EUR_INR-2025-02-07,2025-02-07,EUR_INR,EUR,INR,90.3209,manual_uploaded_rates,manual
GBP_USD-2025-02-07,2025-02-07,GBP_USD,GBP,USD,1.268938,manual_uploaded_rates,manual
EUR_GBP-2025-02-07,2025-02-07,EUR_GBP,EUR,GBP,0.826285,manual_uploaded_rates,manual
EUR_USD-2025-02-07,2025-02-07,EUR_USD,EUR,USD,1.072204,manual_uploaded_rates,manual
USD_GBP-2025-02-07,2025-02-07,USD_GBP,USD,GBP,0.767265,manual_uploaded_rates,manual
GBP_EUR-2025-02-07,2025-02-07,GBP_EUR,GBP,EUR,1.160734,manual_uploaded_rates,manual
GBP_INR-2025-02-08,2025-02-08,GBP_INR,GBP,INR,106.6618,manual_uploaded_rates,manual
USD_INR-2025-02-08,2025-02-08,USD_INR,USD,INR,82.1315,manual_uploaded_rates,manual
EUR_INR-2025-02-08,2025-02-08,EUR_INR,EUR,INR,90.3477,manual_uploaded_rates,manual
GBP_USD-2025-02-08,2025-02-08,GBP_USD,GBP,USD,1.269315,manual_uploaded_rates,manual
EUR_GBP-2025-02-08,2025-02-08,EUR_GBP,EUR,GBP,0.82653,manual_uploaded_rates,manual
EUR_USD-2025-02-08,2025-02-08,EUR_USD,EUR,USD,1.072522,manual_uploaded_rates,manual
USD_GBP-2025-02-08,2025-02-08,USD_GBP,USD,GBP,0.767493,manual_uploaded_rates,manual
GBP_EUR-2025-02-08,2025-02-08,GBP_EUR,GBP,EUR,1.161079,manual_uploaded_rates,manual
GBP_INR-2025-02-09,2025-02-09,GBP_INR,GBP,INR,106.7002,manual_uploaded_rates,manual
USD_INR-2025-02-09,2025-02-09,USD_INR,USD,INR,82.1611,manual_uploaded_rates,manual
EUR_INR-2025-02-09,2025-02-09,EUR_INR,EUR,INR,90.3802,manual_uploaded_rates,manual
GBP_USD-2025-02-09,2025-02-09,GBP_USD,GBP,USD,1.269771,manual_uploaded_rates,manual
EUR_GBP-2025-02-09,2025-02-09,EUR_GBP,EUR,GBP,0.826828,manual_uploaded_rates,manual
EUR_USD-2025-02-09,2025-02-09,EUR_USD,EUR,USD,1.072908,manual_uploaded_rates,manual
USD_GBP-2025-02-09,2025-02-09,USD_GBP,USD,GBP,0.767769,manual_uploaded_rates,manual
GBP_EUR-2025-02-09,2025-02-09,GBP_EUR,GBP,EUR,1.161496,manual_uploaded_rates,manual
GBP_INR-2025-02-10,2025-02-10,GBP_INR,GBP,INR,106.7452,manual_uploaded_rates,manual
USD_INR-2025-02-10,2025-02-10,USD_INR,USD,INR,82.1957,manual_uploaded_rates,manual
EUR_INR-2025-02-10,2025-02-10,EUR_INR,EUR,INR,90.4183,manual_uploaded_rates,manual
GBP_USD-2025-02-10,2025-02-10,GBP_USD,GBP,USD,1.270307,manual_uploaded_rates,manual
EUR_GBP-2025-02-10,2025-02-10,EUR_GBP,EUR,GBP,0.827176,manual_uploaded_rates,manual
EUR_USD-2025-02-10,2025-02-10,EUR_USD,EUR,USD,1.07336,manual_uploaded_rates,manual
USD_GBP-2025-02-10,2025-02-10,USD_GBP,USD,GBP,0.768092,manual_uploaded_rates,manual
GBP_EUR-2025-02-10,2025-02-10,GBP_EUR,GBP,EUR,1.161986,manual_uploaded_rates,manual
GBP_INR-2025-02-11,2025-02-11,GBP_INR,GBP,INR,106.7964,manual_uploaded_rates,manual
USD_INR-2025-02-11,2025-02-11,USD_INR,USD,INR,82.2352,manual_uploaded_rates,manual
EUR_INR-2025-02-11,2025-02-11,EUR_INR,EUR,INR,90.4617,manual_uploaded_rates,manual
GBP_USD-2025-02-11,2025-02-11,GBP_USD,GBP,USD,1.270917,manual_uploaded_rates,manual
EUR_GBP-2025-02-11,2025-02-11,EUR_GBP,EUR,GBP,0.827574,manual_uploaded_rates,manual
EUR_USD-2025-02-11,2025-02-11,EUR_USD,EUR,USD,1.073875,manual_uploaded_rates,manual
USD_GBP-2025-02-11,2025-02-11,USD_GBP,USD,GBP,0.768461,manual_uploaded_rates,manual
GBP_EUR-2025-02-11,2025-02-11,GBP_EUR,GBP,EUR,1.162544,manual_uploaded_rates,manual
GBP_INR-2025-02-12,2025-02-12,GBP_INR,GBP,INR,106.8535,manual_uploaded_rates,manual
USD_INR-2025-02-12,2025-02-12,USD_INR,USD,INR,82.2792,manual_uploaded_rates,manual
EUR_INR-2025-02-12,2025-02-12,EUR_INR,EUR,INR,90.51,manual_uploaded_rates,manual
GBP_USD-2025-02-12,2025-02-12,GBP_USD,GBP,USD,1.271596,manual_uploaded_rates,manual
EUR_GBP-2025-02-12,2025-02-12,EUR_GBP,EUR,GBP,0.828016,manual_uploaded_rates,manual
EUR_USD-2025-02-12,2025-02-12,EUR_USD,EUR,USD,1.074449,manual_uploaded_rates,manual
USD_GBP-2025-02-12,2025-02-12,USD_GBP,USD,GBP,0.768872,manual_uploaded_rates,manual
GBP_EUR-2025-02-12,2025-02-12,GBP_EUR,GBP,EUR,1.163165,manual_uploaded_rates,manual
GBP_INR-2025-02-13,2025-02-13,GBP_INR,GBP,INR,106.9159,manual_uploaded_rates,manual
USD_INR-2025-02-13,2025-02-13,USD_INR,USD,INR,82.3272,manual_uploaded_rates,manual
EUR_INR-2025-02-13,2025-02-13,EUR_INR,EUR,INR,90.5629,manual_uploaded_rates,manual
GBP_USD-2025-02-13,2025-02-13,GBP_USD,GBP,USD,1.272338,manual_uploaded_rates,manual
EUR_GBP-2025-02-13,2025-02-13,EUR_GBP,EUR,GBP,0.828499,manual_uploaded_rates,manual
EUR_USD-2025-02-13,2025-02-13,EUR_USD,EUR,USD,1.075076,manual_uploaded_rates,manual
USD_GBP-2025-02-13,2025-02-13,USD_GBP,USD,GBP,0.769321,manual_uploaded_rates,manual
GBP_EUR-2025-02-13,2025-02-13,GBP_EUR,GBP,EUR,1.163844,manual_uploaded_rates,manual
GBP_INR-2025-02-14,2025-02-14,GBP_INR,GBP,INR,106.9829,manual_uploaded_rates,manual
USD_INR-2025-02-14,2025-02-14,USD_INR,USD,INR,82.3788,manual_uploaded_rates,manual
EUR_INR-2025-02-14,2025-02-14,EUR_INR,EUR,INR,90.6196,manual_uploaded_rates,manual
GBP_USD-2025-02-14,2025-02-14,GBP_USD,GBP,USD,1.273136,manual_uploaded_rates,manual
EUR_GBP-2025-02-14,2025-02-14,EUR_GBP,EUR,GBP,0.829018,manual_uploaded_rates,manual
EUR_USD-2025-02-14,2025-02-14,EUR_USD,EUR,USD,1.07575,manual_uploaded_rates,manual
USD_GBP-2025-02-14,2025-02-14,USD_GBP,USD,GBP,0.769803,manual_uploaded_rates,manual
GBP_EUR-2025-02-14,2025-02-14,GBP_EUR,GBP,EUR,1.164574,manual_uploaded_rates,manual
GBP_INR-2025-02-15,2025-02-15,GBP_INR,GBP,INR,107.0537,manual_uploaded_rates,manual
USD_INR-2025-02-15,2025-02-15,USD_INR,USD,INR,82.4333,manual_uploaded_rates,manual
EUR_INR-2025-02-15,2025-02-15,EUR_INR,EUR,INR,90.6796,manual_uploaded_rates,manual
GBP_USD-2025-02-15,2025-02-15,GBP_USD,GBP,USD,1.273979,manual_uploaded_rates,manual
EUR_GBP-2025-02-15,2025-02-15,EUR_GBP,EUR,GBP,0.829568,manual_uploaded_rates,manual
EUR_USD-2025-02-15,2025-02-15,EUR_USD,EUR,USD,1.076463,manual_uploaded_rates,manual
USD_GBP-2025-02-15,2025-02-15,USD_GBP,USD,GBP,0.770313,manual_uploaded_rates,manual
GBP_EUR-2025-02-15,2025-02-15,GBP_EUR,GBP,EUR,1.165345,manual_uploaded_rates,manual
GBP_INR-2025-02-16,2025-02-16,GBP_INR,GBP,INR,107.1276,manual_uploaded_rates,manual
USD_INR-2025-02-16,2025-02-16,USD_INR,USD,INR,82.4903,manual_uploaded_rates,manual
EUR_INR-2025-02-16,2025-02-16,EUR_INR,EUR,INR,90.7422,manual_uploaded_rates,manual
GBP_USD-2025-02-16,2025-02-16,GBP_USD,GBP,USD,1.274858,manual_uploaded_rates,manual
EUR_GBP-2025-02-16,2025-02-16,EUR_GBP,EUR,GBP,0.83014,manual_uploaded_rates,manual
EUR_USD-2025-02-16,2025-02-16,EUR_USD,EUR,USD,1.077206,manual_uploaded_rates,manual
USD_GBP-2025-02-16,2025-02-16,USD_GBP,USD,GBP,0.770845,manual_uploaded_rates,manual
GBP_EUR-2025-02-16,2025-02-16,GBP_EUR,GBP,EUR,1.166149,manual_uploaded_rates,manual
GBP_INR-2025-02-17,2025-02-17,GBP_INR,GBP,INR,107.2037,manual_uploaded_rates,manual
USD_INR-2025-02-17,2025-02-17,USD_INR,USD,INR,82.5488,manual_uploaded_rates,manual
EUR_INR-2025-02-17,2025-02-17,EUR_INR,EUR,INR,90.8066,manual_uploaded_rates,manual
GBP_USD-2025-02-17,2025-02-17,GBP_USD,GBP,USD,1.275763,manual_uploaded_rates,manual
EUR_GBP-2025-02-17,2025-02-17,EUR_GBP,EUR,GBP,0.830729,manual_uploaded_rates,manual
EUR_USD-2025-02-17,2025-02-17,EUR_USD,EUR,USD,1.07797,manual_uploaded_rates,manual
USD_GBP-2025-02-17,2025-02-17,USD_GBP,USD,GBP,0.771392,manual_uploaded_rates,manual
GBP_EUR-2025-02-17,2025-02-17,GBP_EUR,GBP,EUR,1.166977,manual_uploaded_rates,manual
GBP_INR-2025-02-18,2025-02-18,GBP_INR,GBP,INR,107.2809,manual_uploaded_rates,manual
USD_INR-2025-02-18,2025-02-18,USD_INR,USD,INR,82.6082,manual_uploaded_rates,manual
EUR_INR-2025-02-18,2025-02-18,EUR_INR,EUR,INR,90.872,manual_uploaded_rates,manual
GBP_USD-2025-02-18,2025-02-18,GBP_USD,GBP,USD,1.276682,manual_uploaded_rates,manual
EUR_GBP-2025-02-18,2025-02-18,EUR_GBP,EUR,GBP,0.831328,manual_uploaded_rates,manual
EUR_USD-2025-02-18,2025-02-18,EUR_USD,EUR,USD,1.078747,manual_uploaded_rates,manual
USD_GBP-2025-02-18,2025-02-18,USD_GBP,USD,GBP,0.771947,manual_uploaded_rates,manual
GBP_EUR-2025-02-18,2025-02-18,GBP_EUR,GBP,EUR,1.167818,manual_uploaded_rates,manual
GBP_INR-2025-02-19,2025-02-19,GBP_INR,GBP,INR,107.3583,manual_uploaded_rates,manual
USD_INR-2025-02-19,2025-02-19,USD_INR,USD,INR,82.6679,manual_uploaded_rates,manual
EUR_INR-2025-02-19,2025-02-19,EUR_INR,EUR,INR,90.9376,manual_uploaded_rates,manual
GBP_USD-2025-02-19,2025-02-19,GBP_USD,GBP,USD,1.277603,manual_uploaded_rates,manual
EUR_GBP-2025-02-19,2025-02-19,EUR_GBP,EUR,GBP,0.831928,manual_uploaded_rates,manual
EUR_USD-2025-02-19,2025-02-19,EUR_USD,EUR,USD,1.079525,manual_uploaded_rates,manual
USD_GBP-2025-02-19,2025-02-19,USD_GBP,USD,GBP,0.772504,manual_uploaded_rates,manual
GBP_EUR-2025-02-19,2025-02-19,GBP_EUR,GBP,EUR,1.16866,manual_uploaded_rates,manual
GBP_INR-2025-02-20,2025-02-20,GBP_INR,GBP,INR,107.4349,manual_uploaded_rates,manual
USD_INR-2025-02-20,2025-02-20,USD_INR,USD,INR,82.7269,manual_uploaded_rates,manual
EUR_INR-2025-02-20,2025-02-20,EUR_INR,EUR,INR,91.0025,manual_uploaded_rates,manual
GBP_USD-2025-02-20,2025-02-20,GBP_USD,GBP,USD,1.278515,manual_uploaded_rates,manual
EUR_GBP-2025-02-20,2025-02-20,EUR_GBP,EUR,GBP,0.832521,manual_uploaded_rates,manual
EUR_USD-2025-02-20,2025-02-20,EUR_USD,EUR,USD,1.080296,manual_uploaded_rates,manual
USD_GBP-2025-02-20,2025-02-20,USD_GBP,USD,GBP,0.773056,manual_uploaded_rates,manual
GBP_EUR-2025-02-20,2025-02-20,GBP_EUR,GBP,EUR,1.169494,manual_uploaded_rates,manual
GBP_INR-2025-02-21,2025-02-21,GBP_INR,GBP,INR,107.5097,manual_uploaded_rates,manual
USD_INR-2025-02-21,2025-02-21,USD_INR,USD,INR,82.7845,manual_uploaded_rates,manual
EUR_INR-2025-02-21,2025-02-21,EUR_INR,EUR,INR,91.0659,manual_uploaded_rates,manual
GBP_USD-2025-02-21,2025-02-21,GBP_USD,GBP,USD,1.279406,manual_uploaded_rates,manual
EUR_GBP-2025-02-21,2025-02-21,EUR_GBP,EUR,GBP,0.833101,manual_uploaded_rates,manual
EUR_USD-2025-02-21,2025-02-21,EUR_USD,EUR,USD,1.081048,manual_uploaded_rates,manual
USD_GBP-2025-02-21,2025-02-21,USD_GBP,USD,GBP,0.773594,manual_uploaded_rates,manual
GBP_EUR-2025-02-21,2025-02-21,GBP_EUR,GBP,EUR,1.170309,manual_uploaded_rates,manual
GBP_INR-2025-02-22,2025-02-22,GBP_INR,GBP,INR,107.5818,manual_uploaded_rates,manual
USD_INR-2025-02-22,2025-02-22,USD_INR,USD,INR,82.84,manual_uploaded_rates,manual
EUR_INR-2025-02-22,2025-02-22,EUR_INR,EUR,INR,91.127,manual_uploaded_rates,manual
GBP_USD-2025-02-22,2025-02-22,GBP_USD,GBP,USD,1.280264,manual_uploaded_rates,manual
EUR_GBP-2025-02-22,2025-02-22,EUR_GBP,EUR,GBP,0.83366,manual_uploaded_rates,manual
EUR_USD-2025-02-22,2025-02-22,EUR_USD,EUR,USD,1.081773,manual_uploaded_rates,manual
USD_GBP-2025-02-22,2025-02-22,USD_GBP,USD,GBP,0.774113,manual_uploaded_rates,manual
GBP_EUR-2025-02-22,2025-02-22,GBP_EUR,GBP,EUR,1.171094,manual_uploaded_rates,manual
GBP_INR-2025-02-23,2025-02-23,GBP_INR,GBP,INR,107.6503,manual_uploaded_rates,manual
USD_INR-2025-02-23,2025-02-23,USD_INR,USD,INR,82.8927,manual_uploaded_rates,manual
EUR_INR-2025-02-23,2025-02-23,EUR_INR,EUR,INR,91.185,manual_uploaded_rates,manual
GBP_USD-2025-02-23,2025-02-23,GBP_USD,GBP,USD,1.281079,manual_uploaded_rates,manual
EUR_GBP-2025-02-23,2025-02-23,EUR_GBP,EUR,GBP,0.834191,manual_uploaded_rates,manual
EUR_USD-2025-02-23,2025-02-23,EUR_USD,EUR,USD,1.082462,manual_uploaded_rates,manual
USD_GBP-2025-02-23,2025-02-23,USD_GBP,USD,GBP,0.774606,manual_uploaded_rates,manual
GBP_EUR-2025-02-23,2025-02-23,GBP_EUR,GBP,EUR,1.171839,manual_uploaded_rates,manual
GBP_INR-2025-02-24,2025-02-24,GBP_INR,GBP,INR,107.7143,manual_uploaded_rates,manual
USD_INR-2025-02-24,2025-02-24,USD_INR,USD,INR,82.942,manual_uploaded_rates,manual
EUR_INR-2025-02-24,2025-02-24,EUR_INR,EUR,INR,91.2392,manual_uploaded_rates,manual
GBP_USD-2025-02-24,2025-02-24,GBP_USD,GBP,USD,1.28184,manual_uploaded_rates,manual
EUR_GBP-2025-02-24,2025-02-24,EUR_GBP,EUR,GBP,0.834687,manual_uploaded_rates,manual
EUR_USD-2025-02-24,2025-02-24,EUR_USD,EUR,USD,1.083105,manual_uploaded_rates,manual
USD_GBP-2025-02-24,2025-02-24,USD_GBP,USD,GBP,0.775066,manual_uploaded_rates,manual
GBP_EUR-2025-02-24,2025-02-24,GBP_EUR,GBP,EUR,1.172536,manual_uploaded_rates,manual
GBP_INR-2025-02-25,2025-02-25,GBP_INR,GBP,INR,107.7731,manual_uploaded_rates,manual
USD_INR-2025-02-25,2025-02-25,USD_INR,USD,INR,82.9873,manual_uploaded_rates,manual
EUR_INR-2025-02-25,2025-02-25,EUR_INR,EUR,INR,91.289,manual_uploaded_rates,manual
GBP_USD-2025-02-25,2025-02-25,GBP_USD,GBP,USD,1.282539,manual_uploaded_rates,manual
EUR_GBP-2025-02-25,2025-02-25,EUR_GBP,EUR,GBP,0.835142,manual_uploaded_rates,manual
EUR_USD-2025-02-25,2025-02-25,EUR_USD,EUR,USD,1.083696,manual_uploaded_rates,manual
USD_GBP-2025-02-25,2025-02-25,USD_GBP,USD,GBP,0.775489,manual_uploaded_rates,manual
GBP_EUR-2025-02-25,2025-02-25,GBP_EUR,GBP,EUR,1.173176,manual_uploaded_rates,manual
GBP_INR-2025-02-26,2025-02-26,GBP_INR,GBP,INR,107.8259,manual_uploaded_rates,manual
USD_INR-2025-02-26,2025-02-26,USD_INR,USD,INR,83.0279,manual_uploaded_rates,manual
EUR_INR-2025-02-26,2025-02-26,EUR_INR,EUR,INR,91.3337,manual_uploaded_rates,manual
GBP_USD-2025-02-26,2025-02-26,GBP_USD,GBP,USD,1.283168,manual_uploaded_rates,manual
EUR_GBP-2025-02-26,2025-02-26,EUR_GBP,EUR,GBP,0.835551,manual_uploaded_rates,manual
EUR_USD-2025-02-26,2025-02-26,EUR_USD,EUR,USD,1.084227,manual_uploaded_rates,manual
USD_GBP-2025-02-26,2025-02-26,USD_GBP,USD,GBP,0.775869,manual_uploaded_rates,manual
GBP_EUR-2025-02-26,2025-02-26,GBP_EUR,GBP,EUR,1.173751,manual_uploaded_rates,manual
GBP_INR-2025-02-27,2025-02-27,GBP_INR,GBP,INR,107.8723,manual_uploaded_rates,manual
USD_INR-2025-02-27,2025-02-27,USD_INR,USD,INR,83.0637,manual_uploaded_rates,manual
EUR_INR-2025-02-27,2025-02-27,EUR_INR,EUR,INR,91.373,manual_uploaded_rates,manual
GBP_USD-2025-02-27,2025-02-27,GBP_USD,GBP,USD,1.28372,manual_uploaded_rates,manual
EUR_GBP-2025-02-27,2025-02-27,EUR_GBP,EUR,GBP,0.835911,manual_uploaded_rates,manual
EUR_USD-2025-02-27,2025-02-27,EUR_USD,EUR,USD,1.084694,manual_uploaded_rates,manual
USD_GBP-2025-02-27,2025-02-27,USD_GBP,USD,GBP,0.776203,manual_uploaded_rates,manual
GBP_EUR-2025-02-27,2025-02-27,GBP_EUR,GBP,EUR,1.174256,manual_uploaded_rates,manual
GBP_INR-2025-02-28,2025-02-28,GBP_INR,GBP,INR,107.9118,manual_uploaded_rates,manual
USD_INR-2025-02-28,2025-02-28,USD_INR,USD,INR,83.0941,manual_uploaded_rates,manual
EUR_INR-2025-02-28,2025-02-28,EUR_INR,EUR,INR,91.4065,manual_uploaded_rates,manual
GBP_USD-2025-02-28,2025-02-28,GBP_USD,GBP,USD,1.28419,manual_uploaded_rates,manual
EUR_GBP-2025-02-28,2025-02-28,EUR_GBP,EUR,GBP,0.836217,manual_uploaded_rates,manual
EUR_USD-2025-02-28,2025-02-28,EUR_USD,EUR,USD,1.085091,manual_uploaded_rates,manual
USD_GBP-2025-02-28,2025-02-28,USD_GBP,USD,GBP,0.776487,manual_uploaded_rates,manual
GBP_EUR-2025-02-28,2025-02-28,GBP_EUR,GBP,EUR,1.174685,manual_uploaded_rates,manual
GBP_INR-2025-03-01,2025-03-01,GBP_INR,GBP,INR,107.944,manual_uploaded_rates,manual
USD_INR-2025-03-01,2025-03-01,USD_INR,USD,INR,83.1189,manual_uploaded_rates,manual
EUR_INR-2025-03-01,2025-03-01,EUR_INR,EUR,INR,91.4338,manual_uploaded_rates,manual
GBP_USD-2025-03-01,2025-03-01,GBP_USD,GBP,USD,1.284574,manual_uploaded_rates,manual
EUR_GBP-2025-03-01,2025-03-01,EUR_GBP,EUR,GBP,0.836467,manual_uploaded_rates,manual
EUR_USD-2025-03-01,2025-03-01,EUR_USD,EUR,USD,1.085415,manual_uploaded_rates,manual
USD_GBP-2025-03-01,2025-03-01,USD_GBP,USD,GBP,0.776719,manual_uploaded_rates,manual
GBP_EUR-2025-03-01,2025-03-01,GBP_EUR,GBP,EUR,1.175037,manual_uploaded_rates,manual
GBP_INR-2025-03-02,2025-03-02,GBP_INR,GBP,INR,107.9689,manual_uploaded_rates,manual
USD_INR-2025-03-02,2025-03-02,USD_INR,USD,INR,83.1381,manual_uploaded_rates,manual
EUR_INR-2025-03-02,2025-03-02,EUR_INR,EUR,INR,91.4549,manual_uploaded_rates,manual
GBP_USD-2025-03-02,2025-03-02,GBP_USD,GBP,USD,1.28487,manual_uploaded_rates,manual
EUR_GBP-2025-03-02,2025-03-02,EUR_GBP,EUR,GBP,0.83666,manual_uploaded_rates,manual
EUR_USD-2025-03-02,2025-03-02,EUR_USD,EUR,USD,1.085665,manual_uploaded_rates,manual
USD_GBP-2025-03-02,2025-03-02,USD_GBP,USD,GBP,0.776898,manual_uploaded_rates,manual
GBP_EUR-2025-03-02,2025-03-02,GBP_EUR,GBP,EUR,1.175308,manual_uploaded_rates,manual
GBP_INR-2025-03-03,2025-03-03,GBP_INR,GBP,INR,107.9864,manual_uploaded_rates,manual
USD_INR-2025-03-03,2025-03-03,USD_INR,USD,INR,83.1515,manual_uploaded_rates,manual
EUR_INR-2025-03-03,2025-03-03,EUR_INR,EUR,INR,91.4697,manual_uploaded_rates,manual
GBP_USD-2025-03-03,2025-03-03,GBP_USD,GBP,USD,1.285078,manual_uploaded_rates,manual
EUR_GBP-2025-03-03,2025-03-03,EUR_GBP,EUR,GBP,0.836795,manual_uploaded_rates,manual
EUR_USD-2025-03-03,2025-03-03,EUR_USD,EUR,USD,1.085841,manual_uploaded_rates,manual
USD_GBP-2025-03-03,2025-03-03,USD_GBP,USD,GBP,0.777024,manual_uploaded_rates,manual
GBP_EUR-2025-03-03,2025-03-03,GBP_EUR,GBP,EUR,1.175498,manual_uploaded_rates,manual
GBP_INR-2025-03-04,2025-03-04,GBP_INR,GBP,INR,107.9965,manual_uploaded_rates,manual
USD_INR-2025-03-04,2025-03-04,USD_INR,USD,INR,83.1593,manual_uploaded_rates,manual
EUR_INR-2025-03-04,2025-03-04,EUR_INR,EUR,INR,91.4782,manual_uploaded_rates,manual
GBP_USD-2025-03-04,2025-03-04,GBP_USD,GBP,USD,1.285199,manual_uploaded_rates,manual
EUR_GBP-2025-03-04,2025-03-04,EUR_GBP,EUR,GBP,0.836874,manual_uploaded_rates,manual
EUR_USD-2025-03-04,2025-03-04,EUR_USD,EUR,USD,1.085943,manual_uploaded_rates,manual
USD_GBP-2025-03-04,2025-03-04,USD_GBP,USD,GBP,0.777097,manual_uploaded_rates,manual
GBP_EUR-2025-03-04,2025-03-04,GBP_EUR,GBP,EUR,1.175608,manual_uploaded_rates,manual
GBP_INR-2025-03-05,2025-03-05,GBP_INR,GBP,INR,107.9996,manual_uploaded_rates,manual
USD_INR-2025-03-05,2025-03-05,USD_INR,USD,INR,83.1617,manual_uploaded_rates,manual
EUR_INR-2025-03-05,2025-03-05,EUR_INR,EUR,INR,91.4809,manual_uploaded_rates,manual
GBP_USD-2025-03-05,2025-03-05,GBP_USD,GBP,USD,1.285235,manual_uploaded_rates,manual
EUR_GBP-2025-03-05,2025-03-05,EUR_GBP,EUR,GBP,0.836897,manual_uploaded_rates,manual
EUR_USD-2025-03-05,2025-03-05,EUR_USD,EUR,USD,1.085974,manual_uploaded_rates,manual
USD_GBP-2025-03-05,2025-03-05,USD_GBP,USD,GBP,0.777119,manual_uploaded_rates,manual
GBP_EUR-2025-03-05,2025-03-05,GBP_EUR,GBP,EUR,1.175642,manual_uploaded_rates,manual
GBP_INR-2025-03-06,2025-03-06,GBP_INR,GBP,INR,107.996,manual_uploaded_rates,manual
USD_INR-2025-03-06,2025-03-06,USD_INR,USD,INR,83.1589,manual_uploaded_rates,manual
EUR_INR-2025-03-06,2025-03-06,EUR_INR,EUR,INR,91.4778,manual_uploaded_rates,manual
GBP_USD-2025-03-06,2025-03-06,GBP_USD,GBP,USD,1.285192,manual_uploaded_rates,manual
EUR_GBP-2025-03-06,2025-03-06,EUR_GBP,EUR,GBP,0.836869,manual_uploaded_rates,manual
EUR_USD-2025-03-06,2025-03-06,EUR_USD,EUR,USD,1.085937,manual_uploaded_rates,manual
USD_GBP-2025-03-06,2025-03-06,USD_GBP,USD,GBP,0.777093,manual_uploaded_rates,manual
GBP_EUR-2025-03-06,2025-03-06,GBP_EUR,GBP,EUR,1.175602,manual_uploaded_rates,manual
GBP_INR-2025-03-07,2025-03-07,GBP_INR,GBP,INR,107.9861,manual_uploaded_rates,manual
USD_INR-2025-03-07,2025-03-07,USD_INR,USD,INR,83.1513,manual_uploaded_rates,manual
EUR_INR-2025-03-07,2025-03-07,EUR_INR,EUR,INR,91.4694,manual_uploaded_rates,manual
GBP_USD-2025-03-07,2025-03-07,GBP_USD,GBP,USD,1.285075,manual_uploaded_rates,manual
EUR_GBP-2025-03-07,2025-03-07,EUR_GBP,EUR,GBP,0.836793,manual_uploaded_rates,manual
EUR_USD-2025-03-07,2025-03-07,EUR_USD,EUR,USD,1.085839,manual_uploaded_rates,manual
USD_GBP-2025-03-07,2025-03-07,USD_GBP,USD,GBP,0.777022,manual_uploaded_rates,manual
GBP_EUR-2025-03-07,2025-03-07,GBP_EUR,GBP,EUR,1.175495,manual_uploaded_rates,manual
GBP_INR-2025-03-08,2025-03-08,GBP_INR,GBP,INR,107.9707,manual_uploaded_rates,manual
USD_INR-2025-03-08,2025-03-08,USD_INR,USD,INR,83.1394,manual_uploaded_rates,manual
EUR_INR-2025-03-08,2025-03-08,EUR_INR,EUR,INR,91.4564,manual_uploaded_rates,manual
GBP_USD-2025-03-08,2025-03-08,GBP_USD,GBP,USD,1.284891,manual_uploaded_rates,manual
EUR_GBP-2025-03-08,2025-03-08,EUR_GBP,EUR,GBP,0.836673,manual_uploaded_rates,manual
EUR_USD-2025-03-08,2025-03-08,EUR_USD,EUR,USD,1.085683,manual_uploaded_rates,manual
USD_GBP-2025-03-08,2025-03-08,USD_GBP,USD,GBP,0.776911,manual_uploaded_rates,manual
GBP_EUR-2025-03-08,2025-03-08,GBP_EUR,GBP,EUR,1.175327,manual_uploaded_rates,manual
GBP_INR-2025-03-09,2025-03-09,GBP_INR,GBP,INR,107.9504,manual_uploaded_rates,manual
USD_INR-2025-03-09,2025-03-09,USD_INR,USD,INR,83.1238,manual_uploaded_rates,manual
EUR_INR-2025-03-09,2025-03-09,EUR_INR,EUR,INR,91.4392,manual_uploaded_rates,manual
GBP_USD-2025-03-09,2025-03-09,GBP_USD,GBP,USD,1.284649,manual_uploaded_rates,manual
EUR_GBP-2025-03-09,2025-03-09,EUR_GBP,EUR,GBP,0.836516,manual_uploaded_rates,manual
EUR_USD-2025-03-09,2025-03-09,EUR_USD,EUR,USD,1.085479,manual_uploaded_rates,manual
USD_GBP-2025-03-09,2025-03-09,USD_GBP,USD,GBP,0.776765,manual_uploaded_rates,manual
GBP_EUR-2025-03-09,2025-03-09,GBP_EUR,GBP,EUR,1.175106,manual_uploaded_rates,manual
GBP_INR-2025-03-10,2025-03-10,GBP_INR,GBP,INR,107.926,manual_uploaded_rates,manual
USD_INR-2025-03-10,2025-03-10,USD_INR,USD,INR,83.105,manual_uploaded_rates,manual
EUR_INR-2025-03-10,2025-03-10,EUR_INR,EUR,INR,91.4185,manual_uploaded_rates,manual
GBP_USD-2025-03-10,2025-03-10,GBP_USD,GBP,USD,1.284359,manual_uploaded_rates,manual
EUR_GBP-2025-03-10,2025-03-10,EUR_GBP,EUR,GBP,0.836327,manual_uploaded_rates,manual
EUR_USD-2025-03-10,2025-03-10,EUR_USD,EUR,USD,1.085233,manual_uploaded_rates,manual
USD_GBP-2025-03-10,2025-03-10,USD_GBP,USD,GBP,0.776589,manual_uploaded_rates,manual
GBP_EUR-2025-03-10,2025-03-10,GBP_EUR,GBP,EUR,1.17484,manual_uploaded_rates,manual
GBP_INR-2025-03-11,2025-03-11,GBP_INR,GBP,INR,107.8983,manual_uploaded_rates,manual
USD_INR-2025-03-11,2025-03-11,USD_INR,USD,INR,83.0837,manual_uploaded_rates,manual
EUR_INR-2025-03-11,2025-03-11,EUR_INR,EUR,INR,91.3951,manual_uploaded_rates,manual
GBP_USD-2025-03-11,2025-03-11,GBP_USD,GBP,USD,1.28403,manual_uploaded_rates,manual
EUR_GBP-2025-03-11,2025-03-11,EUR_GBP,EUR,GBP,0.836113,manual_uploaded_rates,manual
EUR_USD-2025-03-11,2025-03-11,EUR_USD,EUR,USD,1.084956,manual_uploaded_rates,manual
USD_GBP-2025-03-11,2025-03-11,USD_GBP,USD,GBP,0.77639,manual_uploaded_rates,manual
GBP_EUR-2025-03-11,2025-03-11,GBP_EUR,GBP,EUR,1.174539,manual_uploaded_rates,manual
GBP_INR-2025-03-12,2025-03-12,GBP_INR,GBP,INR,107.8684,manual_uploaded_rates,manual
USD_INR-2025-03-12,2025-03-12,USD_INR,USD,INR,83.0607,manual_uploaded_rates,manual
EUR_INR-2025-03-12,2025-03-12,EUR_INR,EUR,INR,91.3697,manual_uploaded_rates,manual
GBP_USD-2025-03-12,2025-03-12,GBP_USD,GBP,USD,1.283674,manual_uploaded_rates,manual
EUR_GBP-2025-03-12,2025-03-12,EUR_GBP,EUR,GBP,0.835881,manual_uploaded_rates,manual
EUR_USD-2025-03-12,2025-03-12,EUR_USD,EUR,USD,1.084655,manual_uploaded_rates,manual
USD_GBP-2025-03-12,2025-03-12,USD_GBP,USD,GBP,0.776175,manual_uploaded_rates,manual
GBP_EUR-2025-03-12,2025-03-12,GBP_EUR,GBP,EUR,1.174213,manual_uploaded_rates,manual
GBP_INR-2025-03-13,2025-03-13,GBP_INR,GBP,INR,107.8372,manual_uploaded_rates,manual
USD_INR-2025-03-13,2025-03-13,USD_INR,USD,INR,83.0366,manual_uploaded_rates,manual
EUR_INR-2025-03-13,2025-03-13,EUR_INR,EUR,INR,91.3432,manual_uploaded_rates,manual
GBP_USD-2025-03-13,2025-03-13,GBP_USD,GBP,USD,1.283302,manual_uploaded_rates,manual
EUR_GBP-2025-03-13,2025-03-13,EUR_GBP,EUR,GBP,0.835639,manual_uploaded_rates,manual
EUR_USD-2025-03-13,2025-03-13,EUR_USD,EUR,USD,1.08434,manual_uploaded_rates,manual
USD_GBP-2025-03-13,2025-03-13,USD_GBP,USD,GBP,0.77595,manual_uploaded_rates,manual
GBP_EUR-2025-03-13,2025-03-13,GBP_EUR,GBP,EUR,1.173873,manual_uploaded_rates,manual
GBP_INR-2025-03-14,2025-03-14,GBP_INR,GBP,INR,107.8055,manual_uploaded_rates,manual
USD_INR-2025-03-14,2025-03-14,USD_INR,USD,INR,83.0123,manual_uploaded_rates,manual
EUR_INR-2025-03-14,2025-03-14,EUR_INR,EUR,INR,91.3165,manual_uploaded_rates,manual
GBP_USD-2025-03-14,2025-03-14,GBP_USD,GBP,USD,1.282926,manual_uploaded_rates,manual
EUR_GBP-2025-03-14,2025-03-14,EUR_GBP,EUR,GBP,0.835394,manual_uploaded_rates,manual
EUR_USD-2025-03-14,2025-03-14,EUR_USD,EUR,USD,1.084023,manual_uploaded_rates,manual
USD_GBP-2025-03-14,2025-03-14,USD_GBP,USD,GBP,0.775723,manual_uploaded_rates,manual
GBP_EUR-2025-03-14,2025-03-14,GBP_EUR,GBP,EUR,1.173529,manual_uploaded_rates,manual
GBP_INR-2025-03-15,2025-03-15,GBP_INR,GBP,INR,107.7746,manual_uploaded_rates,manual
USD_INR-2025-03-15,2025-03-15,USD_INR,USD,INR,82.9884,manual_uploaded_rates,manual
EUR_INR-2025-03-15,2025-03-15,EUR_INR,EUR,INR,91.2902,manual_uploaded_rates,manual
GBP_USD-2025-03-15,2025-03-15,GBP_USD,GBP,USD,1.282557,manual_uploaded_rates,manual
EUR_GBP-2025-03-15,2025-03-15,EUR_GBP,EUR,GBP,0.835153,manual_uploaded_rates,manual
EUR_USD-2025-03-15,2025-03-15,EUR_USD,EUR,USD,1.083711,manual_uploaded_rates,manual
USD_GBP-2025-03-15,2025-03-15,USD_GBP,USD,GBP,0.7755,manual_uploaded_rates,manual
GBP_EUR-2025-03-15,2025-03-15,GBP_EUR,GBP,EUR,1.173192,manual_uploaded_rates,manual
GBP_INR-2025-03-16,2025-03-16,GBP_INR,GBP,INR,107.7451,manual_uploaded_rates,manual
USD_INR-2025-03-16,2025-03-16,USD_INR,USD,INR,82.9657,manual_uploaded_rates,manual
EUR_INR-2025-03-16,2025-03-16,EUR_INR,EUR,INR,91.2653,manual_uploaded_rates,manual
GBP_USD-2025-03-16,2025-03-16,GBP_USD,GBP,USD,1.282207,manual_uploaded_rates,manual
EUR_GBP-2025-03-16,2025-03-16,EUR_GBP,EUR,GBP,0.834925,manual_uploaded_rates,manual
EUR_USD-2025-03-16,2025-03-16,EUR_USD,EUR,USD,1.083415,manual_uploaded_rates,manual
USD_GBP-2025-03-16,2025-03-16,USD_GBP,USD,GBP,0.775288,manual_uploaded_rates,manual
GBP_EUR-2025-03-16,2025-03-16,GBP_EUR,GBP,EUR,1.172871,manual_uploaded_rates,manual
GBP_INR-2025-03-17,2025-03-17,GBP_INR,GBP,INR,107.7182,manual_uploaded_rates,manual
USD_INR-2025-03-17,2025-03-17,USD_INR,USD,INR,82.945,manual_uploaded_rates,manual
EUR_INR-2025-03-17,2025-03-17,EUR_INR,EUR,INR,91.2425,manual_uploaded_rates,manual
GBP_USD-2025-03-17,2025-03-17,GBP_USD,GBP,USD,1.281886,manual_uploaded_rates,manual
EUR_GBP-2025-03-17,2025-03-17,EUR_GBP,EUR,GBP,0.834716,manual_uploaded_rates,manual
EUR_USD-2025-03-17,2025-03-17,EUR_USD,EUR,USD,1.083144,manual_uploaded_rates,manual
USD_GBP-2025-03-17,2025-03-17,USD_GBP,USD,GBP,0.775094,manual_uploaded_rates,manual
GBP_EUR-2025-03-17,2025-03-17,GBP_EUR,GBP,EUR,1.172578,manual_uploaded_rates,manual
GBP_INR-2025-03-18,2025-03-18,GBP_INR,GBP,INR,107.6946,manual_uploaded_rates,manual
USD_INR-2025-03-18,2025-03-18,USD_INR,USD,INR,82.9268,manual_uploaded_rates,manual
EUR_INR-2025-03-18,2025-03-18,EUR_INR,EUR,INR,91.2225,manual_uploaded_rates,manual
GBP_USD-2025-03-18,2025-03-18,GBP_USD,GBP,USD,1.281605,manual_uploaded_rates,manual
EUR_GBP-2025-03-18,2025-03-18,EUR_GBP,EUR,GBP,0.834533,manual_uploaded_rates,manual
EUR_USD-2025-03-18,2025-03-18,EUR_USD,EUR,USD,1.082907,manual_uploaded_rates,manual
USD_GBP-2025-03-18,2025-03-18,USD_GBP,USD,GBP,0.774924,manual_uploaded_rates,manual
GBP_EUR-2025-03-18,2025-03-18,GBP_EUR,GBP,EUR,1.172321,manual_uploaded_rates,manual
GBP_INR-2025-03-19,2025-03-19,GBP_INR,GBP,INR,107.6751,manual_uploaded_rates,manual
USD_INR-2025-03-19,2025-03-19,USD_INR,USD,INR,82.9118,manual_uploaded_rates,manual
EUR_INR-2025-03-19,2025-03-19,EUR_INR,EUR,INR,91.2059,manual_uploaded_rates,manual
GBP_USD-2025-03-19,2025-03-19,GBP_USD,GBP,USD,1.281373,manual_uploaded_rates,manual
EUR_GBP-2025-03-19,2025-03-19,EUR_GBP,EUR,GBP,0.834382,manual_uploaded_rates,manual
EUR_USD-2025-03-19,2025-03-19,EUR_USD,EUR,USD,1.08271,manual_uploaded_rates,manual
USD_GBP-2025-03-19,2025-03-19,USD_GBP,USD,GBP,0.774784,manual_uploaded_rates,manual
GBP_EUR-2025-03-19,2025-03-19,GBP_EUR,GBP,EUR,1.172108,manual_uploaded_rates,manual
GBP_INR-2025-03-20,2025-03-20,GBP_INR,GBP,INR,107.6603,manual_uploaded_rates,manual
USD_INR-2025-03-20,2025-03-20,USD_INR,USD,INR,82.9004,manual_uploaded_rates,manual
EUR_INR-2025-03-20,2025-03-20,EUR_INR,EUR,INR,91.1935,manual_uploaded_rates,manual
GBP_USD-2025-03-20,2025-03-20,GBP_USD,GBP,USD,1.281198,manual_uploaded_rates,manual
EUR_GBP-2025-03-20,2025-03-20,EUR_GBP,EUR,GBP,0.834268,manual_uploaded_rates,manual
EUR_USD-2025-03-20,2025-03-20,EUR_USD,EUR,USD,1.082562,manual_uploaded_rates,manual
USD_GBP-2025-03-20,2025-03-20,USD_GBP,USD,GBP,0.774678,manual_uploaded_rates,manual
GBP_EUR-2025-03-20,2025-03-20,GBP_EUR,GBP,EUR,1.171948,manual_uploaded_rates,manual
GBP_INR-2025-03-21,2025-03-21,GBP_INR,GBP,INR,107.651,manual_uploaded_rates,manual
USD_INR-2025-03-21,2025-03-21,USD_INR,USD,INR,82.8933,manual_uploaded_rates,manual
EUR_INR-2025-03-21,2025-03-21,EUR_INR,EUR,INR,91.1856,manual_uploaded_rates,manual
GBP_USD-2025-03-21,2025-03-21,GBP_USD,GBP,USD,1.281087,manual_uploaded_rates,manual
EUR_GBP-2025-03-21,2025-03-21,EUR_GBP,EUR,GBP,0.834196,manual_uploaded_rates,manual
EUR_USD-2025-03-21,2025-03-21,EUR_USD,EUR,USD,1.082469,manual_uploaded_rates,manual
USD_GBP-2025-03-21,2025-03-21,USD_GBP,USD,GBP,0.774611,manual_uploaded_rates,manual
GBP_EUR-2025-03-21,2025-03-21,GBP_EUR,GBP,EUR,1.171847,manual_uploaded_rates,manual
GBP_INR-2025-03-22,2025-03-22,GBP_INR,GBP,INR,107.6475,manual_uploaded_rates,manual
USD_INR-2025-03-22,2025-03-22,USD_INR,USD,INR,82.8906,manual_uploaded_rates,manual
EUR_INR-2025-03-22,2025-03-22,EUR_INR,EUR,INR,91.1826,manual_uploaded_rates,manual
GBP_USD-2025-03-22,2025-03-22,GBP_USD,GBP,USD,1.281045,manual_uploaded_rates,manual
EUR_GBP-2025-03-22,2025-03-22,EUR_GBP,EUR,GBP,0.834169,manual_uploaded_rates,manual
EUR_USD-2025-03-22,2025-03-22,EUR_USD,EUR,USD,1.082434,manual_uploaded_rates,manual
USD_GBP-2025-03-22,2025-03-22,USD_GBP,USD,GBP,0.774586,manual_uploaded_rates,manual
GBP_EUR-2025-03-22,2025-03-22,GBP_EUR,GBP,EUR,1.171809,manual_uploaded_rates,manual
GBP_INR-2025-03-23,2025-03-23,GBP_INR,GBP,INR,107.6503,manual_uploaded_rates,manual
USD_INR-2025-03-23,2025-03-23,USD_INR,USD,INR,82.8927,manual_uploaded_rates,manual
EUR_INR-2025-03-23,2025-03-23,EUR_INR,EUR,INR,91.1849,manual_uploaded_rates,manual
GBP_USD-2025-03-23,2025-03-23,GBP_USD,GBP,USD,1.281078,manual_uploaded_rates,manual
EUR_GBP-2025-03-23,2025-03-23,EUR_GBP,EUR,GBP,0.83419,manual_uploaded_rates,manual
EUR_USD-2025-03-23,2025-03-23,EUR_USD,EUR,USD,1.082461,manual_uploaded_rates,manual
USD_GBP-2025-03-23,2025-03-23,USD_GBP,USD,GBP,0.774605,manual_uploaded_rates,manual
GBP_EUR-2025-03-23,2025-03-23,GBP_EUR,GBP,EUR,1.171839,manual_uploaded_rates,manual
GBP_INR-2025-03-24,2025-03-24,GBP_INR,GBP,INR,107.6594,manual_uploaded_rates,manual
USD_INR-2025-03-24,2025-03-24,USD_INR,USD,INR,82.8997,manual_uploaded_rates,manual
EUR_INR-2025-03-24,2025-03-24,EUR_INR,EUR,INR,91.1927,manual_uploaded_rates,manual
GBP_USD-2025-03-24,2025-03-24,GBP_USD,GBP,USD,1.281187,manual_uploaded_rates,manual
EUR_GBP-2025-03-24,2025-03-24,EUR_GBP,EUR,GBP,0.834261,manual_uploaded_rates,manual
EUR_USD-2025-03-24,2025-03-24,EUR_USD,EUR,USD,1.082553,manual_uploaded_rates,manual
USD_GBP-2025-03-24,2025-03-24,USD_GBP,USD,GBP,0.774671,manual_uploaded_rates,manual
GBP_EUR-2025-03-24,2025-03-24,GBP_EUR,GBP,EUR,1.171938,manual_uploaded_rates,manual
GBP_INR-2025-03-25,2025-03-25,GBP_INR,GBP,INR,107.6751,manual_uploaded_rates,manual
USD_INR-2025-03-25,2025-03-25,USD_INR,USD,INR,82.9118,manual_uploaded_rates,manual
EUR_INR-2025-03-25,2025-03-25,EUR_INR,EUR,INR,91.206,manual_uploaded_rates,manual
GBP_USD-2025-03-25,2025-03-25,GBP_USD,GBP,USD,1.281373,manual_uploaded_rates,manual
EUR_GBP-2025-03-25,2025-03-25,EUR_GBP,EUR,GBP,0.834383,manual_uploaded_rates,manual
EUR_USD-2025-03-25,2025-03-25,EUR_USD,EUR,USD,1.082711,manual_uploaded_rates,manual
USD_GBP-2025-03-25,2025-03-25,USD_GBP,USD,GBP,0.774784,manual_uploaded_rates,manual
GBP_EUR-2025-03-25,2025-03-25,GBP_EUR,GBP,EUR,1.172109,manual_uploaded_rates,manual
GBP_INR-2025-03-26,2025-03-26,GBP_INR,GBP,INR,107.6972,manual_uploaded_rates,manual
USD_INR-2025-03-26,2025-03-26,USD_INR,USD,INR,82.9288,manual_uploaded_rates,manual
EUR_INR-2025-03-26,2025-03-26,EUR_INR,EUR,INR,91.2247,manual_uploaded_rates,manual
GBP_USD-2025-03-26,2025-03-26,GBP_USD,GBP,USD,1.281636,manual_uploaded_rates,manual
EUR_GBP-2025-03-26,2025-03-26,EUR_GBP,EUR,GBP,0.834554,manual_uploaded_rates,manual
EUR_USD-2025-03-26,2025-03-26,EUR_USD,EUR,USD,1.082933,manual_uploaded_rates,manual
USD_GBP-2025-03-26,2025-03-26,USD_GBP,USD,GBP,0.774943,manual_uploaded_rates,manual
GBP_EUR-2025-03-26,2025-03-26,GBP_EUR,GBP,EUR,1.17235,manual_uploaded_rates,manual
GBP_INR-2025-03-27,2025-03-27,GBP_INR,GBP,INR,107.7256,manual_uploaded_rates,manual
USD_INR-2025-03-27,2025-03-27,USD_INR,USD,INR,82.9507,manual_uploaded_rates,manual
EUR_INR-2025-03-27,2025-03-27,EUR_INR,EUR,INR,91.2488,manual_uploaded_rates,manual
GBP_USD-2025-03-27,2025-03-27,GBP_USD,GBP,USD,1.281974,manual_uploaded_rates,manual
EUR_GBP-2025-03-27,2025-03-27,EUR_GBP,EUR,GBP,0.834774,manual_uploaded_rates,manual
EUR_USD-2025-03-27,2025-03-27,EUR_USD,EUR,USD,1.083219,manual_uploaded_rates,manual
USD_GBP-2025-03-27,2025-03-27,USD_GBP,USD,GBP,0.775147,manual_uploaded_rates,manual
GBP_EUR-2025-03-27,2025-03-27,GBP_EUR,GBP,EUR,1.172659,manual_uploaded_rates,manual
GBP_INR-2025-03-28,2025-03-28,GBP_INR,GBP,INR,107.76,manual_uploaded_rates,manual
USD_INR-2025-03-28,2025-03-28,USD_INR,USD,INR,82.9772,manual_uploaded_rates,manual
EUR_INR-2025-03-28,2025-03-28,EUR_INR,EUR,INR,91.2779,manual_uploaded_rates,manual
GBP_USD-2025-03-28,2025-03-28,GBP_USD,GBP,USD,1.282384,manual_uploaded_rates,manual
EUR_GBP-2025-03-28,2025-03-28,EUR_GBP,EUR,GBP,0.835041,manual_uploaded_rates,manual
EUR_USD-2025-03-28,2025-03-28,EUR_USD,EUR,USD,1.083565,manual_uploaded_rates,manual
USD_GBP-2025-03-28,2025-03-28,USD_GBP,USD,GBP,0.775395,manual_uploaded_rates,manual
GBP_EUR-2025-03-28,2025-03-28,GBP_EUR,GBP,EUR,1.173033,manual_uploaded_rates,manual
GBP_INR-2025-03-29,2025-03-29,GBP_INR,GBP,INR,107.8,manual_uploaded_rates,manual
USD_INR-2025-03-29,2025-03-29,USD_INR,USD,INR,83.008,manual_uploaded_rates,manual
EUR_INR-2025-03-29,2025-03-29,EUR_INR,EUR,INR,91.3117,manual_uploaded_rates,manual
GBP_USD-2025-03-29,2025-03-29,GBP_USD,GBP,USD,1.282859,manual_uploaded_rates,manual
EUR_GBP-2025-03-29,2025-03-29,EUR_GBP,EUR,GBP,0.83535,manual_uploaded_rates,manual
EUR_USD-2025-03-29,2025-03-29,EUR_USD,EUR,USD,1.083966,manual_uploaded_rates,manual
USD_GBP-2025-03-29,2025-03-29,USD_GBP,USD,GBP,0.775682,manual_uploaded_rates,manual
GBP_EUR-2025-03-29,2025-03-29,GBP_EUR,GBP,EUR,1.173468,manual_uploaded_rates,manual
GBP_INR-2025-03-30,2025-03-30,GBP_INR,GBP,INR,107.845,manual_uploaded_rates,manual
USD_INR-2025-03-30,2025-03-30,USD_INR,USD,INR,83.0426,manual_uploaded_rates,manual
EUR_INR-2025-03-30,2025-03-30,EUR_INR,EUR,INR,91.3499,manual_uploaded_rates,manual
GBP_USD-2025-03-30,2025-03-30,GBP_USD,GBP,USD,1.283395,manual_uploaded_rates,manual
EUR_GBP-2025-03-30,2025-03-30,EUR_GBP,EUR,GBP,0.835699,manual_uploaded_rates,manual
EUR_USD-2025-03-30,2025-03-30,EUR_USD,EUR,USD,1.084419,manual_uploaded_rates,manual
USD_GBP-2025-03-30,2025-03-30,USD_GBP,USD,GBP,0.776006,manual_uploaded_rates,manual
GBP_EUR-2025-03-30,2025-03-30,GBP_EUR,GBP,EUR,1.173958,manual_uploaded_rates,manual
GBP_INR-2025-03-31,2025-03-31,GBP_INR,GBP,INR,107.8944,manual_uploaded_rates,manual
USD_INR-2025-03-31,2025-03-31,USD_INR,USD,INR,83.0807,manual_uploaded_rates,manual
EUR_INR-2025-03-31,2025-03-31,EUR_INR,EUR,INR,91.3917,manual_uploaded_rates,manual
GBP_USD-2025-03-31,2025-03-31,GBP_USD,GBP,USD,1.283983,manual_uploaded_rates,manual
EUR_GBP-2025-03-31,2025-03-31,EUR_GBP,EUR,GBP,0.836082,manual_uploaded_rates,manual
EUR_USD-2025-03-31,2025-03-31,EUR_USD,EUR,USD,1.084916,manual_uploaded_rates,manual
USD_GBP-2025-03-31,2025-03-31,USD_GBP,USD,GBP,0.776362,manual_uploaded_rates,manual
GBP_EUR-2025-03-31,2025-03-31,GBP_EUR,GBP,EUR,1.174496,manual_uploaded_rates,manual
GBP_INR-2025-04-01,2025-04-01,GBP_INR,GBP,INR,107.9475,manual_uploaded_rates,manual
USD_INR-2025-04-01,2025-04-01,USD_INR,USD,INR,83.1216,manual_uploaded_rates,manual
EUR_INR-2025-04-01,2025-04-01,EUR_INR,EUR,INR,91.4367,manual_uploaded_rates,manual
GBP_USD-2025-04-01,2025-04-01,GBP_USD,GBP,USD,1.284615,manual_uploaded_rates,manual
EUR_GBP-2025-04-01,2025-04-01,EUR_GBP,EUR,GBP,0.836494,manual_uploaded_rates,manual
EUR_USD-2025-04-01,2025-04-01,EUR_USD,EUR,USD,1.08545,manual_uploaded_rates,manual
USD_GBP-2025-04-01,2025-04-01,USD_GBP,USD,GBP,0.776744,manual_uploaded_rates,manual
GBP_EUR-2025-04-01,2025-04-01,GBP_EUR,GBP,EUR,1.175074,manual_uploaded_rates,manual
GBP_INR-2025-04-02,2025-04-02,GBP_INR,GBP,INR,108.0036,manual_uploaded_rates,manual
USD_INR-2025-04-02,2025-04-02,USD_INR,USD,INR,83.1647,manual_uploaded_rates,manual
EUR_INR-2025-04-02,2025-04-02,EUR_INR,EUR,INR,91.4842,manual_uploaded_rates,manual
GBP_USD-2025-04-02,2025-04-02,GBP_USD,GBP,USD,1.285282,manual_uploaded_rates,manual
EUR_GBP-2025-04-02,2025-04-02,EUR_GBP,EUR,GBP,0.836928,manual_uploaded_rates,manual
EUR_USD-2025-04-02,2025-04-02,EUR_USD,EUR,USD,1.086014,manual_uploaded_rates,manual
USD_GBP-2025-04-02,2025-04-02,USD_GBP,USD,GBP,0.777147,manual_uploaded_rates,manual
GBP_EUR-2025-04-02,2025-04-02,GBP_EUR,GBP,EUR,1.175685,manual_uploaded_rates,manual
GBP_INR-2025-04-03,2025-04-03,GBP_INR,GBP,INR,108.0617,manual_uploaded_rates,manual
USD_INR-2025-04-03,2025-04-03,USD_INR,USD,INR,83.2095,manual_uploaded_rates,manual
EUR_INR-2025-04-03,2025-04-03,EUR_INR,EUR,INR,91.5335,manual_uploaded_rates,manual
GBP_USD-2025-04-03,2025-04-03,GBP_USD,GBP,USD,1.285974,manual_uploaded_rates,manual
EUR_GBP-2025-04-03,2025-04-03,EUR_GBP,EUR,GBP,0.837379,manual_uploaded_rates,manual
EUR_USD-2025-04-03,2025-04-03,EUR_USD,EUR,USD,1.086598,manual_uploaded_rates,manual
USD_GBP-2025-04-03,2025-04-03,USD_GBP,USD,GBP,0.777566,manual_uploaded_rates,manual
GBP_EUR-2025-04-03,2025-04-03,GBP_EUR,GBP,EUR,1.176318,manual_uploaded_rates,manual
GBP_INR-2025-04-04,2025-04-04,GBP_INR,GBP,INR,108.1211,manual_uploaded_rates,manual
USD_INR-2025-04-04,2025-04-04,USD_INR,USD,INR,83.2552,manual_uploaded_rates,manual
EUR_INR-2025-04-04,2025-04-04,EUR_INR,EUR,INR,91.5838,manual_uploaded_rates,manual
GBP_USD-2025-04-04,2025-04-04,GBP_USD,GBP,USD,1.286681,manual_uploaded_rates,manual
EUR_GBP-2025-04-04,2025-04-04,EUR_GBP,EUR,GBP,0.837839,manual_uploaded_rates,manual
EUR_USD-2025-04-04,2025-04-04,EUR_USD,EUR,USD,1.087196,manual_uploaded_rates,manual
USD_GBP-2025-04-04,2025-04-04,USD_GBP,USD,GBP,0.777993,manual_uploaded_rates,manual
GBP_EUR-2025-04-04,2025-04-04,GBP_EUR,GBP,EUR,1.176964,manual_uploaded_rates,manual
GBP_INR-2025-04-05,2025-04-05,GBP_INR,GBP,INR,108.1808,manual_uploaded_rates,manual
USD_INR-2025-04-05,2025-04-05,USD_INR,USD,INR,83.3012,manual_uploaded_rates,manual
EUR_INR-2025-04-05,2025-04-05,EUR_INR,EUR,INR,91.6344,manual_uploaded_rates,manual
GBP_USD-2025-04-05,2025-04-05,GBP_USD,GBP,USD,1.287392,manual_uploaded_rates,manual
EUR_GBP-2025-04-05,2025-04-05,EUR_GBP,EUR,GBP,0.838302,manual_uploaded_rates,manual
EUR_USD-2025-04-05,2025-04-05,EUR_USD,EUR,USD,1.087796,manual_uploaded_rates,manual
USD_GBP-2025-04-05,2025-04-05,USD_GBP,USD,GBP,0.778423,manual_uploaded_rates,manual
GBP_EUR-2025-04-05,2025-04-05,GBP_EUR,GBP,EUR,1.177614,manual_uploaded_rates,manual
GBP_INR-2025-04-06,2025-04-06,GBP_INR,GBP,INR,108.2401,manual_uploaded_rates,manual
USD_INR-2025-04-06,2025-04-06,USD_INR,USD,INR,83.3469,manual_uploaded_rates,manual
EUR_INR-2025-04-06,2025-04-06,EUR_INR,EUR,INR,91.6845,manual_uploaded_rates,manual
GBP_USD-2025-04-06,2025-04-06,GBP_USD,GBP,USD,1.288097,manual_uploaded_rates,manual
EUR_GBP-2025-04-06,2025-04-06,EUR_GBP,EUR,GBP,0.838761,manual_uploaded_rates,manual
EUR_USD-2025-04-06,2025-04-06,EUR_USD,EUR,USD,1.088392,manual_uploaded_rates,manual
USD_GBP-2025-04-06,2025-04-06,USD_GBP,USD,GBP,0.778849,manual_uploaded_rates,manual
GBP_EUR-2025-04-06,2025-04-06,GBP_EUR,GBP,EUR,1.178259,manual_uploaded_rates,manual
GBP_INR-2025-04-07,2025-04-07,GBP_INR,GBP,INR,108.2979,manual_uploaded_rates,manual
USD_INR-2025-04-07,2025-04-07,USD_INR,USD,INR,83.3914,manual_uploaded_rates,manual
EUR_INR-2025-04-07,2025-04-07,EUR_INR,EUR,INR,91.7336,manual_uploaded_rates,manual
GBP_USD-2025-04-07,2025-04-07,GBP_USD,GBP,USD,1.288786,manual_uploaded_rates,manual
EUR_GBP-2025-04-07,2025-04-07,EUR_GBP,EUR,GBP,0.839209,manual_uploaded_rates,manual
EUR_USD-2025-04-07,2025-04-07,EUR_USD,EUR,USD,1.088974,manual_uploaded_rates,manual
USD_GBP-2025-04-07,2025-04-07,USD_GBP,USD,GBP,0.779266,manual_uploaded_rates,manual
GBP_EUR-2025-04-07,2025-04-07,GBP_EUR,GBP,EUR,1.178889,manual_uploaded_rates,manual
GBP_INR-2025-04-08,2025-04-08,GBP_INR,GBP,INR,108.3536,manual_uploaded_rates,manual
USD_INR-2025-04-08,2025-04-08,USD_INR,USD,INR,83.4343,manual_uploaded_rates,manual
EUR_INR-2025-04-08,2025-04-08,EUR_INR,EUR,INR,91.7807,manual_uploaded_rates,manual
GBP_USD-2025-04-08,2025-04-08,GBP_USD,GBP,USD,1.289448,manual_uploaded_rates,manual
EUR_GBP-2025-04-08,2025-04-08,EUR_GBP,EUR,GBP,0.839641,manual_uploaded_rates,manual
EUR_USD-2025-04-08,2025-04-08,EUR_USD,EUR,USD,1.089534,manual_uploaded_rates,manual
USD_GBP-2025-04-08,2025-04-08,USD_GBP,USD,GBP,0.779666,manual_uploaded_rates,manual
GBP_EUR-2025-04-08,2025-04-08,GBP_EUR,GBP,EUR,1.179495,manual_uploaded_rates,manual
GBP_INR-2025-04-09,2025-04-09,GBP_INR,GBP,INR,108.4064,manual_uploaded_rates,manual
USD_INR-2025-04-09,2025-04-09,USD_INR,USD,INR,83.4749,manual_uploaded_rates,manual
EUR_INR-2025-04-09,2025-04-09,EUR_INR,EUR,INR,91.8254,manual_uploaded_rates,manual
GBP_USD-2025-04-09,2025-04-09,GBP_USD,GBP,USD,1.290076,manual_uploaded_rates,manual
EUR_GBP-2025-04-09,2025-04-09,EUR_GBP,EUR,GBP,0.84005,manual_uploaded_rates,manual
EUR_USD-2025-04-09,2025-04-09,EUR_USD,EUR,USD,1.090064,manual_uploaded_rates,manual
USD_GBP-2025-04-09,2025-04-09,USD_GBP,USD,GBP,0.780046,manual_uploaded_rates,manual
GBP_EUR-2025-04-09,2025-04-09,GBP_EUR,GBP,EUR,1.18007,manual_uploaded_rates,manual
GBP_INR-2025-04-10,2025-04-10,GBP_INR,GBP,INR,108.4556,manual_uploaded_rates,manual
USD_INR-2025-04-10,2025-04-10,USD_INR,USD,INR,83.5128,manual_uploaded_rates,manual
EUR_INR-2025-04-10,2025-04-10,EUR_INR,EUR,INR,91.8671,manual_uploaded_rates,manual
GBP_USD-2025-04-10,2025-04-10,GBP_USD,GBP,USD,1.290661,manual_uploaded_rates,manual
EUR_GBP-2025-04-10,2025-04-10,EUR_GBP,EUR,GBP,0.840431,manual_uploaded_rates,manual
EUR_USD-2025-04-10,2025-04-10,EUR_USD,EUR,USD,1.090559,manual_uploaded_rates,manual
USD_GBP-2025-04-10,2025-04-10,USD_GBP,USD,GBP,0.7804,manual_uploaded_rates,manual
GBP_EUR-2025-04-10,2025-04-10,GBP_EUR,GBP,EUR,1.180605,manual_uploaded_rates,manual
GBP_INR-2025-04-11,2025-04-11,GBP_INR,GBP,INR,108.5005,manual_uploaded_rates,manual
USD_INR-2025-04-11,2025-04-11,USD_INR,USD,INR,83.5474,manual_uploaded_rates,manual
EUR_INR-2025-04-11,2025-04-11,EUR_INR,EUR,INR,91.9052,manual_uploaded_rates,manual
GBP_USD-2025-04-11,2025-04-11,GBP_USD,GBP,USD,1.291196,manual_uploaded_rates,manual
EUR_GBP-2025-04-11,2025-04-11,EUR_GBP,EUR,GBP,0.840779,manual_uploaded_rates,manual
EUR_USD-2025-04-11,2025-04-11,EUR_USD,EUR,USD,1.091011,manual_uploaded_rates,manual
USD_GBP-2025-04-11,2025-04-11,USD_GBP,USD,GBP,0.780723,manual_uploaded_rates,manual
GBP_EUR-2025-04-11,2025-04-11,GBP_EUR,GBP,EUR,1.181094,manual_uploaded_rates,manual
GBP_INR-2025-04-12,2025-04-12,GBP_INR,GBP,INR,108.5408,manual_uploaded_rates,manual
USD_INR-2025-04-12,2025-04-12,USD_INR,USD,INR,83.5784,manual_uploaded_rates,manual
EUR_INR-2025-04-12,2025-04-12,EUR_INR,EUR,INR,91.9393,manual_uploaded_rates,manual
GBP_USD-2025-04-12,2025-04-12,GBP_USD,GBP,USD,1.291675,manual_uploaded_rates,manual
EUR_GBP-2025-04-12,2025-04-12,EUR_GBP,EUR,GBP,0.841091,manual_uploaded_rates,manual
EUR_USD-2025-04-12,2025-04-12,EUR_USD,EUR,USD,1.091416,manual_uploaded_rates,manual
USD_GBP-2025-04-12,2025-04-12,USD_GBP,USD,GBP,0.781013,manual_uploaded_rates,manual
GBP_EUR-2025-04-12,2025-04-12,GBP_EUR,GBP,EUR,1.181533,manual_uploaded_rates,manual
GBP_INR-2025-04-13,2025-04-13,GBP_INR,GBP,INR,108.576,manual_uploaded_rates,manual
USD_INR-2025-04-13,2025-04-13,USD_INR,USD,INR,83.6055,manual_uploaded_rates,manual
EUR_INR-2025-04-13,2025-04-13,EUR_INR,EUR,INR,91.9691,manual_uploaded_rates,manual
GBP_USD-2025-04-13,2025-04-13,GBP_USD,GBP,USD,1.292094,manual_uploaded_rates,manual
EUR_GBP-2025-04-13,2025-04-13,EUR_GBP,EUR,GBP,0.841364,manual_uploaded_rates,manual
EUR_USD-2025-04-13,2025-04-13,EUR_USD,EUR,USD,1.09177,manual_uploaded_rates,manual
USD_GBP-2025-04-13,2025-04-13,USD_GBP,USD,GBP,0.781266,manual_uploaded_rates,manual
GBP_EUR-2025-04-13,2025-04-13,GBP_EUR,GBP,EUR,1.181916,manual_uploaded_rates,manual
GBP_INR-2025-04-14,2025-04-14,GBP_INR,GBP,INR,108.6058,manual_uploaded_rates,manual
USD_INR-2025-04-14,2025-04-14,USD_INR,USD,INR,83.6285,manual_uploaded_rates,manual
EUR_INR-2025-04-14,2025-04-14,EUR_INR,EUR,INR,91.9943,manual_uploaded_rates,manual
GBP_USD-2025-04-14,2025-04-14,GBP_USD,GBP,USD,1.292449,manual_uploaded_rates,manual
EUR_GBP-2025-04-14,2025-04-14,EUR_GBP,EUR,GBP,0.841595,manual_uploaded_rates,manual
EUR_USD-2025-04-14,2025-04-14,EUR_USD,EUR,USD,1.09207,manual_uploaded_rates,manual
USD_GBP-2025-04-14,2025-04-14,USD_GBP,USD,GBP,0.781481,manual_uploaded_rates,manual
GBP_EUR-2025-04-14,2025-04-14,GBP_EUR,GBP,EUR,1.18224,manual_uploaded_rates,manual
GBP_INR-2025-04-15,2025-04-15,GBP_INR,GBP,INR,108.6302,manual_uploaded_rates,manual
USD_INR-2025-04-15,2025-04-15,USD_INR,USD,INR,83.6472,manual_uploaded_rates,manual
EUR_INR-2025-04-15,2025-04-15,EUR_INR,EUR,INR,92.015,manual_uploaded_rates,manual
GBP_USD-2025-04-15,2025-04-15,GBP_USD,GBP,USD,1.292739,manual_uploaded_rates,manual
EUR_GBP-2025-04-15,2025-04-15,EUR_GBP,EUR,GBP,0.841784,manual_uploaded_rates,manual
EUR_USD-2025-04-15,2025-04-15,EUR_USD,EUR,USD,1.092315,manual_uploaded_rates,manual
USD_GBP-2025-04-15,2025-04-15,USD_GBP,USD,GBP,0.781656,manual_uploaded_rates,manual
GBP_EUR-2025-04-15,2025-04-15,GBP_EUR,GBP,EUR,1.182506,manual_uploaded_rates,manual
GBP_INR-2025-04-16,2025-04-16,GBP_INR,GBP,INR,108.649,manual_uploaded_rates,manual
USD_INR-2025-04-16,2025-04-16,USD_INR,USD,INR,83.6618,manual_uploaded_rates,manual
EUR_INR-2025-04-16,2025-04-16,EUR_INR,EUR,INR,92.0309,manual_uploaded_rates,manual
GBP_USD-2025-04-16,2025-04-16,GBP_USD,GBP,USD,1.292964,manual_uploaded_rates,manual
EUR_GBP-2025-04-16,2025-04-16,EUR_GBP,EUR,GBP,0.84193,manual_uploaded_rates,manual
EUR_USD-2025-04-16,2025-04-16,EUR_USD,EUR,USD,1.092504,manual_uploaded_rates,manual
USD_GBP-2025-04-16,2025-04-16,USD_GBP,USD,GBP,0.781792,manual_uploaded_rates,manual
GBP_EUR-2025-04-16,2025-04-16,GBP_EUR,GBP,EUR,1.182711,manual_uploaded_rates,manual
GBP_INR-2025-04-17,2025-04-17,GBP_INR,GBP,INR,108.6625,manual_uploaded_rates,manual
USD_INR-2025-04-17,2025-04-17,USD_INR,USD,INR,83.6721,manual_uploaded_rates,manual
EUR_INR-2025-04-17,2025-04-17,EUR_INR,EUR,INR,92.0424,manual_uploaded_rates,manual
GBP_USD-2025-04-17,2025-04-17,GBP_USD,GBP,USD,1.293124,manual_uploaded_rates,manual
EUR_GBP-2025-04-17,2025-04-17,EUR_GBP,EUR,GBP,0.842034,manual_uploaded_rates,manual
EUR_USD-2025-04-17,2025-04-17,EUR_USD,EUR,USD,1.09264,manual_uploaded_rates,manual
USD_GBP-2025-04-17,2025-04-17,USD_GBP,USD,GBP,0.781889,manual_uploaded_rates,manual
GBP_EUR-2025-04-17,2025-04-17,GBP_EUR,GBP,EUR,1.182858,manual_uploaded_rates,manual
GBP_INR-2025-04-18,2025-04-18,GBP_INR,GBP,INR,108.6708,manual_uploaded_rates,manual
USD_INR-2025-04-18,2025-04-18,USD_INR,USD,INR,83.6786,manual_uploaded_rates,manual
EUR_INR-2025-04-18,2025-04-18,EUR_INR,EUR,INR,92.0494,manual_uploaded_rates,manual
GBP_USD-2025-04-18,2025-04-18,GBP_USD,GBP,USD,1.293223,manual_uploaded_rates,manual
EUR_GBP-2025-04-18,2025-04-18,EUR_GBP,EUR,GBP,0.842099,manual_uploaded_rates,manual
EUR_USD-2025-04-18,2025-04-18,EUR_USD,EUR,USD,1.092723,manual_uploaded_rates,manual
USD_GBP-2025-04-18,2025-04-18,USD_GBP,USD,GBP,0.781949,manual_uploaded_rates,manual
GBP_EUR-2025-04-18,2025-04-18,GBP_EUR,GBP,EUR,1.182948,manual_uploaded_rates,manual
GBP_INR-2025-04-19,2025-04-19,GBP_INR,GBP,INR,108.6744,manual_uploaded_rates,manual
USD_INR-2025-04-19,2025-04-19,USD_INR,USD,INR,83.6813,manual_uploaded_rates,manual
EUR_INR-2025-04-19,2025-04-19,EUR_INR,EUR,INR,92.0524,manual_uploaded_rates,manual
GBP_USD-2025-04-19,2025-04-19,GBP_USD,GBP,USD,1.293265,manual_uploaded_rates,manual
EUR_GBP-2025-04-19,2025-04-19,EUR_GBP,EUR,GBP,0.842126,manual_uploaded_rates,manual
EUR_USD-2025-04-19,2025-04-19,EUR_USD,EUR,USD,1.092759,manual_uploaded_rates,manual
USD_GBP-2025-04-19,2025-04-19,USD_GBP,USD,GBP,0.781974,manual_uploaded_rates,manual
GBP_EUR-2025-04-19,2025-04-19,GBP_EUR,GBP,EUR,1.182987,manual_uploaded_rates,manual
GBP_INR-2025-04-20,2025-04-20,GBP_INR,GBP,INR,108.6736,manual_uploaded_rates,manual
USD_INR-2025-04-20,2025-04-20,USD_INR,USD,INR,83.6807,manual_uploaded_rates,manual
EUR_INR-2025-04-20,2025-04-20,EUR_INR,EUR,INR,92.0518,manual_uploaded_rates,manual
GBP_USD-2025-04-20,2025-04-20,GBP_USD,GBP,USD,1.293256,manual_uploaded_rates,manual
EUR_GBP-2025-04-20,2025-04-20,EUR_GBP,EUR,GBP,0.84212,manual_uploaded_rates,manual
EUR_USD-2025-04-20,2025-04-20,EUR_USD,EUR,USD,1.092751,manual_uploaded_rates,manual
USD_GBP-2025-04-20,2025-04-20,USD_GBP,USD,GBP,0.781969,manual_uploaded_rates,manual
GBP_EUR-2025-04-20,2025-04-20,GBP_EUR,GBP,EUR,1.182978,manual_uploaded_rates,manual
GBP_INR-2025-04-21,2025-04-21,GBP_INR,GBP,INR,108.6691,manual_uploaded_rates,manual
USD_INR-2025-04-21,2025-04-21,USD_INR,USD,INR,83.6772,manual_uploaded_rates,manual
EUR_INR-2025-04-21,2025-04-21,EUR_INR,EUR,INR,92.0479,manual_uploaded_rates,manual
GBP_USD-2025-04-21,2025-04-21,GBP_USD,GBP,USD,1.293202,manual_uploaded_rates,manual
EUR_GBP-2025-04-21,2025-04-21,EUR_GBP,EUR,GBP,0.842085,manual_uploaded_rates,manual
EUR_USD-2025-04-21,2025-04-21,EUR_USD,EUR,USD,1.092706,manual_uploaded_rates,manual
USD_GBP-2025-04-21,2025-04-21,USD_GBP,USD,GBP,0.781936,manual_uploaded_rates,manual
GBP_EUR-2025-04-21,2025-04-21,GBP_EUR,GBP,EUR,1.182929,manual_uploaded_rates,manual
GBP_INR-2025-04-22,2025-04-22,GBP_INR,GBP,INR,108.6615,manual_uploaded_rates,manual
USD_INR-2025-04-22,2025-04-22,USD_INR,USD,INR,83.6714,manual_uploaded_rates,manual
EUR_INR-2025-04-22,2025-04-22,EUR_INR,EUR,INR,92.0415,manual_uploaded_rates,manual
GBP_USD-2025-04-22,2025-04-22,GBP_USD,GBP,USD,1.293112,manual_uploaded_rates,manual
EUR_GBP-2025-04-22,2025-04-22,EUR_GBP,EUR,GBP,0.842026,manual_uploaded_rates,manual
EUR_USD-2025-04-22,2025-04-22,EUR_USD,EUR,USD,1.092629,manual_uploaded_rates,manual
USD_GBP-2025-04-22,2025-04-22,USD_GBP,USD,GBP,0.781882,manual_uploaded_rates,manual
GBP_EUR-2025-04-22,2025-04-22,GBP_EUR,GBP,EUR,1.182846,manual_uploaded_rates,manual
GBP_INR-2025-04-23,2025-04-23,GBP_INR,GBP,INR,108.6516,manual_uploaded_rates,manual
USD_INR-2025-04-23,2025-04-23,USD_INR,USD,INR,83.6637,manual_uploaded_rates,manual
EUR_INR-2025-04-23,2025-04-23,EUR_INR,EUR,INR,92.0331,manual_uploaded_rates,manual
GBP_USD-2025-04-23,2025-04-23,GBP_USD,GBP,USD,1.292994,manual_uploaded_rates,manual
EUR_GBP-2025-04-23,2025-04-23,EUR_GBP,EUR,GBP,0.841949,manual_uploaded_rates,manual
EUR_USD-2025-04-23,2025-04-23,EUR_USD,EUR,USD,1.09253,manual_uploaded_rates,manual
USD_GBP-2025-04-23,2025-04-23,USD_GBP,USD,GBP,0.78181,manual_uploaded_rates,manual
GBP_EUR-2025-04-23,2025-04-23,GBP_EUR,GBP,EUR,1.182738,manual_uploaded_rates,manual
GBP_INR-2025-04-24,2025-04-24,GBP_INR,GBP,INR,108.6401,manual_uploaded_rates,manual
USD_INR-2025-04-24,2025-04-24,USD_INR,USD,INR,83.6549,manual_uploaded_rates,manual
EUR_INR-2025-04-24,2025-04-24,EUR_INR,EUR,INR,92.0234,manual_uploaded_rates,manual
GBP_USD-2025-04-24,2025-04-24,GBP_USD,GBP,USD,1.292857,manual_uploaded_rates,manual
EUR_GBP-2025-04-24,2025-04-24,EUR_GBP,EUR,GBP,0.841861,manual_uploaded_rates,manual
EUR_USD-2025-04-24,2025-04-24,EUR_USD,EUR,USD,1.092414,manual_uploaded_rates,manual
USD_GBP-2025-04-24,2025-04-24,USD_GBP,USD,GBP,0.781728,manual_uploaded_rates,manual
GBP_EUR-2025-04-24,2025-04-24,GBP_EUR,GBP,EUR,1.182614,manual_uploaded_rates,manual
GBP_INR-2025-04-25,2025-04-25,GBP_INR,GBP,INR,108.628,manual_uploaded_rates,manual
USD_INR-2025-04-25,2025-04-25,USD_INR,USD,INR,83.6455,manual_uploaded_rates,manual
EUR_INR-2025-04-25,2025-04-25,EUR_INR,EUR,INR,92.0131,manual_uploaded_rates,manual
GBP_USD-2025-04-25,2025-04-25,GBP_USD,GBP,USD,1.292713,manual_uploaded_rates,manual
EUR_GBP-2025-04-25,2025-04-25,EUR_GBP,EUR,GBP,0.841766,manual_uploaded_rates,manual
EUR_USD-2025-04-25,2025-04-25,EUR_USD,EUR,USD,1.092292,manual_uploaded_rates,manual
USD_GBP-2025-04-25,2025-04-25,USD_GBP,USD,GBP,0.78164,manual_uploaded_rates,manual
GBP_EUR-2025-04-25,2025-04-25,GBP_EUR,GBP,EUR,1.182482,manual_uploaded_rates,manual
GBP_INR-2025-04-26,2025-04-26,GBP_INR,GBP,INR,108.616,manual_uploaded_rates,manual
USD_INR-2025-04-26,2025-04-26,USD_INR,USD,INR,83.6363,manual_uploaded_rates,manual
EUR_INR-2025-04-26,2025-04-26,EUR_INR,EUR,INR,92.003,manual_uploaded_rates,manual
GBP_USD-2025-04-26,2025-04-26,GBP_USD,GBP,USD,1.292571,manual_uploaded_rates,manual
EUR_GBP-2025-04-26,2025-04-26,EUR_GBP,EUR,GBP,0.841674,manual_uploaded_rates,manual
EUR_USD-2025-04-26,2025-04-26,EUR_USD,EUR,USD,1.092172,manual_uploaded_rates,manual
USD_GBP-2025-04-26,2025-04-26,USD_GBP,USD,GBP,0.781554,manual_uploaded_rates,manual
GBP_EUR-2025-04-26,2025-04-26,GBP_EUR,GBP,EUR,1.182351,manual_uploaded_rates,manual
GBP_INR-2025-04-27,2025-04-27,GBP_INR,GBP,INR,108.6052,manual_uploaded_rates,manual
USD_INR-2025-04-27,2025-04-27,USD_INR,USD,INR,83.628,manual_uploaded_rates,manual
EUR_INR-2025-04-27,2025-04-27,EUR_INR,EUR,INR,91.9938,manual_uploaded_rates,manual
GBP_USD-2025-04-27,2025-04-27,GBP_USD,GBP,USD,1.292441,manual_uploaded_rates,manual
EUR_GBP-2025-04-27,2025-04-27,EUR_GBP,EUR,GBP,0.84159,manual_uploaded_rates,manual
EUR_USD-2025-04-27,2025-04-27,EUR_USD,EUR,USD,1.092063,manual_uploaded_rates,manual
USD_GBP-2025-04-27,2025-04-27,USD_GBP,USD,GBP,0.781476,manual_uploaded_rates,manual
GBP_EUR-2025-04-27,2025-04-27,GBP_EUR,GBP,EUR,1.182233,manual_uploaded_rates,manual
GBP_INR-2025-04-28,2025-04-28,GBP_INR,GBP,INR,108.5963,manual_uploaded_rates,manual
USD_INR-2025-04-28,2025-04-28,USD_INR,USD,INR,83.6211,manual_uploaded_rates,manual
EUR_INR-2025-04-28,2025-04-28,EUR_INR,EUR,INR,91.9862,manual_uploaded_rates,manual
GBP_USD-2025-04-28,2025-04-28,GBP_USD,GBP,USD,1.292336,manual_uploaded_rates,manual
EUR_GBP-2025-04-28,2025-04-28,EUR_GBP,EUR,GBP,0.841521,manual_uploaded_rates,manual
EUR_USD-2025-04-28,2025-04-28,EUR_USD,EUR,USD,1.091973,manual_uploaded_rates,manual
USD_GBP-2025-04-28,2025-04-28,USD_GBP,USD,GBP,0.781412,manual_uploaded_rates,manual
GBP_EUR-2025-04-28,2025-04-28,GBP_EUR,GBP,EUR,1.182136,manual_uploaded_rates,manual
GBP_INR-2025-04-29,2025-04-29,GBP_INR,GBP,INR,108.5902,manual_uploaded_rates,manual
USD_INR-2025-04-29,2025-04-29,USD_INR,USD,INR,83.6164,manual_uploaded_rates,manual
EUR_INR-2025-04-29,2025-04-29,EUR_INR,EUR,INR,91.9811,manual_uploaded_rates,manual
GBP_USD-2025-04-29,2025-04-29,GBP_USD,GBP,USD,1.292263,manual_uploaded_rates,manual
EUR_GBP-2025-04-29,2025-04-29,EUR_GBP,EUR,GBP,0.841474,manual_uploaded_rates,manual
EUR_USD-2025-04-29,2025-04-29,EUR_USD,EUR,USD,1.091912,manual_uploaded_rates,manual
USD_GBP-2025-04-29,2025-04-29,USD_GBP,USD,GBP,0.781368,manual_uploaded_rates,manual
GBP_EUR-2025-04-29,2025-04-29,GBP_EUR,GBP,EUR,1.18207,manual_uploaded_rates,manual
GBP_INR-2025-04-30,2025-04-30,GBP_INR,GBP,INR,108.5877,manual_uploaded_rates,manual
USD_INR-2025-04-30,2025-04-30,USD_INR,USD,INR,83.6145,manual_uploaded_rates,manual
EUR_INR-2025-04-30,2025-04-30,EUR_INR,EUR,INR,91.979,manual_uploaded_rates,manual
GBP_USD-2025-04-30,2025-04-30,GBP_USD,GBP,USD,1.292233,manual_uploaded_rates,manual
EUR_GBP-2025-04-30,2025-04-30,EUR_GBP,EUR,GBP,0.841454,manual_uploaded_rates,manual
EUR_USD-2025-04-30,2025-04-30,EUR_USD,EUR,USD,1.091887,manual_uploaded_rates,manual
USD_GBP-2025-04-30,2025-04-30,USD_GBP,USD,GBP,0.78135,manual_uploaded_rates,manual
GBP_EUR-2025-04-30,2025-04-30,GBP_EUR,GBP,EUR,1.182043,manual_uploaded_rates,manual
GBP_INR-2025-05-01,2025-05-01,GBP_INR,GBP,INR,108.5895,manual_uploaded_rates,manual
USD_INR-2025-05-01,2025-05-01,USD_INR,USD,INR,83.6159,manual_uploaded_rates,manual
EUR_INR-2025-05-01,2025-05-01,EUR_INR,EUR,INR,91.9805,manual_uploaded_rates,manual
GBP_USD-2025-05-01,2025-05-01,GBP_USD,GBP,USD,1.292255,manual_uploaded_rates,manual
EUR_GBP-2025-05-01,2025-05-01,EUR_GBP,EUR,GBP,0.841469,manual_uploaded_rates,manual
EUR_USD-2025-05-01,2025-05-01,EUR_USD,EUR,USD,1.091906,manual_uploaded_rates,manual
USD_GBP-2025-05-01,2025-05-01,USD_GBP,USD,GBP,0.781364,manual_uploaded_rates,manual
GBP_EUR-2025-05-01,2025-05-01,GBP_EUR,GBP,EUR,1.182063,manual_uploaded_rates,manual
GBP_INR-2025-05-02,2025-05-02,GBP_INR,GBP,INR,108.5964,manual_uploaded_rates,manual
USD_INR-2025-05-02,2025-05-02,USD_INR,USD,INR,83.6212,manual_uploaded_rates,manual
EUR_INR-2025-05-02,2025-05-02,EUR_INR,EUR,INR,91.9863,manual_uploaded_rates,manual
GBP_USD-2025-05-02,2025-05-02,GBP_USD,GBP,USD,1.292337,manual_uploaded_rates,manual
EUR_GBP-2025-05-02,2025-05-02,EUR_GBP,EUR,GBP,0.841522,manual_uploaded_rates,manual
EUR_USD-2025-05-02,2025-05-02,EUR_USD,EUR,USD,1.091975,manual_uploaded_rates,manual
USD_GBP-2025-05-02,2025-05-02,USD_GBP,USD,GBP,0.781413,manual_uploaded_rates,manual
GBP_EUR-2025-05-02,2025-05-02,GBP_EUR,GBP,EUR,1.182138,manual_uploaded_rates,manual
GBP_INR-2025-05-03,2025-05-03,GBP_INR,GBP,INR,108.6088,manual_uploaded_rates,manual
USD_INR-2025-05-03,2025-05-03,USD_INR,USD,INR,83.6308,manual_uploaded_rates,manual
EUR_INR-2025-05-03,2025-05-03,EUR_INR,EUR,INR,91.9968,manual_uploaded_rates,manual
GBP_USD-2025-05-03,2025-05-03,GBP_USD,GBP,USD,1.292485,manual_uploaded_rates,manual
EUR_GBP-2025-05-03,2025-05-03,EUR_GBP,EUR,GBP,0.841618,manual_uploaded_rates,manual
EUR_USD-2025-05-03,2025-05-03,EUR_USD,EUR,USD,1.092099,manual_uploaded_rates,manual
USD_GBP-2025-05-03,2025-05-03,USD_GBP,USD,GBP,0.781502,manual_uploaded_rates,manual
GBP_EUR-2025-05-03,2025-05-03,GBP_EUR,GBP,EUR,1.182273,manual_uploaded_rates,manual
GBP_INR-2025-05-04,2025-05-04,GBP_INR,GBP,INR,108.6272,manual_uploaded_rates,manual
USD_INR-2025-05-04,2025-05-04,USD_INR,USD,INR,83.645,manual_uploaded_rates,manual
EUR_INR-2025-05-04,2025-05-04,EUR_INR,EUR,INR,92.0125,manual_uploaded_rates,manual
GBP_USD-2025-05-04,2025-05-04,GBP_USD,GBP,USD,1.292704,manual_uploaded_rates,manual
EUR_GBP-2025-05-04,2025-05-04,EUR_GBP,EUR,GBP,0.841761,manual_uploaded_rates,manual
EUR_USD-2025-05-04,2025-05-04,EUR_USD,EUR,USD,1.092285,manual_uploaded_rates,manual
USD_GBP-2025-05-04,2025-05-04,USD_GBP,USD,GBP,0.781635,manual_uploaded_rates,manual
GBP_EUR-2025-05-04,2025-05-04,GBP_EUR,GBP,EUR,1.182473,manual_uploaded_rates,manual
GBP_INR-2025-05-05,2025-05-05,GBP_INR,GBP,INR,108.652,manual_uploaded_rates,manual
USD_INR-2025-05-05,2025-05-05,USD_INR,USD,INR,83.664,manual_uploaded_rates,manual
EUR_INR-2025-05-05,2025-05-05,EUR_INR,EUR,INR,92.0335,manual_uploaded_rates,manual
GBP_USD-2025-05-05,2025-05-05,GBP_USD,GBP,USD,1.292999,manual_uploaded_rates,manual
EUR_GBP-2025-05-05,2025-05-05,EUR_GBP,EUR,GBP,0.841953,manual_uploaded_rates,manual
EUR_USD-2025-05-05,2025-05-05,EUR_USD,EUR,USD,1.092534,manual_uploaded_rates,manual
USD_GBP-2025-05-05,2025-05-05,USD_GBP,USD,GBP,0.781813,manual_uploaded_rates,manual
GBP_EUR-2025-05-05,2025-05-05,GBP_EUR,GBP,EUR,1.182743,manual_uploaded_rates,manual
GBP_INR-2025-05-06,2025-05-06,GBP_INR,GBP,INR,108.6834,manual_uploaded_rates,manual
USD_INR-2025-05-06,2025-05-06,USD_INR,USD,INR,83.6882,manual_uploaded_rates,manual
EUR_INR-2025-05-06,2025-05-06,EUR_INR,EUR,INR,92.06,manual_uploaded_rates,manual
GBP_USD-2025-05-06,2025-05-06,GBP_USD,GBP,USD,1.293372,manual_uploaded_rates,manual
EUR_GBP-2025-05-06,2025-05-06,EUR_GBP,EUR,GBP,0.842196,manual_uploaded_rates,manual
EUR_USD-2025-05-06,2025-05-06,EUR_USD,EUR,USD,1.092849,manual_uploaded_rates,manual
USD_GBP-2025-05-06,2025-05-06,USD_GBP,USD,GBP,0.782039,manual_uploaded_rates,manual
GBP_EUR-2025-05-06,2025-05-06,GBP_EUR,GBP,EUR,1.183085,manual_uploaded_rates,manual
GBP_INR-2025-05-07,2025-05-07,GBP_INR,GBP,INR,108.7214,manual_uploaded_rates,manual
USD_INR-2025-05-07,2025-05-07,USD_INR,USD,INR,83.7175,manual_uploaded_rates,manual
EUR_INR-2025-05-07,2025-05-07,EUR_INR,EUR,INR,92.0922,manual_uploaded_rates,manual
GBP_USD-2025-05-07,2025-05-07,GBP_USD,GBP,USD,1.293825,manual_uploaded_rates,manual
EUR_GBP-2025-05-07,2025-05-07,EUR_GBP,EUR,GBP,0.84249,manual_uploaded_rates,manual
EUR_USD-2025-05-07,2025-05-07,EUR_USD,EUR,USD,1.093232,manual_uploaded_rates,manual
USD_GBP-2025-05-07,2025-05-07,USD_GBP,USD,GBP,0.782313,manual_uploaded_rates,manual
GBP_EUR-2025-05-07,2025-05-07,GBP_EUR,GBP,EUR,1.183498,manual_uploaded_rates,manual
GBP_INR-2025-05-08,2025-05-08,GBP_INR,GBP,INR,108.766,manual_uploaded_rates,manual
USD_INR-2025-05-08,2025-05-08,USD_INR,USD,INR,83.7518,manual_uploaded_rates,manual
EUR_INR-2025-05-08,2025-05-08,EUR_INR,EUR,INR,92.13,manual_uploaded_rates,manual
GBP_USD-2025-05-08,2025-05-08,GBP_USD,GBP,USD,1.294356,manual_uploaded_rates,manual
EUR_GBP-2025-05-08,2025-05-08,EUR_GBP,EUR,GBP,0.842836,manual_uploaded_rates,manual
EUR_USD-2025-05-08,2025-05-08,EUR_USD,EUR,USD,1.09368,manual_uploaded_rates,manual
USD_GBP-2025-05-08,2025-05-08,USD_GBP,USD,GBP,0.782634,manual_uploaded_rates,manual
GBP_EUR-2025-05-08,2025-05-08,GBP_EUR,GBP,EUR,1.183984,manual_uploaded_rates,manual
GBP_INR-2025-05-09,2025-05-09,GBP_INR,GBP,INR,108.817,manual_uploaded_rates,manual
USD_INR-2025-05-09,2025-05-09,USD_INR,USD,INR,83.7911,manual_uploaded_rates,manual
EUR_INR-2025-05-09,2025-05-09,EUR_INR,EUR,INR,92.1732,manual_uploaded_rates,manual
GBP_USD-2025-05-09,2025-05-09,GBP_USD,GBP,USD,1.294963,manual_uploaded_rates,manual
EUR_GBP-2025-05-09,2025-05-09,EUR_GBP,EUR,GBP,0.843232,manual_uploaded_rates,manual
EUR_USD-2025-05-09,2025-05-09,EUR_USD,EUR,USD,1.094193,manual_uploaded_rates,manual
USD_GBP-2025-05-09,2025-05-09,USD_GBP,USD,GBP,0.783001,manual_uploaded_rates,manual
GBP_EUR-2025-05-09,2025-05-09,GBP_EUR,GBP,EUR,1.18454,manual_uploaded_rates,manual
GBP_INR-2025-05-10,2025-05-10,GBP_INR,GBP,INR,108.8741,manual_uploaded_rates,manual
USD_INR-2025-05-10,2025-05-10,USD_INR,USD,INR,83.8351,manual_uploaded_rates,manual
EUR_INR-2025-05-10,2025-05-10,EUR_INR,EUR,INR,92.2216,manual_uploaded_rates,manual
GBP_USD-2025-05-10,2025-05-10,GBP_USD,GBP,USD,1.295642,manual_uploaded_rates,manual
EUR_GBP-2025-05-10,2025-05-10,EUR_GBP,EUR,GBP,0.843674,manual_uploaded_rates,manual
EUR_USD-2025-05-10,2025-05-10,EUR_USD,EUR,USD,1.094768,manual_uploaded_rates,manual
USD_GBP-2025-05-10,2025-05-10,USD_GBP,USD,GBP,0.783412,manual_uploaded_rates,manual
GBP_EUR-2025-05-10,2025-05-10,GBP_EUR,GBP,EUR,1.185161,manual_uploaded_rates,manual
GBP_INR-2025-05-11,2025-05-11,GBP_INR,GBP,INR,108.9369,manual_uploaded_rates,manual
USD_INR-2025-05-11,2025-05-11,USD_INR,USD,INR,83.8834,manual_uploaded_rates,manual
EUR_INR-2025-05-11,2025-05-11,EUR_INR,EUR,INR,92.2748,manual_uploaded_rates,manual
GBP_USD-2025-05-11,2025-05-11,GBP_USD,GBP,USD,1.296389,manual_uploaded_rates,manual
EUR_GBP-2025-05-11,2025-05-11,EUR_GBP,EUR,GBP,0.844161,manual_uploaded_rates,manual
EUR_USD-2025-05-11,2025-05-11,EUR_USD,EUR,USD,1.095399,manual_uploaded_rates,manual
USD_GBP-2025-05-11,2025-05-11,USD_GBP,USD,GBP,0.783863,manual_uploaded_rates,manual
GBP_EUR-2025-05-11,2025-05-11,GBP_EUR,GBP,EUR,1.185845,manual_uploaded_rates,manual
GBP_INR-2025-05-12,2025-05-12,GBP_INR,GBP,INR,109.0047,manual_uploaded_rates,manual
USD_INR-2025-05-12,2025-05-12,USD_INR,USD,INR,83.9357,manual_uploaded_rates,manual
EUR_INR-2025-05-12,2025-05-12,EUR_INR,EUR,INR,92.3322,manual_uploaded_rates,manual
GBP_USD-2025-05-12,2025-05-12,GBP_USD,GBP,USD,1.297197,manual_uploaded_rates,manual
EUR_GBP-2025-05-12,2025-05-12,EUR_GBP,EUR,GBP,0.844686,manual_uploaded_rates,manual
EUR_USD-2025-05-12,2025-05-12,EUR_USD,EUR,USD,1.096081,manual_uploaded_rates,manual
USD_GBP-2025-05-12,2025-05-12,USD_GBP,USD,GBP,0.784351,manual_uploaded_rates,manual
GBP_EUR-2025-05-12,2025-05-12,GBP_EUR,GBP,EUR,1.186583,manual_uploaded_rates,manual
GBP_INR-2025-05-13,2025-05-13,GBP_INR,GBP,INR,109.077,manual_uploaded_rates,manual
USD_INR-2025-05-13,2025-05-13,USD_INR,USD,INR,83.9913,manual_uploaded_rates,manual
EUR_INR-2025-05-13,2025-05-13,EUR_INR,EUR,INR,92.3934,manual_uploaded_rates,manual
GBP_USD-2025-05-13,2025-05-13,GBP_USD,GBP,USD,1.298056,manual_uploaded_rates,manual
EUR_GBP-2025-05-13,2025-05-13,EUR_GBP,EUR,GBP,0.845246,manual_uploaded_rates,manual
EUR_USD-2025-05-13,2025-05-13,EUR_USD,EUR,USD,1.096807,manual_uploaded_rates,manual
USD_GBP-2025-05-13,2025-05-13,USD_GBP,USD,GBP,0.784871,manual_uploaded_rates,manual
GBP_EUR-2025-05-13,2025-05-13,GBP_EUR,GBP,EUR,1.187369,manual_uploaded_rates,manual
GBP_INR-2025-05-14,2025-05-14,GBP_INR,GBP,INR,109.1528,manual_uploaded_rates,manual
USD_INR-2025-05-14,2025-05-14,USD_INR,USD,INR,84.0497,manual_uploaded_rates,manual
EUR_INR-2025-05-14,2025-05-14,EUR_INR,EUR,INR,92.4577,manual_uploaded_rates,manual
GBP_USD-2025-05-14,2025-05-14,GBP_USD,GBP,USD,1.298959,manual_uploaded_rates,manual
EUR_GBP-2025-05-14,2025-05-14,EUR_GBP,EUR,GBP,0.845834,manual_uploaded_rates,manual
EUR_USD-2025-05-14,2025-05-14,EUR_USD,EUR,USD,1.09757,manual_uploaded_rates,manual
USD_GBP-2025-05-14,2025-05-14,USD_GBP,USD,GBP,0.785417,manual_uploaded_rates,manual
GBP_EUR-2025-05-14,2025-05-14,GBP_EUR,GBP,EUR,1.188195,manual_uploaded_rates,manual
GBP_INR-2025-05-15,2025-05-15,GBP_INR,GBP,INR,109.2314,manual_uploaded_rates,manual
USD_INR-2025-05-15,2025-05-15,USD_INR,USD,INR,84.1102,manual_uploaded_rates,manual
EUR_INR-2025-05-15,2025-05-15,EUR_INR,EUR,INR,92.5243,manual_uploaded_rates,manual
GBP_USD-2025-05-15,2025-05-15,GBP_USD,GBP,USD,1.299894,manual_uploaded_rates,manual
EUR_GBP-2025-05-15,2025-05-15,EUR_GBP,EUR,GBP,0.846443,manual_uploaded_rates,manual
EUR_USD-2025-05-15,2025-05-15,EUR_USD,EUR,USD,1.09836,manual_uploaded_rates,manual
USD_GBP-2025-05-15,2025-05-15,USD_GBP,USD,GBP,0.785983,manual_uploaded_rates,manual
GBP_EUR-2025-05-15,2025-05-15,GBP_EUR,GBP,EUR,1.18905,manual_uploaded_rates,manual
GBP_INR-2025-05-16,2025-05-16,GBP_INR,GBP,INR,109.3118,manual_uploaded_rates,manual
USD_INR-2025-05-16,2025-05-16,USD_INR,USD,INR,84.1721,manual_uploaded_rates,manual
EUR_INR-2025-05-16,2025-05-16,EUR_INR,EUR,INR,92.5924,manual_uploaded_rates,manual
GBP_USD-2025-05-16,2025-05-16,GBP_USD,GBP,USD,1.300851,manual_uploaded_rates,manual
EUR_GBP-2025-05-16,2025-05-16,EUR_GBP,EUR,GBP,0.847066,manual_uploaded_rates,manual
EUR_USD-2025-05-16,2025-05-16,EUR_USD,EUR,USD,1.099169,manual_uploaded_rates,manual
USD_GBP-2025-05-16,2025-05-16,USD_GBP,USD,GBP,0.786561,manual_uploaded_rates,manual
GBP_EUR-2025-05-16,2025-05-16,GBP_EUR,GBP,EUR,1.189926,manual_uploaded_rates,manual
GBP_INR-2025-05-17,2025-05-17,GBP_INR,GBP,INR,109.3931,manual_uploaded_rates,manual
USD_INR-2025-05-17,2025-05-17,USD_INR,USD,INR,84.2347,manual_uploaded_rates,manual
EUR_INR-2025-05-17,2025-05-17,EUR_INR,EUR,INR,92.6612,manual_uploaded_rates,manual
GBP_USD-2025-05-17,2025-05-17,GBP_USD,GBP,USD,1.301818,manual_uploaded_rates,manual
EUR_GBP-2025-05-17,2025-05-17,EUR_GBP,EUR,GBP,0.847696,manual_uploaded_rates,manual
EUR_USD-2025-05-17,2025-05-17,EUR_USD,EUR,USD,1.099986,manual_uploaded_rates,manual
USD_GBP-2025-05-17,2025-05-17,USD_GBP,USD,GBP,0.787146,manual_uploaded_rates,manual
GBP_EUR-2025-05-17,2025-05-17,GBP_EUR,GBP,EUR,1.190811,manual_uploaded_rates,manual
GBP_INR-2025-05-18,2025-05-18,GBP_INR,GBP,INR,109.4742,manual_uploaded_rates,manual
USD_INR-2025-05-18,2025-05-18,USD_INR,USD,INR,84.2972,manual_uploaded_rates,manual
EUR_INR-2025-05-18,2025-05-18,EUR_INR,EUR,INR,92.7299,manual_uploaded_rates,manual
GBP_USD-2025-05-18,2025-05-18,GBP_USD,GBP,USD,1.302784,manual_uploaded_rates,manual
EUR_GBP-2025-05-18,2025-05-18,EUR_GBP,EUR,GBP,0.848324,manual_uploaded_rates,manual
EUR_USD-2025-05-18,2025-05-18,EUR_USD,EUR,USD,1.100802,manual_uploaded_rates,manual
USD_GBP-2025-05-18,2025-05-18,USD_GBP,USD,GBP,0.78773,manual_uploaded_rates,manual
GBP_EUR-2025-05-18,2025-05-18,GBP_EUR,GBP,EUR,1.191693,manual_uploaded_rates,manual
GBP_INR-2025-05-19,2025-05-19,GBP_INR,GBP,INR,109.5541,manual_uploaded_rates,manual
USD_INR-2025-05-19,2025-05-19,USD_INR,USD,INR,84.3587,manual_uploaded_rates,manual
EUR_INR-2025-05-19,2025-05-19,EUR_INR,EUR,INR,92.7976,manual_uploaded_rates,manual
GBP_USD-2025-05-19,2025-05-19,GBP_USD,GBP,USD,1.303734,manual_uploaded_rates,manual
EUR_GBP-2025-05-19,2025-05-19,EUR_GBP,EUR,GBP,0.848943,manual_uploaded_rates,manual
EUR_USD-2025-05-19,2025-05-19,EUR_USD,EUR,USD,1.101605,manual_uploaded_rates,manual
USD_GBP-2025-05-19,2025-05-19,USD_GBP,USD,GBP,0.788305,manual_uploaded_rates,manual
GBP_EUR-2025-05-19,2025-05-19,GBP_EUR,GBP,EUR,1.192563,manual_uploaded_rates,manual
GBP_INR-2025-05-20,2025-05-20,GBP_INR,GBP,INR,109.6318,manual_uploaded_rates,manual
USD_INR-2025-05-20,2025-05-20,USD_INR,USD,INR,84.4185,manual_uploaded_rates,manual
EUR_INR-2025-05-20,2025-05-20,EUR_INR,EUR,INR,92.8634,manual_uploaded_rates,manual
GBP_USD-2025-05-20,2025-05-20,GBP_USD,GBP,USD,1.304659,manual_uploaded_rates,manual
EUR_GBP-2025-05-20,2025-05-20,EUR_GBP,EUR,GBP,0.849545,manual_uploaded_rates,manual
EUR_USD-2025-05-20,2025-05-20,EUR_USD,EUR,USD,1.102386,manual_uploaded_rates,manual
USD_GBP-2025-05-20,2025-05-20,USD_GBP,USD,GBP,0.788863,manual_uploaded_rates,manual
GBP_EUR-2025-05-20,2025-05-20,GBP_EUR,GBP,EUR,1.193409,manual_uploaded_rates,manual
GBP_INR-2025-05-21,2025-05-21,GBP_INR,GBP,INR,109.7062,manual_uploaded_rates,manual
USD_INR-2025-05-21,2025-05-21,USD_INR,USD,INR,84.4758,manual_uploaded_rates,manual
EUR_INR-2025-05-21,2025-05-21,EUR_INR,EUR,INR,92.9265,manual_uploaded_rates,manual
GBP_USD-2025-05-21,2025-05-21,GBP_USD,GBP,USD,1.305545,manual_uploaded_rates,manual
EUR_GBP-2025-05-21,2025-05-21,EUR_GBP,EUR,GBP,0.850122,manual_uploaded_rates,manual
EUR_USD-2025-05-21,2025-05-21,EUR_USD,EUR,USD,1.103135,manual_uploaded_rates,manual
USD_GBP-2025-05-21,2025-05-21,USD_GBP,USD,GBP,0.789399,manual_uploaded_rates,manual
GBP_EUR-2025-05-21,2025-05-21,GBP_EUR,GBP,EUR,1.194219,manual_uploaded_rates,manual
GBP_INR-2025-05-22,2025-05-22,GBP_INR,GBP,INR,109.7765,manual_uploaded_rates,manual
USD_INR-2025-05-22,2025-05-22,USD_INR,USD,INR,84.53,manual_uploaded_rates,manual
EUR_INR-2025-05-22,2025-05-22,EUR_INR,EUR,INR,92.986,manual_uploaded_rates,manual
GBP_USD-2025-05-22,2025-05-22,GBP_USD,GBP,USD,1.306381,manual_uploaded_rates,manual
EUR_GBP-2025-05-22,2025-05-22,EUR_GBP,EUR,GBP,0.850667,manual_uploaded_rates,manual
EUR_USD-2025-05-22,2025-05-22,EUR_USD,EUR,USD,1.103841,manual_uploaded_rates,manual
USD_GBP-2025-05-22,2025-05-22,USD_GBP,USD,GBP,0.789905,manual_uploaded_rates,manual
GBP_EUR-2025-05-22,2025-05-22,GBP_EUR,GBP,EUR,1.194984,manual_uploaded_rates,manual
GBP_INR-2025-05-23,2025-05-23,GBP_INR,GBP,INR,109.8417,manual_uploaded_rates,manual
USD_INR-2025-05-23,2025-05-23,USD_INR,USD,INR,84.5802,manual_uploaded_rates,manual
EUR_INR-2025-05-23,2025-05-23,EUR_INR,EUR,INR,93.0412,manual_uploaded_rates,manual
GBP_USD-2025-05-23,2025-05-23,GBP_USD,GBP,USD,1.307157,manual_uploaded_rates,manual
EUR_GBP-2025-05-23,2025-05-23,EUR_GBP,EUR,GBP,0.851172,manual_uploaded_rates,manual
EUR_USD-2025-05-23,2025-05-23,EUR_USD,EUR,USD,1.104497,manual_uploaded_rates,manual
USD_GBP-2025-05-23,2025-05-23,USD_GBP,USD,GBP,0.790374,manual_uploaded_rates,manual
GBP_EUR-2025-05-23,2025-05-23,GBP_EUR,GBP,EUR,1.195694,manual_uploaded_rates,manual
GBP_INR-2025-05-24,2025-05-24,GBP_INR,GBP,INR,109.9011,manual_uploaded_rates,manual
USD_INR-2025-05-24,2025-05-24,USD_INR,USD,INR,84.6259,manual_uploaded_rates,manual
EUR_INR-2025-05-24,2025-05-24,EUR_INR,EUR,INR,93.0915,manual_uploaded_rates,manual
GBP_USD-2025-05-24,2025-05-24,GBP_USD,GBP,USD,1.307863,manual_uploaded_rates,manual
EUR_GBP-2025-05-24,2025-05-24,EUR_GBP,EUR,GBP,0.851632,manual_uploaded_rates,manual
EUR_USD-2025-05-24,2025-05-24,EUR_USD,EUR,USD,1.105094,manual_uploaded_rates,manual
USD_GBP-2025-05-24,2025-05-24,USD_GBP,USD,GBP,0.790801,manual_uploaded_rates,manual
GBP_EUR-2025-05-24,2025-05-24,GBP_EUR,GBP,EUR,1.19634,manual_uploaded_rates,manual
GBP_INR-2025-05-25,2025-05-25,GBP_INR,GBP,INR,109.9538,manual_uploaded_rates,manual
USD_INR-2025-05-25,2025-05-25,USD_INR,USD,INR,84.6664,manual_uploaded_rates,manual
EUR_INR-2025-05-25,2025-05-25,EUR_INR,EUR,INR,93.1361,manual_uploaded_rates,manual
GBP_USD-2025-05-25,2025-05-25,GBP_USD,GBP,USD,1.308491,manual_uploaded_rates,manual
EUR_GBP-2025-05-25,2025-05-25,EUR_GBP,EUR,GBP,0.85204,manual_uploaded_rates,manual
EUR_USD-2025-05-25,2025-05-25,EUR_USD,EUR,USD,1.105624,manual_uploaded_rates,manual
USD_GBP-2025-05-25,2025-05-25,USD_GBP,USD,GBP,0.79118,manual_uploaded_rates,manual
GBP_EUR-2025-05-25,2025-05-25,GBP_EUR,GBP,EUR,1.196914,manual_uploaded_rates,manual
GBP_INR-2025-05-26,2025-05-26,GBP_INR,GBP,INR,109.9993,manual_uploaded_rates,manual
USD_INR-2025-05-26,2025-05-26,USD_INR,USD,INR,84.7015,manual_uploaded_rates,manual
EUR_INR-2025-05-26,2025-05-26,EUR_INR,EUR,INR,93.1747,manual_uploaded_rates,manual
GBP_USD-2025-05-26,2025-05-26,GBP_USD,GBP,USD,1.309032,manual_uploaded_rates,manual
EUR_GBP-2025-05-26,2025-05-26,EUR_GBP,EUR,GBP,0.852393,manual_uploaded_rates,manual
EUR_USD-2025-05-26,2025-05-26,EUR_USD,EUR,USD,1.106081,manual_uploaded_rates,manual
USD_GBP-2025-05-26,2025-05-26,USD_GBP,USD,GBP,0.791508,manual_uploaded_rates,manual
GBP_EUR-2025-05-26,2025-05-26,GBP_EUR,GBP,EUR,1.197409,manual_uploaded_rates,manual
GBP_INR-2025-05-27,2025-05-27,GBP_INR,GBP,INR,110.0371,manual_uploaded_rates,manual
USD_INR-2025-05-27,2025-05-27,USD_INR,USD,INR,84.7306,manual_uploaded_rates,manual
EUR_INR-2025-05-27,2025-05-27,EUR_INR,EUR,INR,93.2067,manual_uploaded_rates,manual
GBP_USD-2025-05-27,2025-05-27,GBP_USD,GBP,USD,1.309482,manual_uploaded_rates,manual
EUR_GBP-2025-05-27,2025-05-27,EUR_GBP,EUR,GBP,0.852686,manual_uploaded_rates,manual
EUR_USD-2025-05-27,2025-05-27,EUR_USD,EUR,USD,1.106461,manual_uploaded_rates,manual
USD_GBP-2025-05-27,2025-05-27,USD_GBP,USD,GBP,0.79178,manual_uploaded_rates,manual
GBP_EUR-2025-05-27,2025-05-27,GBP_EUR,GBP,EUR,1.197821,manual_uploaded_rates,manual
GBP_INR-2025-05-28,2025-05-28,GBP_INR,GBP,INR,110.0668,manual_uploaded_rates,manual
USD_INR-2025-05-28,2025-05-28,USD_INR,USD,INR,84.7534,manual_uploaded_rates,manual
EUR_INR-2025-05-28,2025-05-28,EUR_INR,EUR,INR,93.2318,manual_uploaded_rates,manual
GBP_USD-2025-05-28,2025-05-28,GBP_USD,GBP,USD,1.309835,manual_uploaded_rates,manual
EUR_GBP-2025-05-28,2025-05-28,EUR_GBP,EUR,GBP,0.852916,manual_uploaded_rates,manual
EUR_USD-2025-05-28,2025-05-28,EUR_USD,EUR,USD,1.10676,manual_uploaded_rates,manual
USD_GBP-2025-05-28,2025-05-28,USD_GBP,USD,GBP,0.791993,manual_uploaded_rates,manual
GBP_EUR-2025-05-28,2025-05-28,GBP_EUR,GBP,EUR,1.198144,manual_uploaded_rates,manual
GBP_INR-2025-05-29,2025-05-29,GBP_INR,GBP,INR,110.0881,manual_uploaded_rates,manual
USD_INR-2025-05-29,2025-05-29,USD_INR,USD,INR,84.7699,manual_uploaded_rates,manual
EUR_INR-2025-05-29,2025-05-29,EUR_INR,EUR,INR,93.2499,manual_uploaded_rates,manual
GBP_USD-2025-05-29,2025-05-29,GBP_USD,GBP,USD,1.310089,manual_uploaded_rates,manual
EUR_GBP-2025-05-29,2025-05-29,EUR_GBP,EUR,GBP,0.853081,manual_uploaded_rates,manual
EUR_USD-2025-05-29,2025-05-29,EUR_USD,EUR,USD,1.106975,manual_uploaded_rates,manual
USD_GBP-2025-05-29,2025-05-29,USD_GBP,USD,GBP,0.792147,manual_uploaded_rates,manual
GBP_EUR-2025-05-29,2025-05-29,GBP_EUR,GBP,EUR,1.198376,manual_uploaded_rates,manual
GBP_INR-2025-05-30,2025-05-30,GBP_INR,GBP,INR,110.1011,manual_uploaded_rates,manual
USD_INR-2025-05-30,2025-05-30,USD_INR,USD,INR,84.7798,manual_uploaded_rates,manual
EUR_INR-2025-05-30,2025-05-30,EUR_INR,EUR,INR,93.2609,manual_uploaded_rates,manual
GBP_USD-2025-05-30,2025-05-30,GBP_USD,GBP,USD,1.310243,manual_uploaded_rates,manual
EUR_GBP-2025-05-30,2025-05-30,EUR_GBP,EUR,GBP,0.853182,manual_uploaded_rates,manual
EUR_USD-2025-05-30,2025-05-30,EUR_USD,EUR,USD,1.107105,manual_uploaded_rates,manual
USD_GBP-2025-05-30,2025-05-30,USD_GBP,USD,GBP,0.79224,manual_uploaded_rates,manual
GBP_EUR-2025-05-30,2025-05-30,GBP_EUR,GBP,EUR,1.198517,manual_uploaded_rates,manual
GBP_INR-2025-05-31,2025-05-31,GBP_INR,GBP,INR,110.1056,manual_uploaded_rates,manual
USD_INR-2025-05-31,2025-05-31,USD_INR,USD,INR,84.7833,manual_uploaded_rates,manual
EUR_INR-2025-05-31,2025-05-31,EUR_INR,EUR,INR,93.2647,manual_uploaded_rates,manual
GBP_USD-2025-05-31,2025-05-31,GBP_USD,GBP,USD,1.310297,manual_uploaded_rates,manual
EUR_GBP-2025-05-31,2025-05-31,EUR_GBP,EUR,GBP,0.853217,manual_uploaded_rates,manual
EUR_USD-2025-05-31,2025-05-31,EUR_USD,EUR,USD,1.10715,manual_uploaded_rates,manual
USD_GBP-2025-05-31,2025-05-31,USD_GBP,USD,GBP,0.792273,manual_uploaded_rates,manual
GBP_EUR-2025-05-31,2025-05-31,GBP_EUR,GBP,EUR,1.198566,manual_uploaded_rates,manual
GBP_INR-2025-06-01,2025-06-01,GBP_INR,GBP,INR,110.1019,manual_uploaded_rates,manual
USD_INR-2025-06-01,2025-06-01,USD_INR,USD,INR,84.7805,manual_uploaded_rates,manual
EUR_INR-2025-06-01,2025-06-01,EUR_INR,EUR,INR,93.2616,manual_uploaded_rates,manual
GBP_USD-2025-06-01,2025-06-01,GBP_USD,GBP,USD,1.310253,manual_uploaded_rates,manual
EUR_GBP-2025-06-01,2025-06-01,EUR_GBP,EUR,GBP,0.853188,manual_uploaded_rates,manual
EUR_USD-2025-06-01,2025-06-01,EUR_USD,EUR,USD,1.107113,manual_uploaded_rates,manual
USD_GBP-2025-06-01,2025-06-01,USD_GBP,USD,GBP,0.792246,manual_uploaded_rates,manual
GBP_EUR-2025-06-01,2025-06-01,GBP_EUR,GBP,EUR,1.198526,manual_uploaded_rates,manual
GBP_INR-2025-06-02,2025-06-02,GBP_INR,GBP,INR,110.0903,manual_uploaded_rates,manual
USD_INR-2025-06-02,2025-06-02,USD_INR,USD,INR,84.7716,manual_uploaded_rates,manual
EUR_INR-2025-06-02,2025-06-02,EUR_INR,EUR,INR,93.2518,manual_uploaded_rates,manual
GBP_USD-2025-06-02,2025-06-02,GBP_USD,GBP,USD,1.310115,manual_uploaded_rates,manual
EUR_GBP-2025-06-02,2025-06-02,EUR_GBP,EUR,GBP,0.853098,manual_uploaded_rates,manual
EUR_USD-2025-06-02,2025-06-02,EUR_USD,EUR,USD,1.106997,manual_uploaded_rates,manual
USD_GBP-2025-06-02,2025-06-02,USD_GBP,USD,GBP,0.792163,manual_uploaded_rates,manual
GBP_EUR-2025-06-02,2025-06-02,GBP_EUR,GBP,EUR,1.1984,manual_uploaded_rates,manual
GBP_INR-2025-06-03,2025-06-03,GBP_INR,GBP,INR,110.0712,manual_uploaded_rates,manual
USD_INR-2025-06-03,2025-06-03,USD_INR,USD,INR,84.7569,manual_uploaded_rates,manual
EUR_INR-2025-06-03,2025-06-03,EUR_INR,EUR,INR,93.2356,manual_uploaded_rates,manual
GBP_USD-2025-06-03,2025-06-03,GBP_USD,GBP,USD,1.309888,manual_uploaded_rates,manual
EUR_GBP-2025-06-03,2025-06-03,EUR_GBP,EUR,GBP,0.85295,manual_uploaded_rates,manual
EUR_USD-2025-06-03,2025-06-03,EUR_USD,EUR,USD,1.106805,manual_uploaded_rates,manual
USD_GBP-2025-06-03,2025-06-03,USD_GBP,USD,GBP,0.792025,manual_uploaded_rates,manual
GBP_EUR-2025-06-03,2025-06-03,GBP_EUR,GBP,EUR,1.198192,manual_uploaded_rates,manual
GBP_INR-2025-06-04,2025-06-04,GBP_INR,GBP,INR,110.0452,manual_uploaded_rates,manual
USD_INR-2025-06-04,2025-06-04,USD_INR,USD,INR,84.7368,manual_uploaded_rates,manual
EUR_INR-2025-06-04,2025-06-04,EUR_INR,EUR,INR,93.2135,manual_uploaded_rates,manual
GBP_USD-2025-06-04,2025-06-04,GBP_USD,GBP,USD,1.309578,manual_uploaded_rates,manual
EUR_GBP-2025-06-04,2025-06-04,EUR_GBP,EUR,GBP,0.852749,manual_uploaded_rates,manual
EUR_USD-2025-06-04,2025-06-04,EUR_USD,EUR,USD,1.106543,manual_uploaded_rates,manual
USD_GBP-2025-06-04,2025-06-04,USD_GBP,USD,GBP,0.791838,manual_uploaded_rates,manual
GBP_EUR-2025-06-04,2025-06-04,GBP_EUR,GBP,EUR,1.197909,manual_uploaded_rates,manual
GBP_INR-2025-06-05,2025-06-05,GBP_INR,GBP,INR,110.0128,manual_uploaded_rates,manual
USD_INR-2025-06-05,2025-06-05,USD_INR,USD,INR,84.7119,manual_uploaded_rates,manual
EUR_INR-2025-06-05,2025-06-05,EUR_INR,EUR,INR,93.1862,manual_uploaded_rates,manual
GBP_USD-2025-06-05,2025-06-05,GBP_USD,GBP,USD,1.309193,manual_uploaded_rates,manual
EUR_GBP-2025-06-05,2025-06-05,EUR_GBP,EUR,GBP,0.852498,manual_uploaded_rates,manual
EUR_USD-2025-06-05,2025-06-05,EUR_USD,EUR,USD,1.106218,manual_uploaded_rates,manual
USD_GBP-2025-06-05,2025-06-05,USD_GBP,USD,GBP,0.791605,manual_uploaded_rates,manual
GBP_EUR-2025-06-05,2025-06-05,GBP_EUR,GBP,EUR,1.197557,manual_uploaded_rates,manual
GBP_INR-2025-06-06,2025-06-06,GBP_INR,GBP,INR,109.9749,manual_uploaded_rates,manual
USD_INR-2025-06-06,2025-06-06,USD_INR,USD,INR,84.6827,manual_uploaded_rates,manual
EUR_INR-2025-06-06,2025-06-06,EUR_INR,EUR,INR,93.1541,manual_uploaded_rates,manual
GBP_USD-2025-06-06,2025-06-06,GBP_USD,GBP,USD,1.308742,manual_uploaded_rates,manual
EUR_GBP-2025-06-06,2025-06-06,EUR_GBP,EUR,GBP,0.852204,manual_uploaded_rates,manual
EUR_USD-2025-06-06,2025-06-06,EUR_USD,EUR,USD,1.105837,manual_uploaded_rates,manual
USD_GBP-2025-06-06,2025-06-06,USD_GBP,USD,GBP,0.791333,manual_uploaded_rates,manual
GBP_EUR-2025-06-06,2025-06-06,GBP_EUR,GBP,EUR,1.197144,manual_uploaded_rates,manual
GBP_INR-2025-06-07,2025-06-07,GBP_INR,GBP,INR,109.9323,manual_uploaded_rates,manual
USD_INR-2025-06-07,2025-06-07,USD_INR,USD,INR,84.6499,manual_uploaded_rates,manual
EUR_INR-2025-06-07,2025-06-07,EUR_INR,EUR,INR,93.1179,manual_uploaded_rates,manual
GBP_USD-2025-06-07,2025-06-07,GBP_USD,GBP,USD,1.308235,manual_uploaded_rates,manual
EUR_GBP-2025-06-07,2025-06-07,EUR_GBP,EUR,GBP,0.851874,manual_uploaded_rates,manual
EUR_USD-2025-06-07,2025-06-07,EUR_USD,EUR,USD,1.105408,manual_uploaded_rates,manual
USD_GBP-2025-06-07,2025-06-07,USD_GBP,USD,GBP,0.791026,manual_uploaded_rates,manual
GBP_EUR-2025-06-07,2025-06-07,GBP_EUR,GBP,EUR,1.19668,manual_uploaded_rates,manual
GBP_INR-2025-06-08,2025-06-08,GBP_INR,GBP,INR,109.8857,manual_uploaded_rates,manual
USD_INR-2025-06-08,2025-06-08,USD_INR,USD,INR,84.614,manual_uploaded_rates,manual
EUR_INR-2025-06-08,2025-06-08,EUR_INR,EUR,INR,93.0785,manual_uploaded_rates,manual
GBP_USD-2025-06-08,2025-06-08,GBP_USD,GBP,USD,1.307681,manual_uploaded_rates,manual
EUR_GBP-2025-06-08,2025-06-08,EUR_GBP,EUR,GBP,0.851513,manual_uploaded_rates,manual
EUR_USD-2025-06-08,2025-06-08,EUR_USD,EUR,USD,1.104939,manual_uploaded_rates,manual
USD_GBP-2025-06-08,2025-06-08,USD_GBP,USD,GBP,0.790691,manual_uploaded_rates,manual
GBP_EUR-2025-06-08,2025-06-08,GBP_EUR,GBP,EUR,1.196173,manual_uploaded_rates,manual
GBP_INR-2025-06-09,2025-06-09,GBP_INR,GBP,INR,109.8362,manual_uploaded_rates,manual
USD_INR-2025-06-09,2025-06-09,USD_INR,USD,INR,84.5759,manual_uploaded_rates,manual
EUR_INR-2025-06-09,2025-06-09,EUR_INR,EUR,INR,93.0365,manual_uploaded_rates,manual
GBP_USD-2025-06-09,2025-06-09,GBP_USD,GBP,USD,1.307091,manual_uploaded_rates,manual
EUR_GBP-2025-06-09,2025-06-09,EUR_GBP,EUR,GBP,0.851129,manual_uploaded_rates,manual
EUR_USD-2025-06-09,2025-06-09,EUR_USD,EUR,USD,1.104441,manual_uploaded_rates,manual
USD_GBP-2025-06-09,2025-06-09,USD_GBP,USD,GBP,0.790334,manual_uploaded_rates,manual
GBP_EUR-2025-06-09,2025-06-09,GBP_EUR,GBP,EUR,1.195634,manual_uploaded_rates,manual
GBP_INR-2025-06-10,2025-06-10,GBP_INR,GBP,INR,109.7846,manual_uploaded_rates,manual
USD_INR-2025-06-10,2025-06-10,USD_INR,USD,INR,84.5361,manual_uploaded_rates,manual
EUR_INR-2025-06-10,2025-06-10,EUR_INR,EUR,INR,92.9928,manual_uploaded_rates,manual
GBP_USD-2025-06-10,2025-06-10,GBP_USD,GBP,USD,1.306477,manual_uploaded_rates,manual
EUR_GBP-2025-06-10,2025-06-10,EUR_GBP,EUR,GBP,0.850729,manual_uploaded_rates,manual
EUR_USD-2025-06-10,2025-06-10,EUR_USD,EUR,USD,1.103922,manual_uploaded_rates,manual
USD_GBP-2025-06-10,2025-06-10,USD_GBP,USD,GBP,0.789963,manual_uploaded_rates,manual
GBP_EUR-2025-06-10,2025-06-10,GBP_EUR,GBP,EUR,1.195072,manual_uploaded_rates,manual
GBP_INR-2025-06-11,2025-06-11,GBP_INR,GBP,INR,109.7318,manual_uploaded_rates,manual
USD_INR-2025-06-11,2025-06-11,USD_INR,USD,INR,84.4955,manual_uploaded_rates,manual
EUR_INR-2025-06-11,2025-06-11,EUR_INR,EUR,INR,92.9481,manual_uploaded_rates,manual
GBP_USD-2025-06-11,2025-06-11,GBP_USD,GBP,USD,1.305849,manual_uploaded_rates,manual
EUR_GBP-2025-06-11,2025-06-11,EUR_GBP,EUR,GBP,0.85032,manual_uploaded_rates,manual
EUR_USD-2025-06-11,2025-06-11,EUR_USD,EUR,USD,1.103392,manual_uploaded_rates,manual
USD_GBP-2025-06-11,2025-06-11,USD_GBP,USD,GBP,0.789583,manual_uploaded_rates,manual
GBP_EUR-2025-06-11,2025-06-11,GBP_EUR,GBP,EUR,1.194497,manual_uploaded_rates,manual
GBP_INR-2025-06-12,2025-06-12,GBP_INR,GBP,INR,109.6788,manual_uploaded_rates,manual
USD_INR-2025-06-12,2025-06-12,USD_INR,USD,INR,84.4547,manual_uploaded_rates,manual
EUR_INR-2025-06-12,2025-06-12,EUR_INR,EUR,INR,92.9032,manual_uploaded_rates,manual
GBP_USD-2025-06-12,2025-06-12,GBP_USD,GBP,USD,1.305218,manual_uploaded_rates,manual
EUR_GBP-2025-06-12,2025-06-12,EUR_GBP,EUR,GBP,0.849909,manual_uploaded_rates,manual
EUR_USD-2025-06-12,2025-06-12,EUR_USD,EUR,USD,1.102859,manual_uploaded_rates,manual
USD_GBP-2025-06-12,2025-06-12,USD_GBP,USD,GBP,0.789202,manual_uploaded_rates,manual
GBP_EUR-2025-06-12,2025-06-12,GBP_EUR,GBP,EUR,1.19392,manual_uploaded_rates,manual
GBP_INR-2025-06-13,2025-06-13,GBP_INR,GBP,INR,109.6264,manual_uploaded_rates,manual
USD_INR-2025-06-13,2025-06-13,USD_INR,USD,INR,84.4143,manual_uploaded_rates,manual
EUR_INR-2025-06-13,2025-06-13,EUR_INR,EUR,INR,92.8588,manual_uploaded_rates,manual
GBP_USD-2025-06-13,2025-06-13,GBP_USD,GBP,USD,1.304594,manual_uploaded_rates,manual
EUR_GBP-2025-06-13,2025-06-13,EUR_GBP,EUR,GBP,0.849503,manual_uploaded_rates,manual
EUR_USD-2025-06-13,2025-06-13,EUR_USD,EUR,USD,1.102332,manual_uploaded_rates,manual
USD_GBP-2025-06-13,2025-06-13,USD_GBP,USD,GBP,0.788825,manual_uploaded_rates,manual
GBP_EUR-2025-06-13,2025-06-13,GBP_EUR,GBP,EUR,1.19335,manual_uploaded_rates,manual
GBP_INR-2025-06-14,2025-06-14,GBP_INR,GBP,INR,109.5754,manual_uploaded_rates,manual
USD_INR-2025-06-14,2025-06-14,USD_INR,USD,INR,84.3751,manual_uploaded_rates,manual
EUR_INR-2025-06-14,2025-06-14,EUR_INR,EUR,INR,92.8156,manual_uploaded_rates,manual
GBP_USD-2025-06-14,2025-06-14,GBP_USD,GBP,USD,1.303988,manual_uploaded_rates,manual
EUR_GBP-2025-06-14,2025-06-14,EUR_GBP,EUR,GBP,0.849108,manual_uploaded_rates,manual
EUR_USD-2025-06-14,2025-06-14,EUR_USD,EUR,USD,1.101819,manual_uploaded_rates,manual
USD_GBP-2025-06-14,2025-06-14,USD_GBP,USD,GBP,0.788458,manual_uploaded_rates,manual
GBP_EUR-2025-06-14,2025-06-14,GBP_EUR,GBP,EUR,1.192795,manual_uploaded_rates,manual
GBP_INR-2025-06-15,2025-06-15,GBP_INR,GBP,INR,109.5266,manual_uploaded_rates,manual
USD_INR-2025-06-15,2025-06-15,USD_INR,USD,INR,84.3375,manual_uploaded_rates,manual
EUR_INR-2025-06-15,2025-06-15,EUR_INR,EUR,INR,92.7743,manual_uploaded_rates,manual
GBP_USD-2025-06-15,2025-06-15,GBP_USD,GBP,USD,1.303407,manual_uploaded_rates,manual
EUR_GBP-2025-06-15,2025-06-15,EUR_GBP,EUR,GBP,0.84873,manual_uploaded_rates,manual
EUR_USD-2025-06-15,2025-06-15,EUR_USD,EUR,USD,1.101329,manual_uploaded_rates,manual
USD_GBP-2025-06-15,2025-06-15,USD_GBP,USD,GBP,0.788107,manual_uploaded_rates,manual
GBP_EUR-2025-06-15,2025-06-15,GBP_EUR,GBP,EUR,1.192264,manual_uploaded_rates,manual
GBP_INR-2025-06-16,2025-06-16,GBP_INR,GBP,INR,109.4806,manual_uploaded_rates,manual
USD_INR-2025-06-16,2025-06-16,USD_INR,USD,INR,84.3021,manual_uploaded_rates,manual
EUR_INR-2025-06-16,2025-06-16,EUR_INR,EUR,INR,92.7354,manual_uploaded_rates,manual
GBP_USD-2025-06-16,2025-06-16,GBP_USD,GBP,USD,1.30286,manual_uploaded_rates,manual
EUR_GBP-2025-06-16,2025-06-16,EUR_GBP,EUR,GBP,0.848374,manual_uploaded_rates,manual
EUR_USD-2025-06-16,2025-06-16,EUR_USD,EUR,USD,1.100866,manual_uploaded_rates,manual
USD_GBP-2025-06-16,2025-06-16,USD_GBP,USD,GBP,0.787776,manual_uploaded_rates,manual
GBP_EUR-2025-06-16,2025-06-16,GBP_EUR,GBP,EUR,1.191764,manual_uploaded_rates,manual
GBP_INR-2025-06-17,2025-06-17,GBP_INR,GBP,INR,109.438,manual_uploaded_rates,manual
USD_INR-2025-06-17,2025-06-17,USD_INR,USD,INR,84.2693,manual_uploaded_rates,manual
EUR_INR-2025-06-17,2025-06-17,EUR_INR,EUR,INR,92.6993,manual_uploaded_rates,manual
GBP_USD-2025-06-17,2025-06-17,GBP_USD,GBP,USD,1.302353,manual_uploaded_rates,manual
EUR_GBP-2025-06-17,2025-06-17,EUR_GBP,EUR,GBP,0.848044,manual_uploaded_rates,manual
EUR_USD-2025-06-17,2025-06-17,EUR_USD,EUR,USD,1.100438,manual_uploaded_rates,manual
USD_GBP-2025-06-17,2025-06-17,USD_GBP,USD,GBP,0.787469,manual_uploaded_rates,manual
GBP_EUR-2025-06-17,2025-06-17,GBP_EUR,GBP,EUR,1.1913,manual_uploaded_rates,manual
GBP_INR-2025-06-18,2025-06-18,GBP_INR,GBP,INR,109.3993,manual_uploaded_rates,manual
USD_INR-2025-06-18,2025-06-18,USD_INR,USD,INR,84.2395,manual_uploaded_rates,manual
EUR_INR-2025-06-18,2025-06-18,EUR_INR,EUR,INR,92.6664,manual_uploaded_rates,manual
GBP_USD-2025-06-18,2025-06-18,GBP_USD,GBP,USD,1.301892,manual_uploaded_rates,manual
EUR_GBP-2025-06-18,2025-06-18,EUR_GBP,EUR,GBP,0.847743,manual_uploaded_rates,manual
EUR_USD-2025-06-18,2025-06-18,EUR_USD,EUR,USD,1.100048,manual_uploaded_rates,manual
USD_GBP-2025-06-18,2025-06-18,USD_GBP,USD,GBP,0.78719,manual_uploaded_rates,manual
GBP_EUR-2025-06-18,2025-06-18,GBP_EUR,GBP,EUR,1.190878,manual_uploaded_rates,manual
GBP_INR-2025-06-19,2025-06-19,GBP_INR,GBP,INR,109.3646,manual_uploaded_rates,manual
USD_INR-2025-06-19,2025-06-19,USD_INR,USD,INR,84.2128,manual_uploaded_rates,manual
EUR_INR-2025-06-19,2025-06-19,EUR_INR,EUR,INR,92.6371,manual_uploaded_rates,manual
GBP_USD-2025-06-19,2025-06-19,GBP_USD,GBP,USD,1.301479,manual_uploaded_rates,manual
EUR_GBP-2025-06-19,2025-06-19,EUR_GBP,EUR,GBP,0.847475,manual_uploaded_rates,manual
EUR_USD-2025-06-19,2025-06-19,EUR_USD,EUR,USD,1.0997,manual_uploaded_rates,manual
USD_GBP-2025-06-19,2025-06-19,USD_GBP,USD,GBP,0.786941,manual_uploaded_rates,manual
GBP_EUR-2025-06-19,2025-06-19,GBP_EUR,GBP,EUR,1.1905,manual_uploaded_rates,manual
GBP_INR-2025-06-20,2025-06-20,GBP_INR,GBP,INR,109.3343,manual_uploaded_rates,manual
USD_INR-2025-06-20,2025-06-20,USD_INR,USD,INR,84.1894,manual_uploaded_rates,manual
EUR_INR-2025-06-20,2025-06-20,EUR_INR,EUR,INR,92.6114,manual_uploaded_rates,manual
GBP_USD-2025-06-20,2025-06-20,GBP_USD,GBP,USD,1.301119,manual_uploaded_rates,manual
EUR_GBP-2025-06-20,2025-06-20,EUR_GBP,EUR,GBP,0.84724,manual_uploaded_rates,manual
EUR_USD-2025-06-20,2025-06-20,EUR_USD,EUR,USD,1.099395,manual_uploaded_rates,manual
USD_GBP-2025-06-20,2025-06-20,USD_GBP,USD,GBP,0.786723,manual_uploaded_rates,manual
GBP_EUR-2025-06-20,2025-06-20,GBP_EUR,GBP,EUR,1.190171,manual_uploaded_rates,manual
GBP_INR-2025-06-21,2025-06-21,GBP_INR,GBP,INR,109.3084,manual_uploaded_rates,manual
USD_INR-2025-06-21,2025-06-21,USD_INR,USD,INR,84.1695,manual_uploaded_rates,manual
EUR_INR-2025-06-21,2025-06-21,EUR_INR,EUR,INR,92.5895,manual_uploaded_rates,manual
GBP_USD-2025-06-21,2025-06-21,GBP_USD,GBP,USD,1.300811,manual_uploaded_rates,manual
EUR_GBP-2025-06-21,2025-06-21,EUR_GBP,EUR,GBP,0.847039,manual_uploaded_rates,manual
EUR_USD-2025-06-21,2025-06-21,EUR_USD,EUR,USD,1.099135,manual_uploaded_rates,manual
USD_GBP-2025-06-21,2025-06-21,USD_GBP,USD,GBP,0.786537,manual_uploaded_rates,manual
GBP_EUR-2025-06-21,2025-06-21,GBP_EUR,GBP,EUR,1.189889,manual_uploaded_rates,manual
GBP_INR-2025-06-22,2025-06-22,GBP_INR,GBP,INR,109.2869,manual_uploaded_rates,manual
USD_INR-2025-06-22,2025-06-22,USD_INR,USD,INR,84.1529,manual_uploaded_rates,manual
EUR_INR-2025-06-22,2025-06-22,EUR_INR,EUR,INR,92.5712,manual_uploaded_rates,manual
GBP_USD-2025-06-22,2025-06-22,GBP_USD,GBP,USD,1.300554,manual_uploaded_rates,manual
EUR_GBP-2025-06-22,2025-06-22,EUR_GBP,EUR,GBP,0.846873,manual_uploaded_rates,manual
EUR_USD-2025-06-22,2025-06-22,EUR_USD,EUR,USD,1.098918,manual_uploaded_rates,manual
USD_GBP-2025-06-22,2025-06-22,USD_GBP,USD,GBP,0.786382,manual_uploaded_rates,manual
GBP_EUR-2025-06-22,2025-06-22,GBP_EUR,GBP,EUR,1.189654,manual_uploaded_rates,manual
GBP_INR-2025-06-23,2025-06-23,GBP_INR,GBP,INR,109.2695,manual_uploaded_rates,manual
USD_INR-2025-06-23,2025-06-23,USD_INR,USD,INR,84.1396,manual_uploaded_rates,manual
EUR_INR-2025-06-23,2025-06-23,EUR_INR,EUR,INR,92.5565,manual_uploaded_rates,manual
GBP_USD-2025-06-23,2025-06-23,GBP_USD,GBP,USD,1.300348,manual_uploaded_rates,manual
EUR_GBP-2025-06-23,2025-06-23,EUR_GBP,EUR,GBP,0.846738,manual_uploaded_rates,manual
EUR_USD-2025-06-23,2025-06-23,EUR_USD,EUR,USD,1.098743,manual_uploaded_rates,manual
USD_GBP-2025-06-23,2025-06-23,USD_GBP,USD,GBP,0.786257,manual_uploaded_rates,manual
GBP_EUR-2025-06-23,2025-06-23,GBP_EUR,GBP,EUR,1.189465,manual_uploaded_rates,manual
GBP_INR-2025-06-24,2025-06-24,GBP_INR,GBP,INR,109.256,manual_uploaded_rates,manual
USD_INR-2025-06-24,2025-06-24,USD_INR,USD,INR,84.1292,manual_uploaded_rates,manual
EUR_INR-2025-06-24,2025-06-24,EUR_INR,EUR,INR,92.5451,manual_uploaded_rates,manual
GBP_USD-2025-06-24,2025-06-24,GBP_USD,GBP,USD,1.300187,manual_uploaded_rates,manual
EUR_GBP-2025-06-24,2025-06-24,EUR_GBP,EUR,GBP,0.846634,manual_uploaded_rates,manual
EUR_USD-2025-06-24,2025-06-24,EUR_USD,EUR,USD,1.098608,manual_uploaded_rates,manual
USD_GBP-2025-06-24,2025-06-24,USD_GBP,USD,GBP,0.78616,manual_uploaded_rates,manual
GBP_EUR-2025-06-24,2025-06-24,GBP_EUR,GBP,EUR,1.189318,manual_uploaded_rates,manual
GBP_INR-2025-06-25,2025-06-25,GBP_INR,GBP,INR,109.246,manual_uploaded_rates,manual
USD_INR-2025-06-25,2025-06-25,USD_INR,USD,INR,84.1214,manual_uploaded_rates,manual
EUR_INR-2025-06-25,2025-06-25,EUR_INR,EUR,INR,92.5366,manual_uploaded_rates,manual
GBP_USD-2025-06-25,2025-06-25,GBP_USD,GBP,USD,1.300068,manual_uploaded_rates,manual
EUR_GBP-2025-06-25,2025-06-25,EUR_GBP,EUR,GBP,0.846556,manual_uploaded_rates,manual
EUR_USD-2025-06-25,2025-06-25,EUR_USD,EUR,USD,1.098507,manual_uploaded_rates,manual
USD_GBP-2025-06-25,2025-06-25,USD_GBP,USD,GBP,0.786087,manual_uploaded_rates,manual
GBP_EUR-2025-06-25,2025-06-25,GBP_EUR,GBP,EUR,1.189209,manual_uploaded_rates,manual
GBP_INR-2025-06-26,2025-06-26,GBP_INR,GBP,INR,109.2389,manual_uploaded_rates,manual
USD_INR-2025-06-26,2025-06-26,USD_INR,USD,INR,84.1159,manual_uploaded_rates,manual
EUR_INR-2025-06-26,2025-06-26,EUR_INR,EUR,INR,92.5306,manual_uploaded_rates,manual
GBP_USD-2025-06-26,2025-06-26,GBP_USD,GBP,USD,1.299983,manual_uploaded_rates,manual
EUR_GBP-2025-06-26,2025-06-26,EUR_GBP,EUR,GBP,0.8465,manual_uploaded_rates,manual
EUR_USD-2025-06-26,2025-06-26,EUR_USD,EUR,USD,1.098435,manual_uploaded_rates,manual
USD_GBP-2025-06-26,2025-06-26,USD_GBP,USD,GBP,0.786036,manual_uploaded_rates,manual
GBP_EUR-2025-06-26,2025-06-26,GBP_EUR,GBP,EUR,1.189132,manual_uploaded_rates,manual
GBP_INR-2025-06-27,2025-06-27,GBP_INR,GBP,INR,109.2341,manual_uploaded_rates,manual
USD_INR-2025-06-27,2025-06-27,USD_INR,USD,INR,84.1122,manual_uploaded_rates,manual
EUR_INR-2025-06-27,2025-06-27,EUR_INR,EUR,INR,92.5265,manual_uploaded_rates,manual
GBP_USD-2025-06-27,2025-06-27,GBP_USD,GBP,USD,1.299926,manual_uploaded_rates,manual
EUR_GBP-2025-06-27,2025-06-27,EUR_GBP,EUR,GBP,0.846463,manual_uploaded_rates,manual
EUR_USD-2025-06-27,2025-06-27,EUR_USD,EUR,USD,1.098387,manual_uploaded_rates,manual
USD_GBP-2025-06-27,2025-06-27,USD_GBP,USD,GBP,0.786002,manual_uploaded_rates,manual
GBP_EUR-2025-06-27,2025-06-27,GBP_EUR,GBP,EUR,1.189079,manual_uploaded_rates,manual
GBP_INR-2025-06-28,2025-06-28,GBP_INR,GBP,INR,109.2309,manual_uploaded_rates,manual
USD_INR-2025-06-28,2025-06-28,USD_INR,USD,INR,84.1098,manual_uploaded_rates,manual
EUR_INR-2025-06-28,2025-06-28,EUR_INR,EUR,INR,92.5238,manual_uploaded_rates,manual
GBP_USD-2025-06-28,2025-06-28,GBP_USD,GBP,USD,1.299888,manual_uploaded_rates,manual
EUR_GBP-2025-06-28,2025-06-28,EUR_GBP,EUR,GBP,0.846439,manual_uploaded_rates,manual
EUR_USD-2025-06-28,2025-06-28,EUR_USD,EUR,USD,1.098355,manual_uploaded_rates,manual
USD_GBP-2025-06-28,2025-06-28,USD_GBP,USD,GBP,0.785979,manual_uploaded_rates,manual
GBP_EUR-2025-06-28,2025-06-28,GBP_EUR,GBP,EUR,1.189045,manual_uploaded_rates,manual
GBP_INR-2025-06-29,2025-06-29,GBP_INR,GBP,INR,109.2285,manual_uploaded_rates,manual
USD_INR-2025-06-29,2025-06-29,USD_INR,USD,INR,84.108,manual_uploaded_rates,manual
EUR_INR-2025-06-29,2025-06-29,EUR_INR,EUR,INR,92.5218,manual_uploaded_rates,manual
GBP_USD-2025-06-29,2025-06-29,GBP_USD,GBP,USD,1.29986,manual_uploaded_rates,manual
EUR_GBP-2025-06-29,2025-06-29,EUR_GBP,EUR,GBP,0.84642,manual_uploaded_rates,manual
EUR_USD-2025-06-29,2025-06-29,EUR_USD,EUR,USD,1.098331,manual_uploaded_rates,manual
USD_GBP-2025-06-29,2025-06-29,USD_GBP,USD,GBP,0.785962,manual_uploaded_rates,manual
GBP_EUR-2025-06-29,2025-06-29,GBP_EUR,GBP,EUR,1.189019,manual_uploaded_rates,manual
GBP_INR-2025-06-30,2025-06-30,GBP_INR,GBP,INR,109.2263,manual_uploaded_rates,manual
USD_INR-2025-06-30,2025-06-30,USD_INR,USD,INR,84.1062,manual_uploaded_rates,manual
EUR_INR-2025-06-30,2025-06-30,EUR_INR,EUR,INR,92.5199,manual_uploaded_rates,manual
GBP_USD-2025-06-30,2025-06-30,GBP_USD,GBP,USD,1.299833,manual_uploaded_rates,manual
EUR_GBP-2025-06-30,2025-06-30,EUR_GBP,EUR,GBP,0.846403,manual_uploaded_rates,manual
EUR_USD-2025-06-30,2025-06-30,EUR_USD,EUR,USD,1.098309,manual_uploaded_rates,manual
USD_GBP-2025-06-30,2025-06-30,USD_GBP,USD,GBP,0.785946,manual_uploaded_rates,manual
GBP_EUR-2025-06-30,2025-06-30,GBP_EUR,GBP,EUR,1.188995,manual_uploaded_rates,manual
GBP_INR-2025-07-01,2025-07-01,GBP_INR,GBP,INR,109.2232,manual_uploaded_rates,manual
USD_INR-2025-07-01,2025-07-01,USD_INR,USD,INR,84.1039,manual_uploaded_rates,manual
EUR_INR-2025-07-01,2025-07-01,EUR_INR,EUR,INR,92.5173,manual_uploaded_rates,manual
GBP_USD-2025-07-01,2025-07-01,GBP_USD,GBP,USD,1.299797,manual_uploaded_rates,manual
EUR_GBP-2025-07-01,2025-07-01,EUR_GBP,EUR,GBP,0.846379,manual_uploaded_rates,manual
EUR_USD-2025-07-01,2025-07-01,EUR_USD,EUR,USD,1.098278,manual_uploaded_rates,manual
USD_GBP-2025-07-01,2025-07-01,USD_GBP,USD,GBP,0.785924,manual_uploaded_rates,manual
GBP_EUR-2025-07-01,2025-07-01,GBP_EUR,GBP,EUR,1.188961,manual_uploaded_rates,manual
GBP_INR-2025-07-02,2025-07-02,GBP_INR,GBP,INR,109.2186,manual_uploaded_rates,manual
USD_INR-2025-07-02,2025-07-02,USD_INR,USD,INR,84.1003,manual_uploaded_rates,manual
EUR_INR-2025-07-02,2025-07-02,EUR_INR,EUR,INR,92.5134,manual_uploaded_rates,manual
GBP_USD-2025-07-02,2025-07-02,GBP_USD,GBP,USD,1.299742,manual_uploaded_rates,manual
EUR_GBP-2025-07-02,2025-07-02,EUR_GBP,EUR,GBP,0.846343,manual_uploaded_rates,manual
EUR_USD-2025-07-02,2025-07-02,EUR_USD,EUR,USD,1.098231,manual_uploaded_rates,manual
USD_GBP-2025-07-02,2025-07-02,USD_GBP,USD,GBP,0.78589,manual_uploaded_rates,manual
GBP_EUR-2025-07-02,2025-07-02,GBP_EUR,GBP,EUR,1.188911,manual_uploaded_rates,manual
GBP_INR-2025-07-03,2025-07-03,GBP_INR,GBP,INR,109.2115,manual_uploaded_rates,manual
USD_INR-2025-07-03,2025-07-03,USD_INR,USD,INR,84.0949,manual_uploaded_rates,manual
EUR_INR-2025-07-03,2025-07-03,EUR_INR,EUR,INR,92.5074,manual_uploaded_rates,manual
GBP_USD-2025-07-03,2025-07-03,GBP_USD,GBP,USD,1.299657,manual_uploaded_rates,manual
EUR_GBP-2025-07-03,2025-07-03,EUR_GBP,EUR,GBP,0.846289,manual_uploaded_rates,manual
EUR_USD-2025-07-03,2025-07-03,EUR_USD,EUR,USD,1.09816,manual_uploaded_rates,manual
USD_GBP-2025-07-03,2025-07-03,USD_GBP,USD,GBP,0.785839,manual_uploaded_rates,manual
GBP_EUR-2025-07-03,2025-07-03,GBP_EUR,GBP,EUR,1.188834,manual_uploaded_rates,manual
GBP_INR-2025-07-04,2025-07-04,GBP_INR,GBP,INR,109.2012,manual_uploaded_rates,manual
USD_INR-2025-07-04,2025-07-04,USD_INR,USD,INR,84.087,manual_uploaded_rates,manual
EUR_INR-2025-07-04,2025-07-04,EUR_INR,EUR,INR,92.4987,manual_uploaded_rates,manual
GBP_USD-2025-07-04,2025-07-04,GBP_USD,GBP,USD,1.299535,manual_uploaded_rates,manual
EUR_GBP-2025-07-04,2025-07-04,EUR_GBP,EUR,GBP,0.846209,manual_uploaded_rates,manual
EUR_USD-2025-07-04,2025-07-04,EUR_USD,EUR,USD,1.098057,manual_uploaded_rates,manual
USD_GBP-2025-07-04,2025-07-04,USD_GBP,USD,GBP,0.785765,manual_uploaded_rates,manual
GBP_EUR-2025-07-04,2025-07-04,GBP_EUR,GBP,EUR,1.188722,manual_uploaded_rates,manual
GBP_INR-2025-07-05,2025-07-05,GBP_INR,GBP,INR,109.1869,manual_uploaded_rates,manual
USD_INR-2025-07-05,2025-07-05,USD_INR,USD,INR,84.076,manual_uploaded_rates,manual
EUR_INR-2025-07-05,2025-07-05,EUR_INR,EUR,INR,92.4866,manual_uploaded_rates,manual
GBP_USD-2025-07-05,2025-07-05,GBP_USD,GBP,USD,1.299365,manual_uploaded_rates,manual
EUR_GBP-2025-07-05,2025-07-05,EUR_GBP,EUR,GBP,0.846098,manual_uploaded_rates,manual
EUR_USD-2025-07-05,2025-07-05,EUR_USD,EUR,USD,1.097913,manual_uploaded_rates,manual
USD_GBP-2025-07-05,2025-07-05,USD_GBP,USD,GBP,0.785662,manual_uploaded_rates,manual
GBP_EUR-2025-07-05,2025-07-05,GBP_EUR,GBP,EUR,1.188566,manual_uploaded_rates,manual
GBP_INR-2025-07-06,2025-07-06,GBP_INR,GBP,INR,109.168,manual_uploaded_rates,manual
USD_INR-2025-07-06,2025-07-06,USD_INR,USD,INR,84.0614,manual_uploaded_rates,manual
EUR_INR-2025-07-06,2025-07-06,EUR_INR,EUR,INR,92.4705,manual_uploaded_rates,manual
GBP_USD-2025-07-06,2025-07-06,GBP_USD,GBP,USD,1.299139,manual_uploaded_rates,manual
EUR_GBP-2025-07-06,2025-07-06,EUR_GBP,EUR,GBP,0.845951,manual_uploaded_rates,manual
EUR_USD-2025-07-06,2025-07-06,EUR_USD,EUR,USD,1.097722,manual_uploaded_rates,manual
USD_GBP-2025-07-06,2025-07-06,USD_GBP,USD,GBP,0.785526,manual_uploaded_rates,manual
GBP_EUR-2025-07-06,2025-07-06,GBP_EUR,GBP,EUR,1.18836,manual_uploaded_rates,manual
GBP_INR-2025-07-07,2025-07-07,GBP_INR,GBP,INR,109.1437,manual_uploaded_rates,manual
USD_INR-2025-07-07,2025-07-07,USD_INR,USD,INR,84.0427,manual_uploaded_rates,manual
EUR_INR-2025-07-07,2025-07-07,EUR_INR,EUR,INR,92.45,manual_uploaded_rates,manual
GBP_USD-2025-07-07,2025-07-07,GBP_USD,GBP,USD,1.298851,manual_uploaded_rates,manual
EUR_GBP-2025-07-07,2025-07-07,EUR_GBP,EUR,GBP,0.845763,manual_uploaded_rates,manual
EUR_USD-2025-07-07,2025-07-07,EUR_USD,EUR,USD,1.097479,manual_uploaded_rates,manual
USD_GBP-2025-07-07,2025-07-07,USD_GBP,USD,GBP,0.785352,manual_uploaded_rates,manual
GBP_EUR-2025-07-07,2025-07-07,GBP_EUR,GBP,EUR,1.188096,manual_uploaded_rates,manual
GBP_INR-2025-07-08,2025-07-08,GBP_INR,GBP,INR,109.1137,manual_uploaded_rates,manual
USD_INR-2025-07-08,2025-07-08,USD_INR,USD,INR,84.0196,manual_uploaded_rates,manual
EUR_INR-2025-07-08,2025-07-08,EUR_INR,EUR,INR,92.4245,manual_uploaded_rates,manual
GBP_USD-2025-07-08,2025-07-08,GBP_USD,GBP,USD,1.298493,manual_uploaded_rates,manual
EUR_GBP-2025-07-08,2025-07-08,EUR_GBP,EUR,GBP,0.845531,manual_uploaded_rates,manual
EUR_USD-2025-07-08,2025-07-08,EUR_USD,EUR,USD,1.097177,manual_uploaded_rates,manual
USD_GBP-2025-07-08,2025-07-08,USD_GBP,USD,GBP,0.785135,manual_uploaded_rates,manual
GBP_EUR-2025-07-08,2025-07-08,GBP_EUR,GBP,EUR,1.187769,manual_uploaded_rates,manual
GBP_INR-2025-07-09,2025-07-09,GBP_INR,GBP,INR,109.0775,manual_uploaded_rates,manual
USD_INR-2025-07-09,2025-07-09,USD_INR,USD,INR,83.9917,manual_uploaded_rates,manual
EUR_INR-2025-07-09,2025-07-09,EUR_INR,EUR,INR,92.3938,manual_uploaded_rates,manual
GBP_USD-2025-07-09,2025-07-09,GBP_USD,GBP,USD,1.298062,manual_uploaded_rates,manual
EUR_GBP-2025-07-09,2025-07-09,EUR_GBP,EUR,GBP,0.84525,manual_uploaded_rates,manual
EUR_USD-2025-07-09,2025-07-09,EUR_USD,EUR,USD,1.096812,manual_uploaded_rates,manual
USD_GBP-2025-07-09,2025-07-09,USD_GBP,USD,GBP,0.784875,manual_uploaded_rates,manual
GBP_EUR-2025-07-09,2025-07-09,GBP_EUR,GBP,EUR,1.187375,manual_uploaded_rates,manual
GBP_INR-2025-07-10,2025-07-10,GBP_INR,GBP,INR,109.0347,manual_uploaded_rates,manual
USD_INR-2025-07-10,2025-07-10,USD_INR,USD,INR,83.9588,manual_uploaded_rates,manual
EUR_INR-2025-07-10,2025-07-10,EUR_INR,EUR,INR,92.3576,manual_uploaded_rates,manual
GBP_USD-2025-07-10,2025-07-10,GBP_USD,GBP,USD,1.297554,manual_uploaded_rates,manual
EUR_GBP-2025-07-10,2025-07-10,EUR_GBP,EUR,GBP,0.844919,manual_uploaded_rates,manual
EUR_USD-2025-07-10,2025-07-10,EUR_USD,EUR,USD,1.096382,manual_uploaded_rates,manual
USD_GBP-2025-07-10,2025-07-10,USD_GBP,USD,GBP,0.784567,manual_uploaded_rates,manual
GBP_EUR-2025-07-10,2025-07-10,GBP_EUR,GBP,EUR,1.186909,manual_uploaded_rates,manual
GBP_INR-2025-07-11,2025-07-11,GBP_INR,GBP,INR,108.9853,manual_uploaded_rates,manual
USD_INR-2025-07-11,2025-07-11,USD_INR,USD,INR,83.9207,manual_uploaded_rates,manual
EUR_INR-2025-07-11,2025-07-11,EUR_INR,EUR,INR,92.3158,manual_uploaded_rates,manual
GBP_USD-2025-07-11,2025-07-11,GBP_USD,GBP,USD,1.296966,manual_uploaded_rates,manual
EUR_GBP-2025-07-11,2025-07-11,EUR_GBP,EUR,GBP,0.844536,manual_uploaded_rates,manual
EUR_USD-2025-07-11,2025-07-11,EUR_USD,EUR,USD,1.095886,manual_uploaded_rates,manual
USD_GBP-2025-07-11,2025-07-11,USD_GBP,USD,GBP,0.784212,manual_uploaded_rates,manual
GBP_EUR-2025-07-11,2025-07-11,GBP_EUR,GBP,EUR,1.186372,manual_uploaded_rates,manual
GBP_INR-2025-07-12,2025-07-12,GBP_INR,GBP,INR,108.9293,manual_uploaded_rates,manual
USD_INR-2025-07-12,2025-07-12,USD_INR,USD,INR,83.8775,manual_uploaded_rates,manual
EUR_INR-2025-07-12,2025-07-12,EUR_INR,EUR,INR,92.2683,manual_uploaded_rates,manual
GBP_USD-2025-07-12,2025-07-12,GBP_USD,GBP,USD,1.296298,manual_uploaded_rates,manual
EUR_GBP-2025-07-12,2025-07-12,EUR_GBP,EUR,GBP,0.844101,manual_uploaded_rates,manual
EUR_USD-2025-07-12,2025-07-12,EUR_USD,EUR,USD,1.095322,manual_uploaded_rates,manual
USD_GBP-2025-07-12,2025-07-12,USD_GBP,USD,GBP,0.783808,manual_uploaded_rates,manual
GBP_EUR-2025-07-12,2025-07-12,GBP_EUR,GBP,EUR,1.185761,manual_uploaded_rates,manual
GBP_INR-2025-07-13,2025-07-13,GBP_INR,GBP,INR,108.8666,manual_uploaded_rates,manual
USD_INR-2025-07-13,2025-07-13,USD_INR,USD,INR,83.8293,manual_uploaded_rates,manual
EUR_INR-2025-07-13,2025-07-13,EUR_INR,EUR,INR,92.2152,manual_uploaded_rates,manual
GBP_USD-2025-07-13,2025-07-13,GBP_USD,GBP,USD,1.295552,manual_uploaded_rates,manual
EUR_GBP-2025-07-13,2025-07-13,EUR_GBP,EUR,GBP,0.843615,manual_uploaded_rates,manual
EUR_USD-2025-07-13,2025-07-13,EUR_USD,EUR,USD,1.094691,manual_uploaded_rates,manual
USD_GBP-2025-07-13,2025-07-13,USD_GBP,USD,GBP,0.783357,manual_uploaded_rates,manual
GBP_EUR-2025-07-13,2025-07-13,GBP_EUR,GBP,EUR,1.185079,manual_uploaded_rates,manual
GBP_INR-2025-07-14,2025-07-14,GBP_INR,GBP,INR,108.7975,manual_uploaded_rates,manual
USD_INR-2025-07-14,2025-07-14,USD_INR,USD,INR,83.7761,manual_uploaded_rates,manual
EUR_INR-2025-07-14,2025-07-14,EUR_INR,EUR,INR,92.1567,manual_uploaded_rates,manual
GBP_USD-2025-07-14,2025-07-14,GBP_USD,GBP,USD,1.29473,manual_uploaded_rates,manual
EUR_GBP-2025-07-14,2025-07-14,EUR_GBP,EUR,GBP,0.84308,manual_uploaded_rates,manual
EUR_USD-2025-07-14,2025-07-14,EUR_USD,EUR,USD,1.093997,manual_uploaded_rates,manual
USD_GBP-2025-07-14,2025-07-14,USD_GBP,USD,GBP,0.78286,manual_uploaded_rates,manual
GBP_EUR-2025-07-14,2025-07-14,GBP_EUR,GBP,EUR,1.184327,manual_uploaded_rates,manual
GBP_INR-2025-07-15,2025-07-15,GBP_INR,GBP,INR,108.7224,manual_uploaded_rates,manual
USD_INR-2025-07-15,2025-07-15,USD_INR,USD,INR,83.7183,manual_uploaded_rates,manual
EUR_INR-2025-07-15,2025-07-15,EUR_INR,EUR,INR,92.0931,manual_uploaded_rates,manual
GBP_USD-2025-07-15,2025-07-15,GBP_USD,GBP,USD,1.293837,manual_uploaded_rates,manual
EUR_GBP-2025-07-15,2025-07-15,EUR_GBP,EUR,GBP,0.842498,manual_uploaded_rates,manual
EUR_USD-2025-07-15,2025-07-15,EUR_USD,EUR,USD,1.093242,manual_uploaded_rates,manual
USD_GBP-2025-07-15,2025-07-15,USD_GBP,USD,GBP,0.78232,manual_uploaded_rates,manual
GBP_EUR-2025-07-15,2025-07-15,GBP_EUR,GBP,EUR,1.18351,manual_uploaded_rates,manual
GBP_INR-2025-07-16,2025-07-16,GBP_INR,GBP,INR,108.6418,manual_uploaded_rates,manual
USD_INR-2025-07-16,2025-07-16,USD_INR,USD,INR,83.6562,manual_uploaded_rates,manual
EUR_INR-2025-07-16,2025-07-16,EUR_INR,EUR,INR,92.0248,manual_uploaded_rates,manual
GBP_USD-2025-07-16,2025-07-16,GBP_USD,GBP,USD,1.292877,manual_uploaded_rates,manual
EUR_GBP-2025-07-16,2025-07-16,EUR_GBP,EUR,GBP,0.841874,manual_uploaded_rates,manual
EUR_USD-2025-07-16,2025-07-16,EUR_USD,EUR,USD,1.092431,manual_uploaded_rates,manual
USD_GBP-2025-07-16,2025-07-16,USD_GBP,USD,GBP,0.78174,manual_uploaded_rates,manual
GBP_EUR-2025-07-16,2025-07-16,GBP_EUR,GBP,EUR,1.182632,manual_uploaded_rates,manual
GBP_INR-2025-07-17,2025-07-17,GBP_INR,GBP,INR,108.5562,manual_uploaded_rates,manual
USD_INR-2025-07-17,2025-07-17,USD_INR,USD,INR,83.5903,manual_uploaded_rates,manual
EUR_INR-2025-07-17,2025-07-17,EUR_INR,EUR,INR,91.9523,manual_uploaded_rates,manual
GBP_USD-2025-07-17,2025-07-17,GBP_USD,GBP,USD,1.291859,manual_uploaded_rates,manual
EUR_GBP-2025-07-17,2025-07-17,EUR_GBP,EUR,GBP,0.84121,manual_uploaded_rates,manual
EUR_USD-2025-07-17,2025-07-17,EUR_USD,EUR,USD,1.091571,manual_uploaded_rates,manual
USD_GBP-2025-07-17,2025-07-17,USD_GBP,USD,GBP,0.781124,manual_uploaded_rates,manual
GBP_EUR-2025-07-17,2025-07-17,GBP_EUR,GBP,EUR,1.1817,manual_uploaded_rates,manual
GBP_INR-2025-07-18,2025-07-18,GBP_INR,GBP,INR,108.4664,manual_uploaded_rates,manual
USD_INR-2025-07-18,2025-07-18,USD_INR,USD,INR,83.5211,manual_uploaded_rates,manual
EUR_INR-2025-07-18,2025-07-18,EUR_INR,EUR,INR,91.8762,manual_uploaded_rates,manual
GBP_USD-2025-07-18,2025-07-18,GBP_USD,GBP,USD,1.29079,manual_uploaded_rates,manual
EUR_GBP-2025-07-18,2025-07-18,EUR_GBP,EUR,GBP,0.840515,manual_uploaded_rates,manual
EUR_USD-2025-07-18,2025-07-18,EUR_USD,EUR,USD,1.090668,manual_uploaded_rates,manual
USD_GBP-2025-07-18,2025-07-18,USD_GBP,USD,GBP,0.780478,manual_uploaded_rates,manual
GBP_EUR-2025-07-18,2025-07-18,GBP_EUR,GBP,EUR,1.180723,manual_uploaded_rates,manual
GBP_INR-2025-07-19,2025-07-19,GBP_INR,GBP,INR,108.3732,manual_uploaded_rates,manual
USD_INR-2025-07-19,2025-07-19,USD_INR,USD,INR,83.4493,manual_uploaded_rates,manual
EUR_INR-2025-07-19,2025-07-19,EUR_INR,EUR,INR,91.7973,manual_uploaded_rates,manual
GBP_USD-2025-07-19,2025-07-19,GBP_USD,GBP,USD,1.28968,manual_uploaded_rates,manual
EUR_GBP-2025-07-19,2025-07-19,EUR_GBP,EUR,GBP,0.839792,manual_uploaded_rates,manual
EUR_USD-2025-07-19,2025-07-19,EUR_USD,EUR,USD,1.08973,manual_uploaded_rates,manual
USD_GBP-2025-07-19,2025-07-19,USD_GBP,USD,GBP,0.779807,manual_uploaded_rates,manual
GBP_EUR-2025-07-19,2025-07-19,GBP_EUR,GBP,EUR,1.179708,manual_uploaded_rates,manual
GBP_INR-2025-07-20,2025-07-20,GBP_INR,GBP,INR,108.2773,manual_uploaded_rates,manual
USD_INR-2025-07-20,2025-07-20,USD_INR,USD,INR,83.3755,manual_uploaded_rates,manual
EUR_INR-2025-07-20,2025-07-20,EUR_INR,EUR,INR,91.7161,manual_uploaded_rates,manual
GBP_USD-2025-07-20,2025-07-20,GBP_USD,GBP,USD,1.28854,manual_uploaded_rates,manual
EUR_GBP-2025-07-20,2025-07-20,EUR_GBP,EUR,GBP,0.839049,manual_uploaded_rates,manual
EUR_USD-2025-07-20,2025-07-20,EUR_USD,EUR,USD,1.088767,manual_uploaded_rates,manual
USD_GBP-2025-07-20,2025-07-20,USD_GBP,USD,GBP,0.779117,manual_uploaded_rates,manual
GBP_EUR-2025-07-20,2025-07-20,GBP_EUR,GBP,EUR,1.178665,manual_uploaded_rates,manual
GBP_INR-2025-07-21,2025-07-21,GBP_INR,GBP,INR,108.1799,manual_uploaded_rates,manual
USD_INR-2025-07-21,2025-07-21,USD_INR,USD,INR,83.3005,manual_uploaded_rates,manual
EUR_INR-2025-07-21,2025-07-21,EUR_INR,EUR,INR,91.6336,manual_uploaded_rates,manual
GBP_USD-2025-07-21,2025-07-21,GBP_USD,GBP,USD,1.287381,manual_uploaded_rates,manual
EUR_GBP-2025-07-21,2025-07-21,EUR_GBP,EUR,GBP,0.838294,manual_uploaded_rates,manual
EUR_USD-2025-07-21,2025-07-21,EUR_USD,EUR,USD,1.087787,manual_uploaded_rates,manual
USD_GBP-2025-07-21,2025-07-21,USD_GBP,USD,GBP,0.778416,manual_uploaded_rates,manual
GBP_EUR-2025-07-21,2025-07-21,GBP_EUR,GBP,EUR,1.177604,manual_uploaded_rates,manual
GBP_INR-2025-07-22,2025-07-22,GBP_INR,GBP,INR,108.0818,manual_uploaded_rates,manual
USD_INR-2025-07-22,2025-07-22,USD_INR,USD,INR,83.225,manual_uploaded_rates,manual
EUR_INR-2025-07-22,2025-07-22,EUR_INR,EUR,INR,91.5505,manual_uploaded_rates,manual
GBP_USD-2025-07-22,2025-07-22,GBP_USD,GBP,USD,1.286213,manual_uploaded_rates,manual
EUR_GBP-2025-07-22,2025-07-22,EUR_GBP,EUR,GBP,0.837534,manual_uploaded_rates,manual
EUR_USD-2025-07-22,2025-07-22,EUR_USD,EUR,USD,1.0868,manual_uploaded_rates,manual
USD_GBP-2025-07-22,2025-07-22,USD_GBP,USD,GBP,0.77771,manual_uploaded_rates,manual
GBP_EUR-2025-07-22,2025-07-22,GBP_EUR,GBP,EUR,1.176536,manual_uploaded_rates,manual
GBP_INR-2025-07-23,2025-07-23,GBP_INR,GBP,INR,107.9841,manual_uploaded_rates,manual
USD_INR-2025-07-23,2025-07-23,USD_INR,USD,INR,83.1497,manual_uploaded_rates,manual
EUR_INR-2025-07-23,2025-07-23,EUR_INR,EUR,INR,91.4677,manual_uploaded_rates,manual
GBP_USD-2025-07-23,2025-07-23,GBP_USD,GBP,USD,1.28505,manual_uploaded_rates,manual
EUR_GBP-2025-07-23,2025-07-23,EUR_GBP,EUR,GBP,0.836777,manual_uploaded_rates,manual
EUR_USD-2025-07-23,2025-07-23,EUR_USD,EUR,USD,1.085818,manual_uploaded_rates,manual
USD_GBP-2025-07-23,2025-07-23,USD_GBP,USD,GBP,0.777007,manual_uploaded_rates,manual
GBP_EUR-2025-07-23,2025-07-23,GBP_EUR,GBP,EUR,1.175472,manual_uploaded_rates,manual
GBP_INR-2025-07-24,2025-07-24,GBP_INR,GBP,INR,107.8877,manual_uploaded_rates,manual
USD_INR-2025-07-24,2025-07-24,USD_INR,USD,INR,83.0755,manual_uploaded_rates,manual
EUR_INR-2025-07-24,2025-07-24,EUR_INR,EUR,INR,91.3861,manual_uploaded_rates,manual
GBP_USD-2025-07-24,2025-07-24,GBP_USD,GBP,USD,1.283904,manual_uploaded_rates,manual
EUR_GBP-2025-07-24,2025-07-24,EUR_GBP,EUR,GBP,0.83603,manual_uploaded_rates,manual
EUR_USD-2025-07-24,2025-07-24,EUR_USD,EUR,USD,1.084849,manual_uploaded_rates,manual
USD_GBP-2025-07-24,2025-07-24,USD_GBP,USD,GBP,0.776314,manual_uploaded_rates,manual
GBP_EUR-2025-07-24,2025-07-24,GBP_EUR,GBP,EUR,1.174424,manual_uploaded_rates,manual
GBP_INR-2025-07-25,2025-07-25,GBP_INR,GBP,INR,107.7938,manual_uploaded_rates,manual
USD_INR-2025-07-25,2025-07-25,USD_INR,USD,INR,83.0032,manual_uploaded_rates,manual
EUR_INR-2025-07-25,2025-07-25,EUR_INR,EUR,INR,91.3065,manual_uploaded_rates,manual
GBP_USD-2025-07-25,2025-07-25,GBP_USD,GBP,USD,1.282786,manual_uploaded_rates,manual
EUR_GBP-2025-07-25,2025-07-25,EUR_GBP,EUR,GBP,0.835302,manual_uploaded_rates,manual
EUR_USD-2025-07-25,2025-07-25,EUR_USD,EUR,USD,1.083904,manual_uploaded_rates,manual
USD_GBP-2025-07-25,2025-07-25,USD_GBP,USD,GBP,0.775638,manual_uploaded_rates,manual
GBP_EUR-2025-07-25,2025-07-25,GBP_EUR,GBP,EUR,1.173401,manual_uploaded_rates,manual
GBP_INR-2025-07-26,2025-07-26,GBP_INR,GBP,INR,107.7032,manual_uploaded_rates,manual
USD_INR-2025-07-26,2025-07-26,USD_INR,USD,INR,82.9335,manual_uploaded_rates,manual
EUR_INR-2025-07-26,2025-07-26,EUR_INR,EUR,INR,91.2298,manual_uploaded_rates,manual
GBP_USD-2025-07-26,2025-07-26,GBP_USD,GBP,USD,1.281708,manual_uploaded_rates,manual
EUR_GBP-2025-07-26,2025-07-26,EUR_GBP,EUR,GBP,0.834601,manual_uploaded_rates,manual
EUR_USD-2025-07-26,2025-07-26,EUR_USD,EUR,USD,1.082994,manual_uploaded_rates,manual
USD_GBP-2025-07-26,2025-07-26,USD_GBP,USD,GBP,0.774986,manual_uploaded_rates,manual
GBP_EUR-2025-07-26,2025-07-26,GBP_EUR,GBP,EUR,1.172415,manual_uploaded_rates,manual
GBP_INR-2025-07-27,2025-07-27,GBP_INR,GBP,INR,107.617,manual_uploaded_rates,manual
USD_INR-2025-07-27,2025-07-27,USD_INR,USD,INR,82.867,manual_uploaded_rates,manual
EUR_INR-2025-07-27,2025-07-27,EUR_INR,EUR,INR,91.1567,manual_uploaded_rates,manual
GBP_USD-2025-07-27,2025-07-27,GBP_USD,GBP,USD,1.280681,manual_uploaded_rates,manual
EUR_GBP-2025-07-27,2025-07-27,EUR_GBP,EUR,GBP,0.833932,manual_uploaded_rates,manual
EUR_USD-2025-07-27,2025-07-27,EUR_USD,EUR,USD,1.082126,manual_uploaded_rates,manual
USD_GBP-2025-07-27,2025-07-27,USD_GBP,USD,GBP,0.774366,manual_uploaded_rates,manual
GBP_EUR-2025-07-27,2025-07-27,GBP_EUR,GBP,EUR,1.171476,manual_uploaded_rates,manual
GBP_INR-2025-07-28,2025-07-28,GBP_INR,GBP,INR,107.5359,manual_uploaded_rates,manual
USD_INR-2025-07-28,2025-07-28,USD_INR,USD,INR,82.8046,manual_uploaded_rates,manual
EUR_INR-2025-07-28,2025-07-28,EUR_INR,EUR,INR,91.088,manual_uploaded_rates,manual
GBP_USD-2025-07-28,2025-07-28,GBP_USD,GBP,USD,1.279716,manual_uploaded_rates,manual
EUR_GBP-2025-07-28,2025-07-28,EUR_GBP,EUR,GBP,0.833304,manual_uploaded_rates,manual
EUR_USD-2025-07-28,2025-07-28,EUR_USD,EUR,USD,1.081311,manual_uploaded_rates,manual
USD_GBP-2025-07-28,2025-07-28,USD_GBP,USD,GBP,0.773782,manual_uploaded_rates,manual
GBP_EUR-2025-07-28,2025-07-28,GBP_EUR,GBP,EUR,1.170593,manual_uploaded_rates,manual
GBP_INR-2025-07-29,2025-07-29,GBP_INR,GBP,INR,107.4607,manual_uploaded_rates,manual
USD_INR-2025-07-29,2025-07-29,USD_INR,USD,INR,82.7467,manual_uploaded_rates,manual
EUR_INR-2025-07-29,2025-07-29,EUR_INR,EUR,INR,91.0244,manual_uploaded_rates,manual
GBP_USD-2025-07-29,2025-07-29,GBP_USD,GBP,USD,1.278822,manual_uploaded_rates,manual
EUR_GBP-2025-07-29,2025-07-29,EUR_GBP,EUR,GBP,0.832721,manual_uploaded_rates,manual
EUR_USD-2025-07-29,2025-07-29,EUR_USD,EUR,USD,1.080555,manual_uploaded_rates,manual
USD_GBP-2025-07-29,2025-07-29,USD_GBP,USD,GBP,0.773241,manual_uploaded_rates,manual
GBP_EUR-2025-07-29,2025-07-29,GBP_EUR,GBP,EUR,1.169775,manual_uploaded_rates,manual
GBP_INR-2025-07-30,2025-07-30,GBP_INR,GBP,INR,107.3922,manual_uploaded_rates,manual
USD_INR-2025-07-30,2025-07-30,USD_INR,USD,INR,82.694,manual_uploaded_rates,manual
EUR_INR-2025-07-30,2025-07-30,EUR_INR,EUR,INR,90.9664,manual_uploaded_rates,manual
GBP_USD-2025-07-30,2025-07-30,GBP_USD,GBP,USD,1.278007,manual_uploaded_rates,manual
EUR_GBP-2025-07-30,2025-07-30,EUR_GBP,EUR,GBP,0.832191,manual_uploaded_rates,manual
EUR_USD-2025-07-30,2025-07-30,EUR_USD,EUR,USD,1.079866,manual_uploaded_rates,manual
USD_GBP-2025-07-30,2025-07-30,USD_GBP,USD,GBP,0.772748,manual_uploaded_rates,manual
GBP_EUR-2025-07-30,2025-07-30,GBP_EUR,GBP,EUR,1.16903,manual_uploaded_rates,manual
GBP_INR-2025-07-31,2025-07-31,GBP_INR,GBP,INR,107.3309,manual_uploaded_rates,manual
USD_INR-2025-07-31,2025-07-31,USD_INR,USD,INR,82.6468,manual_uploaded_rates,manual
EUR_INR-2025-07-31,2025-07-31,EUR_INR,EUR,INR,90.9145,manual_uploaded_rates,manual
GBP_USD-2025-07-31,2025-07-31,GBP_USD,GBP,USD,1.277278,manual_uploaded_rates,manual
EUR_GBP-2025-07-31,2025-07-31,EUR_GBP,EUR,GBP,0.831716,manual_uploaded_rates,manual
EUR_USD-2025-07-31,2025-07-31,EUR_USD,EUR,USD,1.07925,manual_uploaded_rates,manual
USD_GBP-2025-07-31,2025-07-31,USD_GBP,USD,GBP,0.772308,manual_uploaded_rates,manual
GBP_EUR-2025-07-31,2025-07-31,GBP_EUR,GBP,EUR,1.168363,manual_uploaded_rates,manual
GBP_INR-2025-08-01,2025-08-01,GBP_INR,GBP,INR,107.2773,manual_uploaded_rates,manual
USD_INR-2025-08-01,2025-08-01,USD_INR,USD,INR,82.6055,manual_uploaded_rates,manual
EUR_INR-2025-08-01,2025-08-01,EUR_INR,EUR,INR,90.8691,manual_uploaded_rates,manual
GBP_USD-2025-08-01,2025-08-01,GBP_USD,GBP,USD,1.27664,manual_uploaded_rates,manual
EUR_GBP-2025-08-01,2025-08-01,EUR_GBP,EUR,GBP,0.8313,manual_uploaded_rates,manual
EUR_USD-2025-08-01,2025-08-01,EUR_USD,EUR,USD,1.078711,manual_uploaded_rates,manual
USD_GBP-2025-08-01,2025-08-01,USD_GBP,USD,GBP,0.771922,manual_uploaded_rates,manual
GBP_EUR-2025-08-01,2025-08-01,GBP_EUR,GBP,EUR,1.167779,manual_uploaded_rates,manual
GBP_INR-2025-08-02,2025-08-02,GBP_INR,GBP,INR,107.2318,manual_uploaded_rates,manual
USD_INR-2025-08-02,2025-08-02,USD_INR,USD,INR,82.5704,manual_uploaded_rates,manual
EUR_INR-2025-08-02,2025-08-02,EUR_INR,EUR,INR,90.8304,manual_uploaded_rates,manual
GBP_USD-2025-08-02,2025-08-02,GBP_USD,GBP,USD,1.276098,manual_uploaded_rates,manual
EUR_GBP-2025-08-02,2025-08-02,EUR_GBP,EUR,GBP,0.830947,manual_uploaded_rates,manual
EUR_USD-2025-08-02,2025-08-02,EUR_USD,EUR,USD,1.078253,manual_uploaded_rates,manual
USD_GBP-2025-08-02,2025-08-02,USD_GBP,USD,GBP,0.771594,manual_uploaded_rates,manual
GBP_EUR-2025-08-02,2025-08-02,GBP_EUR,GBP,EUR,1.167283,manual_uploaded_rates,manual
GBP_INR-2025-08-03,2025-08-03,GBP_INR,GBP,INR,107.1944,manual_uploaded_rates,manual
USD_INR-2025-08-03,2025-08-03,USD_INR,USD,INR,82.5417,manual_uploaded_rates,manual
EUR_INR-2025-08-03,2025-08-03,EUR_INR,EUR,INR,90.7988,manual_uploaded_rates,manual
GBP_USD-2025-08-03,2025-08-03,GBP_USD,GBP,USD,1.275653,manual_uploaded_rates,manual
EUR_GBP-2025-08-03,2025-08-03,EUR_GBP,EUR,GBP,0.830658,manual_uploaded_rates,manual
EUR_USD-2025-08-03,2025-08-03,EUR_USD,EUR,USD,1.077877,manual_uploaded_rates,manual
USD_GBP-2025-08-03,2025-08-03,USD_GBP,USD,GBP,0.771325,manual_uploaded_rates,manual
GBP_EUR-2025-08-03,2025-08-03,GBP_EUR,GBP,EUR,1.166876,manual_uploaded_rates,manual
GBP_INR-2025-08-04,2025-08-04,GBP_INR,GBP,INR,107.1653,manual_uploaded_rates,manual
USD_INR-2025-08-04,2025-08-04,USD_INR,USD,INR,82.5193,manual_uploaded_rates,manual
EUR_INR-2025-08-04,2025-08-04,EUR_INR,EUR,INR,90.7741,manual_uploaded_rates,manual
GBP_USD-2025-08-04,2025-08-04,GBP_USD,GBP,USD,1.275307,manual_uploaded_rates,manual
EUR_GBP-2025-08-04,2025-08-04,EUR_GBP,EUR,GBP,0.830432,manual_uploaded_rates,manual
EUR_USD-2025-08-04,2025-08-04,EUR_USD,EUR,USD,1.077585,manual_uploaded_rates,manual
USD_GBP-2025-08-04,2025-08-04,USD_GBP,USD,GBP,0.771116,manual_uploaded_rates,manual
GBP_EUR-2025-08-04,2025-08-04,GBP_EUR,GBP,EUR,1.166559,manual_uploaded_rates,manual
GBP_INR-2025-08-05,2025-08-05,GBP_INR,GBP,INR,107.1444,manual_uploaded_rates,manual
USD_INR-2025-08-05,2025-08-05,USD_INR,USD,INR,82.5032,manual_uploaded_rates,manual
EUR_INR-2025-08-05,2025-08-05,EUR_INR,EUR,INR,90.7564,manual_uploaded_rates,manual
GBP_USD-2025-08-05,2025-08-05,GBP_USD,GBP,USD,1.275058,manual_uploaded_rates,manual
EUR_GBP-2025-08-05,2025-08-05,EUR_GBP,EUR,GBP,0.83027,manual_uploaded_rates,manual
EUR_USD-2025-08-05,2025-08-05,EUR_USD,EUR,USD,1.077374,manual_uploaded_rates,manual
USD_GBP-2025-08-05,2025-08-05,USD_GBP,USD,GBP,0.770965,manual_uploaded_rates,manual
GBP_EUR-2025-08-05,2025-08-05,GBP_EUR,GBP,EUR,1.166332,manual_uploaded_rates,manual
GBP_INR-2025-08-06,2025-08-06,GBP_INR,GBP,INR,107.1315,manual_uploaded_rates,manual
USD_INR-2025-08-06,2025-08-06,USD_INR,USD,INR,82.4932,manual_uploaded_rates,manual
EUR_INR-2025-08-06,2025-08-06,EUR_INR,EUR,INR,90.7455,manual_uploaded_rates,manual
GBP_USD-2025-08-06,2025-08-06,GBP_USD,GBP,USD,1.274904,manual_uploaded_rates,manual
EUR_GBP-2025-08-06,2025-08-06,EUR_GBP,EUR,GBP,0.83017,manual_uploaded_rates,manual
EUR_USD-2025-08-06,2025-08-06,EUR_USD,EUR,USD,1.077245,manual_uploaded_rates,manual
USD_GBP-2025-08-06,2025-08-06,USD_GBP,USD,GBP,0.770872,manual_uploaded_rates,manual
GBP_EUR-2025-08-06,2025-08-06,GBP_EUR,GBP,EUR,1.166191,manual_uploaded_rates,manual
GBP_INR-2025-08-07,2025-08-07,GBP_INR,GBP,INR,107.1262,manual_uploaded_rates,manual
USD_INR-2025-08-07,2025-08-07,USD_INR,USD,INR,82.4892,manual_uploaded_rates,manual
EUR_INR-2025-08-07,2025-08-07,EUR_INR,EUR,INR,90.741,manual_uploaded_rates,manual
GBP_USD-2025-08-07,2025-08-07,GBP_USD,GBP,USD,1.274841,manual_uploaded_rates,manual
EUR_GBP-2025-08-07,2025-08-07,EUR_GBP,EUR,GBP,0.830129,manual_uploaded_rates,manual
EUR_USD-2025-08-07,2025-08-07,EUR_USD,EUR,USD,1.077192,manual_uploaded_rates,manual
USD_GBP-2025-08-07,2025-08-07,USD_GBP,USD,GBP,0.770834,manual_uploaded_rates,manual
GBP_EUR-2025-08-07,2025-08-07,GBP_EUR,GBP,EUR,1.166134,manual_uploaded_rates,manual
GBP_INR-2025-08-08,2025-08-08,GBP_INR,GBP,INR,107.1281,manual_uploaded_rates,manual
USD_INR-2025-08-08,2025-08-08,USD_INR,USD,INR,82.4906,manual_uploaded_rates,manual
EUR_INR-2025-08-08,2025-08-08,EUR_INR,EUR,INR,90.7427,manual_uploaded_rates,manual
GBP_USD-2025-08-08,2025-08-08,GBP_USD,GBP,USD,1.274864,manual_uploaded_rates,manual
EUR_GBP-2025-08-08,2025-08-08,EUR_GBP,EUR,GBP,0.830144,manual_uploaded_rates,manual
EUR_USD-2025-08-08,2025-08-08,EUR_USD,EUR,USD,1.077211,manual_uploaded_rates,manual
USD_GBP-2025-08-08,2025-08-08,USD_GBP,USD,GBP,0.770848,manual_uploaded_rates,manual
GBP_EUR-2025-08-08,2025-08-08,GBP_EUR,GBP,EUR,1.166155,manual_uploaded_rates,manual
GBP_INR-2025-08-09,2025-08-09,GBP_INR,GBP,INR,107.1366,manual_uploaded_rates,manual
USD_INR-2025-08-09,2025-08-09,USD_INR,USD,INR,82.4972,manual_uploaded_rates,manual
EUR_INR-2025-08-09,2025-08-09,EUR_INR,EUR,INR,90.7499,manual_uploaded_rates,manual
GBP_USD-2025-08-09,2025-08-09,GBP_USD,GBP,USD,1.274965,manual_uploaded_rates,manual
EUR_GBP-2025-08-09,2025-08-09,EUR_GBP,EUR,GBP,0.83021,manual_uploaded_rates,manual
EUR_USD-2025-08-09,2025-08-09,EUR_USD,EUR,USD,1.077296,manual_uploaded_rates,manual
USD_GBP-2025-08-09,2025-08-09,USD_GBP,USD,GBP,0.770909,manual_uploaded_rates,manual
GBP_EUR-2025-08-09,2025-08-09,GBP_EUR,GBP,EUR,1.166247,manual_uploaded_rates,manual
GBP_INR-2025-08-10,2025-08-10,GBP_INR,GBP,INR,107.1511,manual_uploaded_rates,manual
USD_INR-2025-08-10,2025-08-10,USD_INR,USD,INR,82.5083,manual_uploaded_rates,manual
EUR_INR-2025-08-10,2025-08-10,EUR_INR,EUR,INR,90.7621,manual_uploaded_rates,manual
GBP_USD-2025-08-10,2025-08-10,GBP_USD,GBP,USD,1.275137,manual_uploaded_rates,manual
EUR_GBP-2025-08-10,2025-08-10,EUR_GBP,EUR,GBP,0.830322,manual_uploaded_rates,manual
EUR_USD-2025-08-10,2025-08-10,EUR_USD,EUR,USD,1.077442,manual_uploaded_rates,manual
USD_GBP-2025-08-10,2025-08-10,USD_GBP,USD,GBP,0.771013,manual_uploaded_rates,manual
GBP_EUR-2025-08-10,2025-08-10,GBP_EUR,GBP,EUR,1.166405,manual_uploaded_rates,manual
GBP_INR-2025-08-11,2025-08-11,GBP_INR,GBP,INR,107.1707,manual_uploaded_rates,manual
USD_INR-2025-08-11,2025-08-11,USD_INR,USD,INR,82.5234,manual_uploaded_rates,manual
EUR_INR-2025-08-11,2025-08-11,EUR_INR,EUR,INR,90.7787,manual_uploaded_rates,manual
GBP_USD-2025-08-11,2025-08-11,GBP_USD,GBP,USD,1.275371,manual_uploaded_rates,manual
EUR_GBP-2025-08-11,2025-08-11,EUR_GBP,EUR,GBP,0.830474,manual_uploaded_rates,manual
EUR_USD-2025-08-11,2025-08-11,EUR_USD,EUR,USD,1.077639,manual_uploaded_rates,manual
USD_GBP-2025-08-11,2025-08-11,USD_GBP,USD,GBP,0.771154,manual_uploaded_rates,manual
GBP_EUR-2025-08-11,2025-08-11,GBP_EUR,GBP,EUR,1.166618,manual_uploaded_rates,manual
GBP_INR-2025-08-12,2025-08-12,GBP_INR,GBP,INR,107.1946,manual_uploaded_rates,manual
USD_INR-2025-08-12,2025-08-12,USD_INR,USD,INR,82.5418,manual_uploaded_rates,manual
EUR_INR-2025-08-12,2025-08-12,EUR_INR,EUR,INR,90.799,manual_uploaded_rates,manual
GBP_USD-2025-08-12,2025-08-12,GBP_USD,GBP,USD,1.275655,manual_uploaded_rates,manual
EUR_GBP-2025-08-12,2025-08-12,EUR_GBP,EUR,GBP,0.830659,manual_uploaded_rates,manual
EUR_USD-2025-08-12,2025-08-12,EUR_USD,EUR,USD,1.077879,manual_uploaded_rates,manual
USD_GBP-2025-08-12,2025-08-12,USD_GBP,USD,GBP,0.771326,manual_uploaded_rates,manual
GBP_EUR-2025-08-12,2025-08-12,GBP_EUR,GBP,EUR,1.166878,manual_uploaded_rates,manual
GBP_INR-2025-08-13,2025-08-13,GBP_INR,GBP,INR,107.222,manual_uploaded_rates,manual
USD_INR-2025-08-13,2025-08-13,USD_INR,USD,INR,82.5629,manual_uploaded_rates,manual
EUR_INR-2025-08-13,2025-08-13,EUR_INR,EUR,INR,90.8221,manual_uploaded_rates,manual
GBP_USD-2025-08-13,2025-08-13,GBP_USD,GBP,USD,1.275981,manual_uploaded_rates,manual
EUR_GBP-2025-08-13,2025-08-13,EUR_GBP,EUR,GBP,0.830871,manual_uploaded_rates,manual
EUR_USD-2025-08-13,2025-08-13,EUR_USD,EUR,USD,1.078154,manual_uploaded_rates,manual
USD_GBP-2025-08-13,2025-08-13,USD_GBP,USD,GBP,0.771523,manual_uploaded_rates,manual
GBP_EUR-2025-08-13,2025-08-13,GBP_EUR,GBP,EUR,1.167176,manual_uploaded_rates,manual
GBP_INR-2025-08-14,2025-08-14,GBP_INR,GBP,INR,107.2518,manual_uploaded_rates,manual
USD_INR-2025-08-14,2025-08-14,USD_INR,USD,INR,82.5859,manual_uploaded_rates,manual
EUR_INR-2025-08-14,2025-08-14,EUR_INR,EUR,INR,90.8474,manual_uploaded_rates,manual
GBP_USD-2025-08-14,2025-08-14,GBP_USD,GBP,USD,1.276336,manual_uploaded_rates,manual
EUR_GBP-2025-08-14,2025-08-14,EUR_GBP,EUR,GBP,0.831103,manual_uploaded_rates,manual
EUR_USD-2025-08-14,2025-08-14,EUR_USD,EUR,USD,1.078455,manual_uploaded_rates,manual
USD_GBP-2025-08-14,2025-08-14,USD_GBP,USD,GBP,0.771738,manual_uploaded_rates,manual
GBP_EUR-2025-08-14,2025-08-14,GBP_EUR,GBP,EUR,1.167501,manual_uploaded_rates,manual
GBP_INR-2025-08-15,2025-08-15,GBP_INR,GBP,INR,107.2832,manual_uploaded_rates,manual
USD_INR-2025-08-15,2025-08-15,USD_INR,USD,INR,82.6101,manual_uploaded_rates,manual
EUR_INR-2025-08-15,2025-08-15,EUR_INR,EUR,INR,90.8741,manual_uploaded_rates,manual
GBP_USD-2025-08-15,2025-08-15,GBP_USD,GBP,USD,1.27671,manual_uploaded_rates,manual
EUR_GBP-2025-08-15,2025-08-15,EUR_GBP,EUR,GBP,0.831346,manual_uploaded_rates,manual
EUR_USD-2025-08-15,2025-08-15,EUR_USD,EUR,USD,1.078771,manual_uploaded_rates,manual
USD_GBP-2025-08-15,2025-08-15,USD_GBP,USD,GBP,0.771964,manual_uploaded_rates,manual
GBP_EUR-2025-08-15,2025-08-15,GBP_EUR,GBP,EUR,1.167843,manual_uploaded_rates,manual
GBP_INR-2025-08-16,2025-08-16,GBP_INR,GBP,INR,107.3153,manual_uploaded_rates,manual
USD_INR-2025-08-16,2025-08-16,USD_INR,USD,INR,82.6347,manual_uploaded_rates,manual
EUR_INR-2025-08-16,2025-08-16,EUR_INR,EUR,INR,90.9012,manual_uploaded_rates,manual
GBP_USD-2025-08-16,2025-08-16,GBP_USD,GBP,USD,1.277091,manual_uploaded_rates,manual
EUR_GBP-2025-08-16,2025-08-16,EUR_GBP,EUR,GBP,0.831594,manual_uploaded_rates,manual
EUR_USD-2025-08-16,2025-08-16,EUR_USD,EUR,USD,1.079093,manual_uploaded_rates,manual
USD_GBP-2025-08-16,2025-08-16,USD_GBP,USD,GBP,0.772195,manual_uploaded_rates,manual
GBP_EUR-2025-08-16,2025-08-16,GBP_EUR,GBP,EUR,1.168192,manual_uploaded_rates,manual
GBP_INR-2025-08-17,2025-08-17,GBP_INR,GBP,INR,107.347,manual_uploaded_rates,manual
USD_INR-2025-08-17,2025-08-17,USD_INR,USD,INR,82.6592,manual_uploaded_rates,manual
EUR_INR-2025-08-17,2025-08-17,EUR_INR,EUR,INR,90.9281,manual_uploaded_rates,manual
GBP_USD-2025-08-17,2025-08-17,GBP_USD,GBP,USD,1.277469,manual_uploaded_rates,manual
EUR_GBP-2025-08-17,2025-08-17,EUR_GBP,EUR,GBP,0.83184,manual_uploaded_rates,manual
EUR_USD-2025-08-17,2025-08-17,EUR_USD,EUR,USD,1.079412,manual_uploaded_rates,manual
USD_GBP-2025-08-17,2025-08-17,USD_GBP,USD,GBP,0.772423,manual_uploaded_rates,manual
GBP_EUR-2025-08-17,2025-08-17,GBP_EUR,GBP,EUR,1.168538,manual_uploaded_rates,manual
GBP_INR-2025-08-18,2025-08-18,GBP_INR,GBP,INR,107.3775,manual_uploaded_rates,manual
USD_INR-2025-08-18,2025-08-18,USD_INR,USD,INR,82.6827,manual_uploaded_rates,manual
EUR_INR-2025-08-18,2025-08-18,EUR_INR,EUR,INR,90.9539,manual_uploaded_rates,manual
GBP_USD-2025-08-18,2025-08-18,GBP_USD,GBP,USD,1.277832,manual_uploaded_rates,manual
EUR_GBP-2025-08-18,2025-08-18,EUR_GBP,EUR,GBP,0.832077,manual_uploaded_rates,manual
EUR_USD-2025-08-18,2025-08-18,EUR_USD,EUR,USD,1.079719,manual_uploaded_rates,manual
USD_GBP-2025-08-18,2025-08-18,USD_GBP,USD,GBP,0.772643,manual_uploaded_rates,manual
GBP_EUR-2025-08-18,2025-08-18,GBP_EUR,GBP,EUR,1.16887,manual_uploaded_rates,manual
GBP_INR-2025-08-19,2025-08-19,GBP_INR,GBP,INR,107.406,manual_uploaded_rates,manual
USD_INR-2025-08-19,2025-08-19,USD_INR,USD,INR,82.7046,manual_uploaded_rates,manual
EUR_INR-2025-08-19,2025-08-19,EUR_INR,EUR,INR,90.9781,manual_uploaded_rates,manual
GBP_USD-2025-08-19,2025-08-19,GBP_USD,GBP,USD,1.278172,manual_uploaded_rates,manual
EUR_GBP-2025-08-19,2025-08-19,EUR_GBP,EUR,GBP,0.832298,manual_uploaded_rates,manual
EUR_USD-2025-08-19,2025-08-19,EUR_USD,EUR,USD,1.080005,manual_uploaded_rates,manual
USD_GBP-2025-08-19,2025-08-19,USD_GBP,USD,GBP,0.772848,manual_uploaded_rates,manual
GBP_EUR-2025-08-19,2025-08-19,GBP_EUR,GBP,EUR,1.16918,manual_uploaded_rates,manual
GBP_INR-2025-08-20,2025-08-20,GBP_INR,GBP,INR,107.4318,manual_uploaded_rates,manual
USD_INR-2025-08-20,2025-08-20,USD_INR,USD,INR,82.7244,manual_uploaded_rates,manual
EUR_INR-2025-08-20,2025-08-20,EUR_INR,EUR,INR,90.9999,manual_uploaded_rates,manual
GBP_USD-2025-08-20,2025-08-20,GBP_USD,GBP,USD,1.278478,manual_uploaded_rates,manual
EUR_GBP-2025-08-20,2025-08-20,EUR_GBP,EUR,GBP,0.832497,manual_uploaded_rates,manual
EUR_USD-2025-08-20,2025-08-20,EUR_USD,EUR,USD,1.080264,manual_uploaded_rates,manual
USD_GBP-2025-08-20,2025-08-20,USD_GBP,USD,GBP,0.773033,manual_uploaded_rates,manual
GBP_EUR-2025-08-20,2025-08-20,GBP_EUR,GBP,EUR,1.16946,manual_uploaded_rates,manual
GBP_INR-2025-08-21,2025-08-21,GBP_INR,GBP,INR,107.454,manual_uploaded_rates,manual
USD_INR-2025-08-21,2025-08-21,USD_INR,USD,INR,82.7416,manual_uploaded_rates,manual
EUR_INR-2025-08-21,2025-08-21,EUR_INR,EUR,INR,91.0187,manual_uploaded_rates,manual
GBP_USD-2025-08-21,2025-08-21,GBP_USD,GBP,USD,1.278742,manual_uploaded_rates,manual
EUR_GBP-2025-08-21,2025-08-21,EUR_GBP,EUR,GBP,0.83267,manual_uploaded_rates,manual
EUR_USD-2025-08-21,2025-08-21,EUR_USD,EUR,USD,1.080488,manual_uploaded_rates,manual
USD_GBP-2025-08-21,2025-08-21,USD_GBP,USD,GBP,0.773193,manual_uploaded_rates,manual
GBP_EUR-2025-08-21,2025-08-21,GBP_EUR,GBP,EUR,1.169702,manual_uploaded_rates,manual
GBP_INR-2025-08-22,2025-08-22,GBP_INR,GBP,INR,107.4722,manual_uploaded_rates,manual
USD_INR-2025-08-22,2025-08-22,USD_INR,USD,INR,82.7556,manual_uploaded_rates,manual
EUR_INR-2025-08-22,2025-08-22,EUR_INR,EUR,INR,91.0341,manual_uploaded_rates,manual
GBP_USD-2025-08-22,2025-08-22,GBP_USD,GBP,USD,1.278959,manual_uploaded_rates,manual
EUR_GBP-2025-08-22,2025-08-22,EUR_GBP,EUR,GBP,0.832811,manual_uploaded_rates,manual
EUR_USD-2025-08-22,2025-08-22,EUR_USD,EUR,USD,1.080671,manual_uploaded_rates,manual
USD_GBP-2025-08-22,2025-08-22,USD_GBP,USD,GBP,0.773324,manual_uploaded_rates,manual
GBP_EUR-2025-08-22,2025-08-22,GBP_EUR,GBP,EUR,1.169901,manual_uploaded_rates,manual
GBP_INR-2025-08-23,2025-08-23,GBP_INR,GBP,INR,107.486,manual_uploaded_rates,manual
USD_INR-2025-08-23,2025-08-23,USD_INR,USD,INR,82.7662,manual_uploaded_rates,manual
EUR_INR-2025-08-23,2025-08-23,EUR_INR,EUR,INR,91.0458,manual_uploaded_rates,manual
GBP_USD-2025-08-23,2025-08-23,GBP_USD,GBP,USD,1.279123,manual_uploaded_rates,manual
EUR_GBP-2025-08-23,2025-08-23,EUR_GBP,EUR,GBP,0.832917,manual_uploaded_rates,manual
EUR_USD-2025-08-23,2025-08-23,EUR_USD,EUR,USD,1.080809,manual_uploaded_rates,manual
USD_GBP-2025-08-23,2025-08-23,USD_GBP,USD,GBP,0.773423,manual_uploaded_rates,manual
GBP_EUR-2025-08-23,2025-08-23,GBP_EUR,GBP,EUR,1.17005,manual_uploaded_rates,manual
GBP_INR-2025-08-24,2025-08-24,GBP_INR,GBP,INR,107.4949,manual_uploaded_rates,manual
USD_INR-2025-08-24,2025-08-24,USD_INR,USD,INR,82.773,manual_uploaded_rates,manual
EUR_INR-2025-08-24,2025-08-24,EUR_INR,EUR,INR,91.0533,manual_uploaded_rates,manual
GBP_USD-2025-08-24,2025-08-24,GBP_USD,GBP,USD,1.279229,manual_uploaded_rates,manual
EUR_GBP-2025-08-24,2025-08-24,EUR_GBP,EUR,GBP,0.832986,manual_uploaded_rates,manual
EUR_USD-2025-08-24,2025-08-24,EUR_USD,EUR,USD,1.080899,manual_uploaded_rates,manual
USD_GBP-2025-08-24,2025-08-24,USD_GBP,USD,GBP,0.773487,manual_uploaded_rates,manual
GBP_EUR-2025-08-24,2025-08-24,GBP_EUR,GBP,EUR,1.170147,manual_uploaded_rates,manual
GBP_INR-2025-08-25,2025-08-25,GBP_INR,GBP,INR,107.4987,manual_uploaded_rates,manual
USD_INR-2025-08-25,2025-08-25,USD_INR,USD,INR,82.776,manual_uploaded_rates,manual
EUR_INR-2025-08-25,2025-08-25,EUR_INR,EUR,INR,91.0566,manual_uploaded_rates,manual
GBP_USD-2025-08-25,2025-08-25,GBP_USD,GBP,USD,1.279274,manual_uploaded_rates,manual
EUR_GBP-2025-08-25,2025-08-25,EUR_GBP,EUR,GBP,0.833016,manual_uploaded_rates,manual
EUR_USD-2025-08-25,2025-08-25,EUR_USD,EUR,USD,1.080937,manual_uploaded_rates,manual
USD_GBP-2025-08-25,2025-08-25,USD_GBP,USD,GBP,0.773515,manual_uploaded_rates,manual
GBP_EUR-2025-08-25,2025-08-25,GBP_EUR,GBP,EUR,1.170189,manual_uploaded_rates,manual
GBP_INR-2025-08-26,2025-08-26,GBP_INR,GBP,INR,107.4974,manual_uploaded_rates,manual
USD_INR-2025-08-26,2025-08-26,USD_INR,USD,INR,82.775,manual_uploaded_rates,manual
EUR_INR-2025-08-26,2025-08-26,EUR_INR,EUR,INR,91.0554,manual_uploaded_rates,manual
GBP_USD-2025-08-26,2025-08-26,GBP_USD,GBP,USD,1.279259,manual_uploaded_rates,manual
EUR_GBP-2025-08-26,2025-08-26,EUR_GBP,EUR,GBP,0.833006,manual_uploaded_rates,manual
EUR_USD-2025-08-26,2025-08-26,EUR_USD,EUR,USD,1.080924,manual_uploaded_rates,manual
USD_GBP-2025-08-26,2025-08-26,USD_GBP,USD,GBP,0.773505,manual_uploaded_rates,manual
GBP_EUR-2025-08-26,2025-08-26,GBP_EUR,GBP,EUR,1.170175,manual_uploaded_rates,manual
GBP_INR-2025-08-27,2025-08-27,GBP_INR,GBP,INR,107.491,manual_uploaded_rates,manual
USD_INR-2025-08-27,2025-08-27,USD_INR,USD,INR,82.77,manual_uploaded_rates,manual
EUR_INR-2025-08-27,2025-08-27,EUR_INR,EUR,INR,91.05,manual_uploaded_rates,manual
GBP_USD-2025-08-27,2025-08-27,GBP_USD,GBP,USD,1.279182,manual_uploaded_rates,manual
EUR_GBP-2025-08-27,2025-08-27,EUR_GBP,EUR,GBP,0.832956,manual_uploaded_rates,manual
EUR_USD-2025-08-27,2025-08-27,EUR_USD,EUR,USD,1.080859,manual_uploaded_rates,manual
USD_GBP-2025-08-27,2025-08-27,USD_GBP,USD,GBP,0.773459,manual_uploaded_rates,manual
GBP_EUR-2025-08-27,2025-08-27,GBP_EUR,GBP,EUR,1.170105,manual_uploaded_rates,manual
GBP_INR-2025-08-28,2025-08-28,GBP_INR,GBP,INR,107.4796,manual_uploaded_rates,manual
USD_INR-2025-08-28,2025-08-28,USD_INR,USD,INR,82.7613,manual_uploaded_rates,manual
EUR_INR-2025-08-28,2025-08-28,EUR_INR,EUR,INR,91.0404,manual_uploaded_rates,manual
GBP_USD-2025-08-28,2025-08-28,GBP_USD,GBP,USD,1.279047,manual_uploaded_rates,manual
EUR_GBP-2025-08-28,2025-08-28,EUR_GBP,EUR,GBP,0.832868,manual_uploaded_rates,manual
EUR_USD-2025-08-28,2025-08-28,EUR_USD,EUR,USD,1.080745,manual_uploaded_rates,manual
USD_GBP-2025-08-28,2025-08-28,USD_GBP,USD,GBP,0.773377,manual_uploaded_rates,manual
GBP_EUR-2025-08-28,2025-08-28,GBP_EUR,GBP,EUR,1.169981,manual_uploaded_rates,manual
GBP_INR-2025-08-29,2025-08-29,GBP_INR,GBP,INR,107.4636,manual_uploaded_rates,manual
USD_INR-2025-08-29,2025-08-29,USD_INR,USD,INR,82.749,manual_uploaded_rates,manual
EUR_INR-2025-08-29,2025-08-29,EUR_INR,EUR,INR,91.0269,manual_uploaded_rates,manual
GBP_USD-2025-08-29,2025-08-29,GBP_USD,GBP,USD,1.278857,manual_uploaded_rates,manual
EUR_GBP-2025-08-29,2025-08-29,EUR_GBP,EUR,GBP,0.832744,manual_uploaded_rates,manual
EUR_USD-2025-08-29,2025-08-29,EUR_USD,EUR,USD,1.080585,manual_uploaded_rates,manual
USD_GBP-2025-08-29,2025-08-29,USD_GBP,USD,GBP,0.773262,manual_uploaded_rates,manual
GBP_EUR-2025-08-29,2025-08-29,GBP_EUR,GBP,EUR,1.169807,manual_uploaded_rates,manual
GBP_INR-2025-08-30,2025-08-30,GBP_INR,GBP,INR,107.4434,manual_uploaded_rates,manual
USD_INR-2025-08-30,2025-08-30,USD_INR,USD,INR,82.7334,manual_uploaded_rates,manual
EUR_INR-2025-08-30,2025-08-30,EUR_INR,EUR,INR,91.0097,manual_uploaded_rates,manual
GBP_USD-2025-08-30,2025-08-30,GBP_USD,GBP,USD,1.278616,manual_uploaded_rates,manual
EUR_GBP-2025-08-30,2025-08-30,EUR_GBP,EUR,GBP,0.832587,manual_uploaded_rates,manual
EUR_USD-2025-08-30,2025-08-30,EUR_USD,EUR,USD,1.080381,manual_uploaded_rates,manual
USD_GBP-2025-08-30,2025-08-30,USD_GBP,USD,GBP,0.773117,manual_uploaded_rates,manual
GBP_EUR-2025-08-30,2025-08-30,GBP_EUR,GBP,EUR,1.169587,manual_uploaded_rates,manual
GBP_INR-2025-08-31,2025-08-31,GBP_INR,GBP,INR,107.4195,manual_uploaded_rates,manual
USD_INR-2025-08-31,2025-08-31,USD_INR,USD,INR,82.715,manual_uploaded_rates,manual
EUR_INR-2025-08-31,2025-08-31,EUR_INR,EUR,INR,90.9895,manual_uploaded_rates,manual
GBP_USD-2025-08-31,2025-08-31,GBP_USD,GBP,USD,1.278332,manual_uploaded_rates,manual
EUR_GBP-2025-08-31,2025-08-31,EUR_GBP,EUR,GBP,0.832402,manual_uploaded_rates,manual
EUR_USD-2025-08-31,2025-08-31,EUR_USD,EUR,USD,1.080141,manual_uploaded_rates,manual
USD_GBP-2025-08-31,2025-08-31,USD_GBP,USD,GBP,0.772945,manual_uploaded_rates,manual
GBP_EUR-2025-08-31,2025-08-31,GBP_EUR,GBP,EUR,1.169327,manual_uploaded_rates,manual
GBP_INR-2025-09-01,2025-09-01,GBP_INR,GBP,INR,107.3925,manual_uploaded_rates,manual
USD_INR-2025-09-01,2025-09-01,USD_INR,USD,INR,82.6942,manual_uploaded_rates,manual
EUR_INR-2025-09-01,2025-09-01,EUR_INR,EUR,INR,90.9666,manual_uploaded_rates,manual
GBP_USD-2025-09-01,2025-09-01,GBP_USD,GBP,USD,1.27801,manual_uploaded_rates,manual
EUR_GBP-2025-09-01,2025-09-01,EUR_GBP,EUR,GBP,0.832193,manual_uploaded_rates,manual
EUR_USD-2025-09-01,2025-09-01,EUR_USD,EUR,USD,1.079869,manual_uploaded_rates,manual
USD_GBP-2025-09-01,2025-09-01,USD_GBP,USD,GBP,0.77275,manual_uploaded_rates,manual
GBP_EUR-2025-09-01,2025-09-01,GBP_EUR,GBP,EUR,1.169032,manual_uploaded_rates,manual
GBP_INR-2025-09-02,2025-09-02,GBP_INR,GBP,INR,107.363,manual_uploaded_rates,manual
USD_INR-2025-09-02,2025-09-02,USD_INR,USD,INR,82.6715,manual_uploaded_rates,manual
EUR_INR-2025-09-02,2025-09-02,EUR_INR,EUR,INR,90.9416,manual_uploaded_rates,manual
GBP_USD-2025-09-02,2025-09-02,GBP_USD,GBP,USD,1.27766,manual_uploaded_rates,manual
EUR_GBP-2025-09-02,2025-09-02,EUR_GBP,EUR,GBP,0.831964,manual_uploaded_rates,manual
EUR_USD-2025-09-02,2025-09-02,EUR_USD,EUR,USD,1.079573,manual_uploaded_rates,manual
USD_GBP-2025-09-02,2025-09-02,USD_GBP,USD,GBP,0.772538,manual_uploaded_rates,manual
GBP_EUR-2025-09-02,2025-09-02,GBP_EUR,GBP,EUR,1.168712,manual_uploaded_rates,manual
GBP_INR-2025-09-03,2025-09-03,GBP_INR,GBP,INR,107.332,manual_uploaded_rates,manual
USD_INR-2025-09-03,2025-09-03,USD_INR,USD,INR,82.6476,manual_uploaded_rates,manual
EUR_INR-2025-09-03,2025-09-03,EUR_INR,EUR,INR,90.9153,manual_uploaded_rates,manual
GBP_USD-2025-09-03,2025-09-03,GBP_USD,GBP,USD,1.27729,manual_uploaded_rates,manual
EUR_GBP-2025-09-03,2025-09-03,EUR_GBP,EUR,GBP,0.831724,manual_uploaded_rates,manual
EUR_USD-2025-09-03,2025-09-03,EUR_USD,EUR,USD,1.07926,manual_uploaded_rates,manual
USD_GBP-2025-09-03,2025-09-03,USD_GBP,USD,GBP,0.772315,manual_uploaded_rates,manual
GBP_EUR-2025-09-03,2025-09-03,GBP_EUR,GBP,EUR,1.168374,manual_uploaded_rates,manual
GBP_INR-2025-09-04,2025-09-04,GBP_INR,GBP,INR,107.3,manual_uploaded_rates,manual
USD_INR-2025-09-04,2025-09-04,USD_INR,USD,INR,82.623,manual_uploaded_rates,manual
EUR_INR-2025-09-04,2025-09-04,EUR_INR,EUR,INR,90.8883,manual_uploaded_rates,manual
GBP_USD-2025-09-04,2025-09-04,GBP_USD,GBP,USD,1.27691,manual_uploaded_rates,manual
EUR_GBP-2025-09-04,2025-09-04,EUR_GBP,EUR,GBP,0.831476,manual_uploaded_rates,manual
EUR_USD-2025-09-04,2025-09-04,EUR_USD,EUR,USD,1.078939,manual_uploaded_rates,manual
USD_GBP-2025-09-04,2025-09-04,USD_GBP,USD,GBP,0.772085,manual_uploaded_rates,manual
GBP_EUR-2025-09-04,2025-09-04,GBP_EUR,GBP,EUR,1.168026,manual_uploaded_rates,manual
GBP_INR-2025-09-05,2025-09-05,GBP_INR,GBP,INR,107.2681,manual_uploaded_rates,manual
USD_INR-2025-09-05,2025-09-05,USD_INR,USD,INR,82.5984,manual_uploaded_rates,manual
EUR_INR-2025-09-05,2025-09-05,EUR_INR,EUR,INR,90.8612,manual_uploaded_rates,manual
GBP_USD-2025-09-05,2025-09-05,GBP_USD,GBP,USD,1.27653,manual_uploaded_rates,manual
EUR_GBP-2025-09-05,2025-09-05,EUR_GBP,EUR,GBP,0.831229,manual_uploaded_rates,manual
EUR_USD-2025-09-05,2025-09-05,EUR_USD,EUR,USD,1.078619,manual_uploaded_rates,manual
USD_GBP-2025-09-05,2025-09-05,USD_GBP,USD,GBP,0.771855,manual_uploaded_rates,manual
GBP_EUR-2025-09-05,2025-09-05,GBP_EUR,GBP,EUR,1.167679,manual_uploaded_rates,manual
GBP_INR-2025-09-06,2025-09-06,GBP_INR,GBP,INR,107.2371,manual_uploaded_rates,manual
USD_INR-2025-09-06,2025-09-06,USD_INR,USD,INR,82.5745,manual_uploaded_rates,manual
EUR_INR-2025-09-06,2025-09-06,EUR_INR,EUR,INR,90.8349,manual_uploaded_rates,manual
GBP_USD-2025-09-06,2025-09-06,GBP_USD,GBP,USD,1.276161,manual_uploaded_rates,manual
EUR_GBP-2025-09-06,2025-09-06,EUR_GBP,EUR,GBP,0.830988,manual_uploaded_rates,manual
EUR_USD-2025-09-06,2025-09-06,EUR_USD,EUR,USD,1.078306,manual_uploaded_rates,manual
USD_GBP-2025-09-06,2025-09-06,USD_GBP,USD,GBP,0.771632,manual_uploaded_rates,manual
GBP_EUR-2025-09-06,2025-09-06,GBP_EUR,GBP,EUR,1.167341,manual_uploaded_rates,manual
GBP_INR-2025-09-07,2025-09-07,GBP_INR,GBP,INR,107.2077,manual_uploaded_rates,manual
USD_INR-2025-09-07,2025-09-07,USD_INR,USD,INR,82.5519,manual_uploaded_rates,manual
EUR_INR-2025-09-07,2025-09-07,EUR_INR,EUR,INR,90.8101,manual_uploaded_rates,manual
GBP_USD-2025-09-07,2025-09-07,GBP_USD,GBP,USD,1.275812,manual_uploaded_rates,manual
EUR_GBP-2025-09-07,2025-09-07,EUR_GBP,EUR,GBP,0.830761,manual_uploaded_rates,manual
EUR_USD-2025-09-07,2025-09-07,EUR_USD,EUR,USD,1.078011,manual_uploaded_rates,manual
USD_GBP-2025-09-07,2025-09-07,USD_GBP,USD,GBP,0.771421,manual_uploaded_rates,manual
GBP_EUR-2025-09-07,2025-09-07,GBP_EUR,GBP,EUR,1.167021,manual_uploaded_rates,manual
GBP_INR-2025-09-08,2025-09-08,GBP_INR,GBP,INR,107.1809,manual_uploaded_rates,manual
USD_INR-2025-09-08,2025-09-08,USD_INR,USD,INR,82.5313,manual_uploaded_rates,manual
EUR_INR-2025-09-08,2025-09-08,EUR_INR,EUR,INR,90.7874,manual_uploaded_rates,manual
GBP_USD-2025-09-08,2025-09-08,GBP_USD,GBP,USD,1.275493,manual_uploaded_rates,manual
EUR_GBP-2025-09-08,2025-09-08,EUR_GBP,EUR,GBP,0.830553,manual_uploaded_rates,manual
EUR_USD-2025-09-08,2025-09-08,EUR_USD,EUR,USD,1.077742,manual_uploaded_rates,manual
USD_GBP-2025-09-08,2025-09-08,USD_GBP,USD,GBP,0.771228,manual_uploaded_rates,manual
GBP_EUR-2025-09-08,2025-09-08,GBP_EUR,GBP,EUR,1.16673,manual_uploaded_rates,manual
GBP_INR-2025-09-09,2025-09-09,GBP_INR,GBP,INR,107.1575,manual_uploaded_rates,manual
USD_INR-2025-09-09,2025-09-09,USD_INR,USD,INR,82.5132,manual_uploaded_rates,manual
EUR_INR-2025-09-09,2025-09-09,EUR_INR,EUR,INR,90.7675,manual_uploaded_rates,manual
GBP_USD-2025-09-09,2025-09-09,GBP_USD,GBP,USD,1.275213,manual_uploaded_rates,manual
EUR_GBP-2025-09-09,2025-09-09,EUR_GBP,EUR,GBP,0.830372,manual_uploaded_rates,manual
EUR_USD-2025-09-09,2025-09-09,EUR_USD,EUR,USD,1.077506,manual_uploaded_rates,manual
USD_GBP-2025-09-09,2025-09-09,USD_GBP,USD,GBP,0.771059,manual_uploaded_rates,manual
GBP_EUR-2025-09-09,2025-09-09,GBP_EUR,GBP,EUR,1.166474,manual_uploaded_rates,manual
GBP_INR-2025-09-10,2025-09-10,GBP_INR,GBP,INR,107.1381,manual_uploaded_rates,manual
USD_INR-2025-09-10,2025-09-10,USD_INR,USD,INR,82.4983,manual_uploaded_rates,manual
EUR_INR-2025-09-10,2025-09-10,EUR_INR,EUR,INR,90.7511,manual_uploaded_rates,manual
GBP_USD-2025-09-10,2025-09-10,GBP_USD,GBP,USD,1.274982,manual_uploaded_rates,manual
EUR_GBP-2025-09-10,2025-09-10,EUR_GBP,EUR,GBP,0.830221,manual_uploaded_rates,manual
EUR_USD-2025-09-10,2025-09-10,EUR_USD,EUR,USD,1.077311,manual_uploaded_rates,manual
USD_GBP-2025-09-10,2025-09-10,USD_GBP,USD,GBP,0.77092,manual_uploaded_rates,manual
GBP_EUR-2025-09-10,2025-09-10,GBP_EUR,GBP,EUR,1.166263,manual_uploaded_rates,manual
GBP_INR-2025-09-11,2025-09-11,GBP_INR,GBP,INR,107.1233,manual_uploaded_rates,manual
USD_INR-2025-09-11,2025-09-11,USD_INR,USD,INR,82.487,manual_uploaded_rates,manual
EUR_INR-2025-09-11,2025-09-11,EUR_INR,EUR,INR,90.7386,manual_uploaded_rates,manual
GBP_USD-2025-09-11,2025-09-11,GBP_USD,GBP,USD,1.274807,manual_uploaded_rates,manual
EUR_GBP-2025-09-11,2025-09-11,EUR_GBP,EUR,GBP,0.830107,manual_uploaded_rates,manual
EUR_USD-2025-09-11,2025-09-11,EUR_USD,EUR,USD,1.077163,manual_uploaded_rates,manual
USD_GBP-2025-09-11,2025-09-11,USD_GBP,USD,GBP,0.770814,manual_uploaded_rates,manual
GBP_EUR-2025-09-11,2025-09-11,GBP_EUR,GBP,EUR,1.166103,manual_uploaded_rates,manual
GBP_INR-2025-09-12,2025-09-12,GBP_INR,GBP,INR,107.1139,manual_uploaded_rates,manual
USD_INR-2025-09-12,2025-09-12,USD_INR,USD,INR,82.4797,manual_uploaded_rates,manual
EUR_INR-2025-09-12,2025-09-12,EUR_INR,EUR,INR,90.7306,manual_uploaded_rates,manual
GBP_USD-2025-09-12,2025-09-12,GBP_USD,GBP,USD,1.274695,manual_uploaded_rates,manual
EUR_GBP-2025-09-12,2025-09-12,EUR_GBP,EUR,GBP,0.830034,manual_uploaded_rates,manual
EUR_USD-2025-09-12,2025-09-12,EUR_USD,EUR,USD,1.077068,manual_uploaded_rates,manual
USD_GBP-2025-09-12,2025-09-12,USD_GBP,USD,GBP,0.770746,manual_uploaded_rates,manual
GBP_EUR-2025-09-12,2025-09-12,GBP_EUR,GBP,EUR,1.166,manual_uploaded_rates,manual
GBP_INR-2025-09-13,2025-09-13,GBP_INR,GBP,INR,107.1102,manual_uploaded_rates,manual
USD_INR-2025-09-13,2025-09-13,USD_INR,USD,INR,82.4768,manual_uploaded_rates,manual
EUR_INR-2025-09-13,2025-09-13,EUR_INR,EUR,INR,90.7275,manual_uploaded_rates,manual
GBP_USD-2025-09-13,2025-09-13,GBP_USD,GBP,USD,1.274651,manual_uploaded_rates,manual
EUR_GBP-2025-09-13,2025-09-13,EUR_GBP,EUR,GBP,0.830005,manual_uploaded_rates,manual
EUR_USD-2025-09-13,2025-09-13,EUR_USD,EUR,USD,1.07703,manual_uploaded_rates,manual
USD_GBP-2025-09-13,2025-09-13,USD_GBP,USD,GBP,0.770719,manual_uploaded_rates,manual
GBP_EUR-2025-09-13,2025-09-13,GBP_EUR,GBP,EUR,1.165959,manual_uploaded_rates,manual
GBP_INR-2025-09-14,2025-09-14,GBP_INR,GBP,INR,107.1125,manual_uploaded_rates,manual
USD_INR-2025-09-14,2025-09-14,USD_INR,USD,INR,82.4786,manual_uploaded_rates,manual
EUR_INR-2025-09-14,2025-09-14,EUR_INR,EUR,INR,90.7294,manual_uploaded_rates,manual
GBP_USD-2025-09-14,2025-09-14,GBP_USD,GBP,USD,1.274678,manual_uploaded_rates,manual
EUR_GBP-2025-09-14,2025-09-14,EUR_GBP,EUR,GBP,0.830023,manual_uploaded_rates,manual
EUR_USD-2025-09-14,2025-09-14,EUR_USD,EUR,USD,1.077054,manual_uploaded_rates,manual
USD_GBP-2025-09-14,2025-09-14,USD_GBP,USD,GBP,0.770736,manual_uploaded_rates,manual
GBP_EUR-2025-09-14,2025-09-14,GBP_EUR,GBP,EUR,1.165985,manual_uploaded_rates,manual
GBP_INR-2025-09-15,2025-09-15,GBP_INR,GBP,INR,107.1212,manual_uploaded_rates,manual
USD_INR-2025-09-15,2025-09-15,USD_INR,USD,INR,82.4853,manual_uploaded_rates,manual
EUR_INR-2025-09-15,2025-09-15,EUR_INR,EUR,INR,90.7368,manual_uploaded_rates,manual
GBP_USD-2025-09-15,2025-09-15,GBP_USD,GBP,USD,1.274781,manual_uploaded_rates,manual
EUR_GBP-2025-09-15,2025-09-15,EUR_GBP,EUR,GBP,0.83009,manual_uploaded_rates,manual
EUR_USD-2025-09-15,2025-09-15,EUR_USD,EUR,USD,1.077141,manual_uploaded_rates,manual
USD_GBP-2025-09-15,2025-09-15,USD_GBP,USD,GBP,0.770798,manual_uploaded_rates,manual
GBP_EUR-2025-09-15,2025-09-15,GBP_EUR,GBP,EUR,1.166079,manual_uploaded_rates,manual
GBP_INR-2025-09-16,2025-09-16,GBP_INR,GBP,INR,107.1362,manual_uploaded_rates,manual
USD_INR-2025-09-16,2025-09-16,USD_INR,USD,INR,82.4968,manual_uploaded_rates,manual
EUR_INR-2025-09-16,2025-09-16,EUR_INR,EUR,INR,90.7495,manual_uploaded_rates,manual
GBP_USD-2025-09-16,2025-09-16,GBP_USD,GBP,USD,1.27496,manual_uploaded_rates,manual
EUR_GBP-2025-09-16,2025-09-16,EUR_GBP,EUR,GBP,0.830207,manual_uploaded_rates,manual
EUR_USD-2025-09-16,2025-09-16,EUR_USD,EUR,USD,1.077292,manual_uploaded_rates,manual
USD_GBP-2025-09-16,2025-09-16,USD_GBP,USD,GBP,0.770906,manual_uploaded_rates,manual
GBP_EUR-2025-09-16,2025-09-16,GBP_EUR,GBP,EUR,1.166242,manual_uploaded_rates,manual
GBP_INR-2025-09-17,2025-09-17,GBP_INR,GBP,INR,107.1576,manual_uploaded_rates,manual
USD_INR-2025-09-17,2025-09-17,USD_INR,USD,INR,82.5133,manual_uploaded_rates,manual
EUR_INR-2025-09-17,2025-09-17,EUR_INR,EUR,INR,90.7676,manual_uploaded_rates,manual
GBP_USD-2025-09-17,2025-09-17,GBP_USD,GBP,USD,1.275214,manual_uploaded_rates,manual
EUR_GBP-2025-09-17,2025-09-17,EUR_GBP,EUR,GBP,0.830372,manual_uploaded_rates,manual
EUR_USD-2025-09-17,2025-09-17,EUR_USD,EUR,USD,1.077507,manual_uploaded_rates,manual
USD_GBP-2025-09-17,2025-09-17,USD_GBP,USD,GBP,0.77106,manual_uploaded_rates,manual
GBP_EUR-2025-09-17,2025-09-17,GBP_EUR,GBP,EUR,1.166475,manual_uploaded_rates,manual
GBP_INR-2025-09-18,2025-09-18,GBP_INR,GBP,INR,107.1851,manual_uploaded_rates,manual
USD_INR-2025-09-18,2025-09-18,USD_INR,USD,INR,82.5345,manual_uploaded_rates,manual
EUR_INR-2025-09-18,2025-09-18,EUR_INR,EUR,INR,90.7909,manual_uploaded_rates,manual
GBP_USD-2025-09-18,2025-09-18,GBP_USD,GBP,USD,1.275542,manual_uploaded_rates,manual
EUR_GBP-2025-09-18,2025-09-18,EUR_GBP,EUR,GBP,0.830586,manual_uploaded_rates,manual
EUR_USD-2025-09-18,2025-09-18,EUR_USD,EUR,USD,1.077784,manual_uploaded_rates,manual
USD_GBP-2025-09-18,2025-09-18,USD_GBP,USD,GBP,0.771258,manual_uploaded_rates,manual
GBP_EUR-2025-09-18,2025-09-18,GBP_EUR,GBP,EUR,1.166775,manual_uploaded_rates,manual
GBP_INR-2025-09-19,2025-09-19,GBP_INR,GBP,INR,107.2186,manual_uploaded_rates,manual
USD_INR-2025-09-19,2025-09-19,USD_INR,USD,INR,82.5603,manual_uploaded_rates,manual
EUR_INR-2025-09-19,2025-09-19,EUR_INR,EUR,INR,90.8193,manual_uploaded_rates,manual
GBP_USD-2025-09-19,2025-09-19,GBP_USD,GBP,USD,1.275941,manual_uploaded_rates,manual
EUR_GBP-2025-09-19,2025-09-19,EUR_GBP,EUR,GBP,0.830845,manual_uploaded_rates,manual
EUR_USD-2025-09-19,2025-09-19,EUR_USD,EUR,USD,1.07812,manual_uploaded_rates,manual
USD_GBP-2025-09-19,2025-09-19,USD_GBP,USD,GBP,0.771499,manual_uploaded_rates,manual
GBP_EUR-2025-09-19,2025-09-19,GBP_EUR,GBP,EUR,1.167139,manual_uploaded_rates,manual
GBP_INR-2025-09-20,2025-09-20,GBP_INR,GBP,INR,107.2575,manual_uploaded_rates,manual
USD_INR-2025-09-20,2025-09-20,USD_INR,USD,INR,82.5903,manual_uploaded_rates,manual
EUR_INR-2025-09-20,2025-09-20,EUR_INR,EUR,INR,90.8523,manual_uploaded_rates,manual
GBP_USD-2025-09-20,2025-09-20,GBP_USD,GBP,USD,1.276404,manual_uploaded_rates,manual
EUR_GBP-2025-09-20,2025-09-20,EUR_GBP,EUR,GBP,0.831147,manual_uploaded_rates,manual
EUR_USD-2025-09-20,2025-09-20,EUR_USD,EUR,USD,1.078512,manual_uploaded_rates,manual
USD_GBP-2025-09-20,2025-09-20,USD_GBP,USD,GBP,0.771779,manual_uploaded_rates,manual
GBP_EUR-2025-09-20,2025-09-20,GBP_EUR,GBP,EUR,1.167563,manual_uploaded_rates,manual
GBP_INR-2025-09-21,2025-09-21,GBP_INR,GBP,INR,107.3014,manual_uploaded_rates,manual
USD_INR-2025-09-21,2025-09-21,USD_INR,USD,INR,82.6241,manual_uploaded_rates,manual
EUR_INR-2025-09-21,2025-09-21,EUR_INR,EUR,INR,90.8894,manual_uploaded_rates,manual
GBP_USD-2025-09-21,2025-09-21,GBP_USD,GBP,USD,1.276926,manual_uploaded_rates,manual
EUR_GBP-2025-09-21,2025-09-21,EUR_GBP,EUR,GBP,0.831487,manual_uploaded_rates,manual
EUR_USD-2025-09-21,2025-09-21,EUR_USD,EUR,USD,1.078953,manual_uploaded_rates,manual
USD_GBP-2025-09-21,2025-09-21,USD_GBP,USD,GBP,0.772095,manual_uploaded_rates,manual
GBP_EUR-2025-09-21,2025-09-21,GBP_EUR,GBP,EUR,1.168041,manual_uploaded_rates,manual
GBP_INR-2025-09-22,2025-09-22,GBP_INR,GBP,INR,107.3496,manual_uploaded_rates,manual
USD_INR-2025-09-22,2025-09-22,USD_INR,USD,INR,82.6612,manual_uploaded_rates,manual
EUR_INR-2025-09-22,2025-09-22,EUR_INR,EUR,INR,90.9303,manual_uploaded_rates,manual
GBP_USD-2025-09-22,2025-09-22,GBP_USD,GBP,USD,1.2775,manual_uploaded_rates,manual
EUR_GBP-2025-09-22,2025-09-22,EUR_GBP,EUR,GBP,0.83186,manual_uploaded_rates,manual
EUR_USD-2025-09-22,2025-09-22,EUR_USD,EUR,USD,1.079438,manual_uploaded_rates,manual
USD_GBP-2025-09-22,2025-09-22,USD_GBP,USD,GBP,0.772442,manual_uploaded_rates,manual
GBP_EUR-2025-09-22,2025-09-22,GBP_EUR,GBP,EUR,1.168566,manual_uploaded_rates,manual
GBP_INR-2025-09-23,2025-09-23,GBP_INR,GBP,INR,107.4014,manual_uploaded_rates,manual
USD_INR-2025-09-23,2025-09-23,USD_INR,USD,INR,82.7011,manual_uploaded_rates,manual
EUR_INR-2025-09-23,2025-09-23,EUR_INR,EUR,INR,90.9741,manual_uploaded_rates,manual
GBP_USD-2025-09-23,2025-09-23,GBP_USD,GBP,USD,1.278116,manual_uploaded_rates,manual
EUR_GBP-2025-09-23,2025-09-23,EUR_GBP,EUR,GBP,0.832262,manual_uploaded_rates,manual
EUR_USD-2025-09-23,2025-09-23,EUR_USD,EUR,USD,1.079959,manual_uploaded_rates,manual
USD_GBP-2025-09-23,2025-09-23,USD_GBP,USD,GBP,0.772814,manual_uploaded_rates,manual
GBP_EUR-2025-09-23,2025-09-23,GBP_EUR,GBP,EUR,1.16913,manual_uploaded_rates,manual
GBP_INR-2025-09-24,2025-09-24,GBP_INR,GBP,INR,107.456,manual_uploaded_rates,manual
USD_INR-2025-09-24,2025-09-24,USD_INR,USD,INR,82.7431,manual_uploaded_rates,manual
EUR_INR-2025-09-24,2025-09-24,EUR_INR,EUR,INR,91.0203,manual_uploaded_rates,manual
GBP_USD-2025-09-24,2025-09-24,GBP_USD,GBP,USD,1.278765,manual_uploaded_rates,manual
EUR_GBP-2025-09-24,2025-09-24,EUR_GBP,EUR,GBP,0.832685,manual_uploaded_rates,manual
EUR_USD-2025-09-24,2025-09-24,EUR_USD,EUR,USD,1.080507,manual_uploaded_rates,manual
USD_GBP-2025-09-24,2025-09-24,USD_GBP,USD,GBP,0.773207,manual_uploaded_rates,manual
GBP_EUR-2025-09-24,2025-09-24,GBP_EUR,GBP,EUR,1.169723,manual_uploaded_rates,manual
GBP_INR-2025-09-25,2025-09-25,GBP_INR,GBP,INR,107.5124,manual_uploaded_rates,manual
USD_INR-2025-09-25,2025-09-25,USD_INR,USD,INR,82.7865,manual_uploaded_rates,manual
EUR_INR-2025-09-25,2025-09-25,EUR_INR,EUR,INR,91.0682,manual_uploaded_rates,manual
GBP_USD-2025-09-25,2025-09-25,GBP_USD,GBP,USD,1.279437,manual_uploaded_rates,manual
EUR_GBP-2025-09-25,2025-09-25,EUR_GBP,EUR,GBP,0.833122,manual_uploaded_rates,manual
EUR_USD-2025-09-25,2025-09-25,EUR_USD,EUR,USD,1.081075,manual_uploaded_rates,manual
USD_GBP-2025-09-25,2025-09-25,USD_GBP,USD,GBP,0.773613,manual_uploaded_rates,manual
GBP_EUR-2025-09-25,2025-09-25,GBP_EUR,GBP,EUR,1.170338,manual_uploaded_rates,manual
GBP_INR-2025-09-26,2025-09-26,GBP_INR,GBP,INR,107.5699,manual_uploaded_rates,manual
USD_INR-2025-09-26,2025-09-26,USD_INR,USD,INR,82.8308,manual_uploaded_rates,manual
EUR_INR-2025-09-26,2025-09-26,EUR_INR,EUR,INR,91.1168,manual_uploaded_rates,manual
GBP_USD-2025-09-26,2025-09-26,GBP_USD,GBP,USD,1.280121,manual_uploaded_rates,manual
EUR_GBP-2025-09-26,2025-09-26,EUR_GBP,EUR,GBP,0.833567,manual_uploaded_rates,manual
EUR_USD-2025-09-26,2025-09-26,EUR_USD,EUR,USD,1.081653,manual_uploaded_rates,manual
USD_GBP-2025-09-26,2025-09-26,USD_GBP,USD,GBP,0.774027,manual_uploaded_rates,manual
GBP_EUR-2025-09-26,2025-09-26,GBP_EUR,GBP,EUR,1.170963,manual_uploaded_rates,manual
GBP_INR-2025-09-27,2025-09-27,GBP_INR,GBP,INR,107.6273,manual_uploaded_rates,manual
USD_INR-2025-09-27,2025-09-27,USD_INR,USD,INR,82.875,manual_uploaded_rates,manual
EUR_INR-2025-09-27,2025-09-27,EUR_INR,EUR,INR,91.1655,manual_uploaded_rates,manual
GBP_USD-2025-09-27,2025-09-27,GBP_USD,GBP,USD,1.280805,manual_uploaded_rates,manual
EUR_GBP-2025-09-27,2025-09-27,EUR_GBP,EUR,GBP,0.834013,manual_uploaded_rates,manual
EUR_USD-2025-09-27,2025-09-27,EUR_USD,EUR,USD,1.082231,manual_uploaded_rates,manual
USD_GBP-2025-09-27,2025-09-27,USD_GBP,USD,GBP,0.77444,manual_uploaded_rates,manual
GBP_EUR-2025-09-27,2025-09-27,GBP_EUR,GBP,EUR,1.171589,manual_uploaded_rates,manual
GBP_INR-2025-09-28,2025-09-28,GBP_INR,GBP,INR,107.6839,manual_uploaded_rates,manual
USD_INR-2025-09-28,2025-09-28,USD_INR,USD,INR,82.9186,manual_uploaded_rates,manual
EUR_INR-2025-09-28,2025-09-28,EUR_INR,EUR,INR,91.2134,manual_uploaded_rates,manual
GBP_USD-2025-09-28,2025-09-28,GBP_USD,GBP,USD,1.281478,manual_uploaded_rates,manual
EUR_GBP-2025-09-28,2025-09-28,EUR_GBP,EUR,GBP,0.834451,manual_uploaded_rates,manual
EUR_USD-2025-09-28,2025-09-28,EUR_USD,EUR,USD,1.082799,manual_uploaded_rates,manual
USD_GBP-2025-09-28,2025-09-28,USD_GBP,USD,GBP,0.774847,manual_uploaded_rates,manual
GBP_EUR-2025-09-28,2025-09-28,GBP_EUR,GBP,EUR,1.172205,manual_uploaded_rates,manual
GBP_INR-2025-09-29,2025-09-29,GBP_INR,GBP,INR,107.7386,manual_uploaded_rates,manual
USD_INR-2025-09-29,2025-09-29,USD_INR,USD,INR,82.9607,manual_uploaded_rates,manual
EUR_INR-2025-09-29,2025-09-29,EUR_INR,EUR,INR,91.2598,manual_uploaded_rates,manual
GBP_USD-2025-09-29,2025-09-29,GBP_USD,GBP,USD,1.282129,manual_uploaded_rates,manual
EUR_GBP-2025-09-29,2025-09-29,EUR_GBP,EUR,GBP,0.834875,manual_uploaded_rates,manual
EUR_USD-2025-09-29,2025-09-29,EUR_USD,EUR,USD,1.08335,manual_uploaded_rates,manual
USD_GBP-2025-09-29,2025-09-29,USD_GBP,USD,GBP,0.775241,manual_uploaded_rates,manual
GBP_EUR-2025-09-29,2025-09-29,GBP_EUR,GBP,EUR,1.1728,manual_uploaded_rates,manual
GBP_INR-2025-09-30,2025-09-30,GBP_INR,GBP,INR,107.7906,manual_uploaded_rates,manual
USD_INR-2025-09-30,2025-09-30,USD_INR,USD,INR,83.0007,manual_uploaded_rates,manual
EUR_INR-2025-09-30,2025-09-30,EUR_INR,EUR,INR,91.3038,manual_uploaded_rates,manual
GBP_USD-2025-09-30,2025-09-30,GBP_USD,GBP,USD,1.282748,manual_uploaded_rates,manual
EUR_GBP-2025-09-30,2025-09-30,EUR_GBP,EUR,GBP,0.835278,manual_uploaded_rates,manual
EUR_USD-2025-09-30,2025-09-30,EUR_USD,EUR,USD,1.083872,manual_uploaded_rates,manual
USD_GBP-2025-09-30,2025-09-30,USD_GBP,USD,GBP,0.775615,manual_uploaded_rates,manual
GBP_EUR-2025-09-30,2025-09-30,GBP_EUR,GBP,EUR,1.173366,manual_uploaded_rates,manual
GBP_INR-2025-10-01,2025-10-01,GBP_INR,GBP,INR,107.8389,manual_uploaded_rates,manual
USD_INR-2025-10-01,2025-10-01,USD_INR,USD,INR,83.0379,manual_uploaded_rates,manual
EUR_INR-2025-10-01,2025-10-01,EUR_INR,EUR,INR,91.3447,manual_uploaded_rates,manual
GBP_USD-2025-10-01,2025-10-01,GBP_USD,GBP,USD,1.283323,manual_uploaded_rates,manual
EUR_GBP-2025-10-01,2025-10-01,EUR_GBP,EUR,GBP,0.835652,manual_uploaded_rates,manual
EUR_USD-2025-10-01,2025-10-01,EUR_USD,EUR,USD,1.084358,manual_uploaded_rates,manual
USD_GBP-2025-10-01,2025-10-01,USD_GBP,USD,GBP,0.775963,manual_uploaded_rates,manual
GBP_EUR-2025-10-01,2025-10-01,GBP_EUR,GBP,EUR,1.173892,manual_uploaded_rates,manual
GBP_INR-2025-10-02,2025-10-02,GBP_INR,GBP,INR,107.8828,manual_uploaded_rates,manual
USD_INR-2025-10-02,2025-10-02,USD_INR,USD,INR,83.0717,manual_uploaded_rates,manual
EUR_INR-2025-10-02,2025-10-02,EUR_INR,EUR,INR,91.3819,manual_uploaded_rates,manual
GBP_USD-2025-10-02,2025-10-02,GBP_USD,GBP,USD,1.283845,manual_uploaded_rates,manual
EUR_GBP-2025-10-02,2025-10-02,EUR_GBP,EUR,GBP,0.835992,manual_uploaded_rates,manual
EUR_USD-2025-10-02,2025-10-02,EUR_USD,EUR,USD,1.084799,manual_uploaded_rates,manual
USD_GBP-2025-10-02,2025-10-02,USD_GBP,USD,GBP,0.776278,manual_uploaded_rates,manual
GBP_EUR-2025-10-02,2025-10-02,GBP_EUR,GBP,EUR,1.17437,manual_uploaded_rates,manual
GBP_INR-2025-10-03,2025-10-03,GBP_INR,GBP,INR,107.9216,manual_uploaded_rates,manual
USD_INR-2025-10-03,2025-10-03,USD_INR,USD,INR,83.1016,manual_uploaded_rates,manual
EUR_INR-2025-10-03,2025-10-03,EUR_INR,EUR,INR,91.4147,manual_uploaded_rates,manual
GBP_USD-2025-10-03,2025-10-03,GBP_USD,GBP,USD,1.284306,manual_uploaded_rates,manual
EUR_GBP-2025-10-03,2025-10-03,EUR_GBP,EUR,GBP,0.836293,manual_uploaded_rates,manual
EUR_USD-2025-10-03,2025-10-03,EUR_USD,EUR,USD,1.085189,manual_uploaded_rates,manual
USD_GBP-2025-10-03,2025-10-03,USD_GBP,USD,GBP,0.776557,manual_uploaded_rates,manual
GBP_EUR-2025-10-03,2025-10-03,GBP_EUR,GBP,EUR,1.174792,manual_uploaded_rates,manual
GBP_INR-2025-10-04,2025-10-04,GBP_INR,GBP,INR,107.9546,manual_uploaded_rates,manual
USD_INR-2025-10-04,2025-10-04,USD_INR,USD,INR,83.127,manual_uploaded_rates,manual
EUR_INR-2025-10-04,2025-10-04,EUR_INR,EUR,INR,91.4427,manual_uploaded_rates,manual
GBP_USD-2025-10-04,2025-10-04,GBP_USD,GBP,USD,1.284699,manual_uploaded_rates,manual
EUR_GBP-2025-10-04,2025-10-04,EUR_GBP,EUR,GBP,0.836548,manual_uploaded_rates,manual
EUR_USD-2025-10-04,2025-10-04,EUR_USD,EUR,USD,1.085521,manual_uploaded_rates,manual
USD_GBP-2025-10-04,2025-10-04,USD_GBP,USD,GBP,0.776795,manual_uploaded_rates,manual
GBP_EUR-2025-10-04,2025-10-04,GBP_EUR,GBP,EUR,1.175151,manual_uploaded_rates,manual
GBP_INR-2025-10-05,2025-10-05,GBP_INR,GBP,INR,107.9813,manual_uploaded_rates,manual
USD_INR-2025-10-05,2025-10-05,USD_INR,USD,INR,83.1476,manual_uploaded_rates,manual
EUR_INR-2025-10-05,2025-10-05,EUR_INR,EUR,INR,91.4654,manual_uploaded_rates,manual
GBP_USD-2025-10-05,2025-10-05,GBP_USD,GBP,USD,1.285018,manual_uploaded_rates,manual
EUR_GBP-2025-10-05,2025-10-05,EUR_GBP,EUR,GBP,0.836756,manual_uploaded_rates,manual
EUR_USD-2025-10-05,2025-10-05,EUR_USD,EUR,USD,1.08579,manual_uploaded_rates,manual
USD_GBP-2025-10-05,2025-10-05,USD_GBP,USD,GBP,0.776987,manual_uploaded_rates,manual
GBP_EUR-2025-10-05,2025-10-05,GBP_EUR,GBP,EUR,1.175443,manual_uploaded_rates,manual
GBP_INR-2025-10-06,2025-10-06,GBP_INR,GBP,INR,108.0015,manual_uploaded_rates,manual
USD_INR-2025-10-06,2025-10-06,USD_INR,USD,INR,83.1631,manual_uploaded_rates,manual
EUR_INR-2025-10-06,2025-10-06,EUR_INR,EUR,INR,91.4824,manual_uploaded_rates,manual
GBP_USD-2025-10-06,2025-10-06,GBP_USD,GBP,USD,1.285257,manual_uploaded_rates,manual
EUR_GBP-2025-10-06,2025-10-06,EUR_GBP,EUR,GBP,0.836912,manual_uploaded_rates,manual
EUR_USD-2025-10-06,2025-10-06,EUR_USD,EUR,USD,1.085992,manual_uploaded_rates,manual
USD_GBP-2025-10-06,2025-10-06,USD_GBP,USD,GBP,0.777132,manual_uploaded_rates,manual
GBP_EUR-2025-10-06,2025-10-06,GBP_EUR,GBP,EUR,1.175662,manual_uploaded_rates,manual
GBP_INR-2025-10-07,2025-10-07,GBP_INR,GBP,INR,108.0147,manual_uploaded_rates,manual
USD_INR-2025-10-07,2025-10-07,USD_INR,USD,INR,83.1733,manual_uploaded_rates,manual
EUR_INR-2025-10-07,2025-10-07,EUR_INR,EUR,INR,91.4936,manual_uploaded_rates,manual
GBP_USD-2025-10-07,2025-10-07,GBP_USD,GBP,USD,1.285414,manual_uploaded_rates,manual
EUR_GBP-2025-10-07,2025-10-07,EUR_GBP,EUR,GBP,0.837014,manual_uploaded_rates,manual
EUR_USD-2025-10-07,2025-10-07,EUR_USD,EUR,USD,1.086125,manual_uploaded_rates,manual
USD_GBP-2025-10-07,2025-10-07,USD_GBP,USD,GBP,0.777227,manual_uploaded_rates,manual
GBP_EUR-2025-10-07,2025-10-07,GBP_EUR,GBP,EUR,1.175805,manual_uploaded_rates,manual
GBP_INR-2025-10-08,2025-10-08,GBP_INR,GBP,INR,108.0209,manual_uploaded_rates,manual
USD_INR-2025-10-08,2025-10-08,USD_INR,USD,INR,83.1781,manual_uploaded_rates,manual
EUR_INR-2025-10-08,2025-10-08,EUR_INR,EUR,INR,91.4989,manual_uploaded_rates,manual
GBP_USD-2025-10-08,2025-10-08,GBP_USD,GBP,USD,1.285488,manual_uploaded_rates,manual
EUR_GBP-2025-10-08,2025-10-08,EUR_GBP,EUR,GBP,0.837062,manual_uploaded_rates,manual
EUR_USD-2025-10-08,2025-10-08,EUR_USD,EUR,USD,1.086188,manual_uploaded_rates,manual
USD_GBP-2025-10-08,2025-10-08,USD_GBP,USD,GBP,0.777272,manual_uploaded_rates,manual
GBP_EUR-2025-10-08,2025-10-08,GBP_EUR,GBP,EUR,1.175873,manual_uploaded_rates,manual
GBP_INR-2025-10-09,2025-10-09,GBP_INR,GBP,INR,108.0201,manual_uploaded_rates,manual
USD_INR-2025-10-09,2025-10-09,USD_INR,USD,INR,83.1774,manual_uploaded_rates,manual
EUR_INR-2025-10-09,2025-10-09,EUR_INR,EUR,INR,91.4982,manual_uploaded_rates,manual
GBP_USD-2025-10-09,2025-10-09,GBP_USD,GBP,USD,1.285479,manual_uploaded_rates,manual
EUR_GBP-2025-10-09,2025-10-09,EUR_GBP,EUR,GBP,0.837056,manual_uploaded_rates,manual
EUR_USD-2025-10-09,2025-10-09,EUR_USD,EUR,USD,1.08618,manual_uploaded_rates,manual
USD_GBP-2025-10-09,2025-10-09,USD_GBP,USD,GBP,0.777266,manual_uploaded_rates,manual
GBP_EUR-2025-10-09,2025-10-09,GBP_EUR,GBP,EUR,1.175864,manual_uploaded_rates,manual
GBP_INR-2025-10-10,2025-10-10,GBP_INR,GBP,INR,108.0124,manual_uploaded_rates,manual
USD_INR-2025-10-10,2025-10-10,USD_INR,USD,INR,83.1716,manual_uploaded_rates,manual
EUR_INR-2025-10-10,2025-10-10,EUR_INR,EUR,INR,91.4917,manual_uploaded_rates,manual
GBP_USD-2025-10-10,2025-10-10,GBP_USD,GBP,USD,1.285388,manual_uploaded_rates,manual
EUR_GBP-2025-10-10,2025-10-10,EUR_GBP,EUR,GBP,0.836997,manual_uploaded_rates,manual
EUR_USD-2025-10-10,2025-10-10,EUR_USD,EUR,USD,1.086103,manual_uploaded_rates,manual
USD_GBP-2025-10-10,2025-10-10,USD_GBP,USD,GBP,0.777211,manual_uploaded_rates,manual
GBP_EUR-2025-10-10,2025-10-10,GBP_EUR,GBP,EUR,1.175781,manual_uploaded_rates,manual
GBP_INR-2025-10-11,2025-10-11,GBP_INR,GBP,INR,107.9982,manual_uploaded_rates,manual
USD_INR-2025-10-11,2025-10-11,USD_INR,USD,INR,83.1606,manual_uploaded_rates,manual
EUR_INR-2025-10-11,2025-10-11,EUR_INR,EUR,INR,91.4797,manual_uploaded_rates,manual
GBP_USD-2025-10-11,2025-10-11,GBP_USD,GBP,USD,1.285219,manual_uploaded_rates,manual
EUR_GBP-2025-10-11,2025-10-11,EUR_GBP,EUR,GBP,0.836886,manual_uploaded_rates,manual
EUR_USD-2025-10-11,2025-10-11,EUR_USD,EUR,USD,1.08596,manual_uploaded_rates,manual
USD_GBP-2025-10-11,2025-10-11,USD_GBP,USD,GBP,0.777109,manual_uploaded_rates,manual
GBP_EUR-2025-10-11,2025-10-11,GBP_EUR,GBP,EUR,1.175626,manual_uploaded_rates,manual
GBP_INR-2025-10-12,2025-10-12,GBP_INR,GBP,INR,107.9779,manual_uploaded_rates,manual
USD_INR-2025-10-12,2025-10-12,USD_INR,USD,INR,83.1449,manual_uploaded_rates,manual
EUR_INR-2025-10-12,2025-10-12,EUR_INR,EUR,INR,91.4624,manual_uploaded_rates,manual
GBP_USD-2025-10-12,2025-10-12,GBP_USD,GBP,USD,1.284976,manual_uploaded_rates,manual
EUR_GBP-2025-10-12,2025-10-12,EUR_GBP,EUR,GBP,0.836729,manual_uploaded_rates,manual
EUR_USD-2025-10-12,2025-10-12,EUR_USD,EUR,USD,1.085755,manual_uploaded_rates,manual
USD_GBP-2025-10-12,2025-10-12,USD_GBP,USD,GBP,0.776962,manual_uploaded_rates,manual
GBP_EUR-2025-10-12,2025-10-12,GBP_EUR,GBP,EUR,1.175405,manual_uploaded_rates,manual
GBP_INR-2025-10-13,2025-10-13,GBP_INR,GBP,INR,107.9519,manual_uploaded_rates,manual
USD_INR-2025-10-13,2025-10-13,USD_INR,USD,INR,83.125,manual_uploaded_rates,manual
EUR_INR-2025-10-13,2025-10-13,EUR_INR,EUR,INR,91.4404,manual_uploaded_rates,manual
GBP_USD-2025-10-13,2025-10-13,GBP_USD,GBP,USD,1.284668,manual_uploaded_rates,manual
EUR_GBP-2025-10-13,2025-10-13,EUR_GBP,EUR,GBP,0.836528,manual_uploaded_rates,manual
EUR_USD-2025-10-13,2025-10-13,EUR_USD,EUR,USD,1.085494,manual_uploaded_rates,manual
USD_GBP-2025-10-13,2025-10-13,USD_GBP,USD,GBP,0.776776,manual_uploaded_rates,manual
GBP_EUR-2025-10-13,2025-10-13,GBP_EUR,GBP,EUR,1.175122,manual_uploaded_rates,manual
GBP_INR-2025-10-14,2025-10-14,GBP_INR,GBP,INR,107.921,manual_uploaded_rates,manual
USD_INR-2025-10-14,2025-10-14,USD_INR,USD,INR,83.1012,manual_uploaded_rates,manual
EUR_INR-2025-10-14,2025-10-14,EUR_INR,EUR,INR,91.4143,manual_uploaded_rates,manual
GBP_USD-2025-10-14,2025-10-14,GBP_USD,GBP,USD,1.2843,manual_uploaded_rates,manual
EUR_GBP-2025-10-14,2025-10-14,EUR_GBP,EUR,GBP,0.836288,manual_uploaded_rates,manual
EUR_USD-2025-10-14,2025-10-14,EUR_USD,EUR,USD,1.085184,manual_uploaded_rates,manual
USD_GBP-2025-10-14,2025-10-14,USD_GBP,USD,GBP,0.776553,manual_uploaded_rates,manual
GBP_EUR-2025-10-14,2025-10-14,GBP_EUR,GBP,EUR,1.174786,manual_uploaded_rates,manual
GBP_INR-2025-10-15,2025-10-15,GBP_INR,GBP,INR,107.8859,manual_uploaded_rates,manual
USD_INR-2025-10-15,2025-10-15,USD_INR,USD,INR,83.0741,manual_uploaded_rates,manual
EUR_INR-2025-10-15,2025-10-15,EUR_INR,EUR,INR,91.3845,manual_uploaded_rates,manual
GBP_USD-2025-10-15,2025-10-15,GBP_USD,GBP,USD,1.283882,manual_uploaded_rates,manual
EUR_GBP-2025-10-15,2025-10-15,EUR_GBP,EUR,GBP,0.836016,manual_uploaded_rates,manual
EUR_USD-2025-10-15,2025-10-15,EUR_USD,EUR,USD,1.084831,manual_uploaded_rates,manual
USD_GBP-2025-10-15,2025-10-15,USD_GBP,USD,GBP,0.776301,manual_uploaded_rates,manual
GBP_EUR-2025-10-15,2025-10-15,GBP_EUR,GBP,EUR,1.174404,manual_uploaded_rates,manual
GBP_INR-2025-10-16,2025-10-16,GBP_INR,GBP,INR,107.8475,manual_uploaded_rates,manual
USD_INR-2025-10-16,2025-10-16,USD_INR,USD,INR,83.0445,manual_uploaded_rates,manual
EUR_INR-2025-10-16,2025-10-16,EUR_INR,EUR,INR,91.352,manual_uploaded_rates,manual
GBP_USD-2025-10-16,2025-10-16,GBP_USD,GBP,USD,1.283425,manual_uploaded_rates,manual
EUR_GBP-2025-10-16,2025-10-16,EUR_GBP,EUR,GBP,0.835718,manual_uploaded_rates,manual
EUR_USD-2025-10-16,2025-10-16,EUR_USD,EUR,USD,1.084444,manual_uploaded_rates,manual
USD_GBP-2025-10-16,2025-10-16,USD_GBP,USD,GBP,0.776024,manual_uploaded_rates,manual
GBP_EUR-2025-10-16,2025-10-16,GBP_EUR,GBP,EUR,1.173985,manual_uploaded_rates,manual
GBP_INR-2025-10-17,2025-10-17,GBP_INR,GBP,INR,107.8065,manual_uploaded_rates,manual
USD_INR-2025-10-17,2025-10-17,USD_INR,USD,INR,83.013,manual_uploaded_rates,manual
EUR_INR-2025-10-17,2025-10-17,EUR_INR,EUR,INR,91.3173,manual_uploaded_rates,manual
GBP_USD-2025-10-17,2025-10-17,GBP_USD,GBP,USD,1.282938,manual_uploaded_rates,manual
EUR_GBP-2025-10-17,2025-10-17,EUR_GBP,EUR,GBP,0.835401,manual_uploaded_rates,manual
EUR_USD-2025-10-17,2025-10-17,EUR_USD,EUR,USD,1.084032,manual_uploaded_rates,manual
USD_GBP-2025-10-17,2025-10-17,USD_GBP,USD,GBP,0.77573,manual_uploaded_rates,manual
GBP_EUR-2025-10-17,2025-10-17,GBP_EUR,GBP,EUR,1.17354,manual_uploaded_rates,manual
GBP_INR-2025-10-18,2025-10-18,GBP_INR,GBP,INR,107.7641,manual_uploaded_rates,manual
USD_INR-2025-10-18,2025-10-18,USD_INR,USD,INR,82.9803,manual_uploaded_rates,manual
EUR_INR-2025-10-18,2025-10-18,EUR_INR,EUR,INR,91.2814,manual_uploaded_rates,manual
GBP_USD-2025-10-18,2025-10-18,GBP_USD,GBP,USD,1.282433,manual_uploaded_rates,manual
EUR_GBP-2025-10-18,2025-10-18,EUR_GBP,EUR,GBP,0.835072,manual_uploaded_rates,manual
EUR_USD-2025-10-18,2025-10-18,EUR_USD,EUR,USD,1.083606,manual_uploaded_rates,manual
USD_GBP-2025-10-18,2025-10-18,USD_GBP,USD,GBP,0.775424,manual_uploaded_rates,manual
GBP_EUR-2025-10-18,2025-10-18,GBP_EUR,GBP,EUR,1.173078,manual_uploaded_rates,manual
GBP_INR-2025-10-19,2025-10-19,GBP_INR,GBP,INR,107.7211,manual_uploaded_rates,manual
USD_INR-2025-10-19,2025-10-19,USD_INR,USD,INR,82.9473,manual_uploaded_rates,manual
EUR_INR-2025-10-19,2025-10-19,EUR_INR,EUR,INR,91.245,manual_uploaded_rates,manual
GBP_USD-2025-10-19,2025-10-19,GBP_USD,GBP,USD,1.281921,manual_uploaded_rates,manual
EUR_GBP-2025-10-19,2025-10-19,EUR_GBP,EUR,GBP,0.83474,manual_uploaded_rates,manual
EUR_USD-2025-10-19,2025-10-19,EUR_USD,EUR,USD,1.083174,manual_uploaded_rates,manual
USD_GBP-2025-10-19,2025-10-19,USD_GBP,USD,GBP,0.775115,manual_uploaded_rates,manual
GBP_EUR-2025-10-19,2025-10-19,GBP_EUR,GBP,EUR,1.17261,manual_uploaded_rates,manual
GBP_INR-2025-10-20,2025-10-20,GBP_INR,GBP,INR,107.6787,manual_uploaded_rates,manual
USD_INR-2025-10-20,2025-10-20,USD_INR,USD,INR,82.9146,manual_uploaded_rates,manual
EUR_INR-2025-10-20,2025-10-20,EUR_INR,EUR,INR,91.209,manual_uploaded_rates,manual
GBP_USD-2025-10-20,2025-10-20,GBP_USD,GBP,USD,1.281416,manual_uploaded_rates,manual
EUR_GBP-2025-10-20,2025-10-20,EUR_GBP,EUR,GBP,0.83441,manual_uploaded_rates,manual
EUR_USD-2025-10-20,2025-10-20,EUR_USD,EUR,USD,1.082747,manual_uploaded_rates,manual
USD_GBP-2025-10-20,2025-10-20,USD_GBP,USD,GBP,0.77481,manual_uploaded_rates,manual
GBP_EUR-2025-10-20,2025-10-20,GBP_EUR,GBP,EUR,1.172148,manual_uploaded_rates,manual
GBP_INR-2025-10-21,2025-10-21,GBP_INR,GBP,INR,107.6377,manual_uploaded_rates,manual
USD_INR-2025-10-21,2025-10-21,USD_INR,USD,INR,82.883,manual_uploaded_rates,manual
EUR_INR-2025-10-21,2025-10-21,EUR_INR,EUR,INR,91.1743,manual_uploaded_rates,manual
GBP_USD-2025-10-21,2025-10-21,GBP_USD,GBP,USD,1.280928,manual_uploaded_rates,manual
EUR_GBP-2025-10-21,2025-10-21,EUR_GBP,EUR,GBP,0.834093,manual_uploaded_rates,manual
EUR_USD-2025-10-21,2025-10-21,EUR_USD,EUR,USD,1.082334,manual_uploaded_rates,manual
USD_GBP-2025-10-21,2025-10-21,USD_GBP,USD,GBP,0.774514,manual_uploaded_rates,manual
GBP_EUR-2025-10-21,2025-10-21,GBP_EUR,GBP,EUR,1.171701,manual_uploaded_rates,manual
GBP_INR-2025-10-22,2025-10-22,GBP_INR,GBP,INR,107.5991,manual_uploaded_rates,manual
USD_INR-2025-10-22,2025-10-22,USD_INR,USD,INR,82.8533,manual_uploaded_rates,manual
EUR_INR-2025-10-22,2025-10-22,EUR_INR,EUR,INR,91.1416,manual_uploaded_rates,manual
GBP_USD-2025-10-22,2025-10-22,GBP_USD,GBP,USD,1.280469,manual_uploaded_rates,manual
EUR_GBP-2025-10-22,2025-10-22,EUR_GBP,EUR,GBP,0.833794,manual_uploaded_rates,manual
EUR_USD-2025-10-22,2025-10-22,EUR_USD,EUR,USD,1.081946,manual_uploaded_rates,manual
USD_GBP-2025-10-22,2025-10-22,USD_GBP,USD,GBP,0.774237,manual_uploaded_rates,manual
GBP_EUR-2025-10-22,2025-10-22,GBP_EUR,GBP,EUR,1.171281,manual_uploaded_rates,manual
GBP_INR-2025-10-23,2025-10-23,GBP_INR,GBP,INR,107.5638,manual_uploaded_rates,manual
USD_INR-2025-10-23,2025-10-23,USD_INR,USD,INR,82.8261,manual_uploaded_rates,manual
EUR_INR-2025-10-23,2025-10-23,EUR_INR,EUR,INR,91.1117,manual_uploaded_rates,manual
GBP_USD-2025-10-23,2025-10-23,GBP_USD,GBP,USD,1.280049,manual_uploaded_rates,manual
EUR_GBP-2025-10-23,2025-10-23,EUR_GBP,EUR,GBP,0.833521,manual_uploaded_rates,manual
EUR_USD-2025-10-23,2025-10-23,EUR_USD,EUR,USD,1.081592,manual_uploaded_rates,manual
USD_GBP-2025-10-23,2025-10-23,USD_GBP,USD,GBP,0.773983,manual_uploaded_rates,manual
GBP_EUR-2025-10-23,2025-10-23,GBP_EUR,GBP,EUR,1.170898,manual_uploaded_rates,manual
GBP_INR-2025-10-24,2025-10-24,GBP_INR,GBP,INR,107.5328,manual_uploaded_rates,manual
USD_INR-2025-10-24,2025-10-24,USD_INR,USD,INR,82.8023,manual_uploaded_rates,manual
EUR_INR-2025-10-24,2025-10-24,EUR_INR,EUR,INR,91.0855,manual_uploaded_rates,manual
GBP_USD-2025-10-24,2025-10-24,GBP_USD,GBP,USD,1.27968,manual_uploaded_rates,manual
EUR_GBP-2025-10-24,2025-10-24,EUR_GBP,EUR,GBP,0.83328,manual_uploaded_rates,manual
EUR_USD-2025-10-24,2025-10-24,EUR_USD,EUR,USD,1.08128,manual_uploaded_rates,manual
USD_GBP-2025-10-24,2025-10-24,USD_GBP,USD,GBP,0.77376,manual_uploaded_rates,manual
GBP_EUR-2025-10-24,2025-10-24,GBP_EUR,GBP,EUR,1.17056,manual_uploaded_rates,manual
GBP_INR-2025-10-25,2025-10-25,GBP_INR,GBP,INR,107.5068,manual_uploaded_rates,manual
USD_INR-2025-10-25,2025-10-25,USD_INR,USD,INR,82.7822,manual_uploaded_rates,manual
EUR_INR-2025-10-25,2025-10-25,EUR_INR,EUR,INR,91.0634,manual_uploaded_rates,manual
GBP_USD-2025-10-25,2025-10-25,GBP_USD,GBP,USD,1.279371,manual_uploaded_rates,manual
EUR_GBP-2025-10-25,2025-10-25,EUR_GBP,EUR,GBP,0.833079,manual_uploaded_rates,manual
EUR_USD-2025-10-25,2025-10-25,EUR_USD,EUR,USD,1.081019,manual_uploaded_rates,manual
USD_GBP-2025-10-25,2025-10-25,USD_GBP,USD,GBP,0.773573,manual_uploaded_rates,manual
GBP_EUR-2025-10-25,2025-10-25,GBP_EUR,GBP,EUR,1.170277,manual_uploaded_rates,manual
GBP_INR-2025-10-26,2025-10-26,GBP_INR,GBP,INR,107.4865,manual_uploaded_rates,manual
USD_INR-2025-10-26,2025-10-26,USD_INR,USD,INR,82.7666,manual_uploaded_rates,manual
EUR_INR-2025-10-26,2025-10-26,EUR_INR,EUR,INR,91.0462,manual_uploaded_rates,manual
GBP_USD-2025-10-26,2025-10-26,GBP_USD,GBP,USD,1.279129,manual_uploaded_rates,manual
EUR_GBP-2025-10-26,2025-10-26,EUR_GBP,EUR,GBP,0.832921,manual_uploaded_rates,manual
EUR_USD-2025-10-26,2025-10-26,EUR_USD,EUR,USD,1.080814,manual_uploaded_rates,manual
USD_GBP-2025-10-26,2025-10-26,USD_GBP,USD,GBP,0.773427,manual_uploaded_rates,manual
GBP_EUR-2025-10-26,2025-10-26,GBP_EUR,GBP,EUR,1.170056,manual_uploaded_rates,manual
GBP_INR-2025-10-27,2025-10-27,GBP_INR,GBP,INR,107.4724,manual_uploaded_rates,manual
USD_INR-2025-10-27,2025-10-27,USD_INR,USD,INR,82.7557,manual_uploaded_rates,manual
EUR_INR-2025-10-27,2025-10-27,EUR_INR,EUR,INR,91.0343,manual_uploaded_rates,manual
GBP_USD-2025-10-27,2025-10-27,GBP_USD,GBP,USD,1.278961,manual_uploaded_rates,manual
EUR_GBP-2025-10-27,2025-10-27,EUR_GBP,EUR,GBP,0.832812,manual_uploaded_rates,manual
EUR_USD-2025-10-27,2025-10-27,EUR_USD,EUR,USD,1.080673,manual_uploaded_rates,manual
USD_GBP-2025-10-27,2025-10-27,USD_GBP,USD,GBP,0.773325,manual_uploaded_rates,manual
GBP_EUR-2025-10-27,2025-10-27,GBP_EUR,GBP,EUR,1.169902,manual_uploaded_rates,manual
GBP_INR-2025-10-28,2025-10-28,GBP_INR,GBP,INR,107.465,manual_uploaded_rates,manual
USD_INR-2025-10-28,2025-10-28,USD_INR,USD,INR,82.7501,manual_uploaded_rates,manual
EUR_INR-2025-10-28,2025-10-28,EUR_INR,EUR,INR,91.028,manual_uploaded_rates,manual
GBP_USD-2025-10-28,2025-10-28,GBP_USD,GBP,USD,1.278874,manual_uploaded_rates,manual
EUR_GBP-2025-10-28,2025-10-28,EUR_GBP,EUR,GBP,0.832755,manual_uploaded_rates,manual
EUR_USD-2025-10-28,2025-10-28,EUR_USD,EUR,USD,1.080599,manual_uploaded_rates,manual
USD_GBP-2025-10-28,2025-10-28,USD_GBP,USD,GBP,0.773272,manual_uploaded_rates,manual
GBP_EUR-2025-10-28,2025-10-28,GBP_EUR,GBP,EUR,1.169822,manual_uploaded_rates,manual
GBP_INR-2025-10-29,2025-10-29,GBP_INR,GBP,INR,107.4648,manual_uploaded_rates,manual
USD_INR-2025-10-29,2025-10-29,USD_INR,USD,INR,82.7499,manual_uploaded_rates,manual
EUR_INR-2025-10-29,2025-10-29,EUR_INR,EUR,INR,91.0278,manual_uploaded_rates,manual
GBP_USD-2025-10-29,2025-10-29,GBP_USD,GBP,USD,1.27887,manual_uploaded_rates,manual
EUR_GBP-2025-10-29,2025-10-29,EUR_GBP,EUR,GBP,0.832753,manual_uploaded_rates,manual
EUR_USD-2025-10-29,2025-10-29,EUR_USD,EUR,USD,1.080596,manual_uploaded_rates,manual
USD_GBP-2025-10-29,2025-10-29,USD_GBP,USD,GBP,0.773271,manual_uploaded_rates,manual
GBP_EUR-2025-10-29,2025-10-29,GBP_EUR,GBP,EUR,1.169819,manual_uploaded_rates,manual
GBP_INR-2025-10-30,2025-10-30,GBP_INR,GBP,INR,107.4718,manual_uploaded_rates,manual
USD_INR-2025-10-30,2025-10-30,USD_INR,USD,INR,82.7553,manual_uploaded_rates,manual
EUR_INR-2025-10-30,2025-10-30,EUR_INR,EUR,INR,91.0338,manual_uploaded_rates,manual
GBP_USD-2025-10-30,2025-10-30,GBP_USD,GBP,USD,1.278954,manual_uploaded_rates,manual
EUR_GBP-2025-10-30,2025-10-30,EUR_GBP,EUR,GBP,0.832807,manual_uploaded_rates,manual
EUR_USD-2025-10-30,2025-10-30,EUR_USD,EUR,USD,1.080666,manual_uploaded_rates,manual
USD_GBP-2025-10-30,2025-10-30,USD_GBP,USD,GBP,0.773321,manual_uploaded_rates,manual
GBP_EUR-2025-10-30,2025-10-30,GBP_EUR,GBP,EUR,1.169896,manual_uploaded_rates,manual
GBP_INR-2025-10-31,2025-10-31,GBP_INR,GBP,INR,107.4861,manual_uploaded_rates,manual
USD_INR-2025-10-31,2025-10-31,USD_INR,USD,INR,82.7663,manual_uploaded_rates,manual
EUR_INR-2025-10-31,2025-10-31,EUR_INR,EUR,INR,91.0459,manual_uploaded_rates,manual
GBP_USD-2025-10-31,2025-10-31,GBP_USD,GBP,USD,1.279125,manual_uploaded_rates,manual
EUR_GBP-2025-10-31,2025-10-31,EUR_GBP,EUR,GBP,0.832918,manual_uploaded_rates,manual
EUR_USD-2025-10-31,2025-10-31,EUR_USD,EUR,USD,1.080811,manual_uploaded_rates,manual
USD_GBP-2025-10-31,2025-10-31,USD_GBP,USD,GBP,0.773424,manual_uploaded_rates,manual
GBP_EUR-2025-10-31,2025-10-31,GBP_EUR,GBP,EUR,1.170052,manual_uploaded_rates,manual
GBP_INR-2025-11-01,2025-11-01,GBP_INR,GBP,INR,107.5078,manual_uploaded_rates,manual
USD_INR-2025-11-01,2025-11-01,USD_INR,USD,INR,82.783,manual_uploaded_rates,manual
EUR_INR-2025-11-01,2025-11-01,EUR_INR,EUR,INR,91.0643,manual_uploaded_rates,manual
GBP_USD-2025-11-01,2025-11-01,GBP_USD,GBP,USD,1.279383,manual_uploaded_rates,manual
EUR_GBP-2025-11-01,2025-11-01,EUR_GBP,EUR,GBP,0.833086,manual_uploaded_rates,manual
EUR_USD-2025-11-01,2025-11-01,EUR_USD,EUR,USD,1.081029,manual_uploaded_rates,manual
USD_GBP-2025-11-01,2025-11-01,USD_GBP,USD,GBP,0.77358,manual_uploaded_rates,manual
GBP_EUR-2025-11-01,2025-11-01,GBP_EUR,GBP,EUR,1.170288,manual_uploaded_rates,manual
GBP_INR-2025-11-02,2025-11-02,GBP_INR,GBP,INR,107.5366,manual_uploaded_rates,manual
USD_INR-2025-11-02,2025-11-02,USD_INR,USD,INR,82.8052,manual_uploaded_rates,manual
EUR_INR-2025-11-02,2025-11-02,EUR_INR,EUR,INR,91.0886,manual_uploaded_rates,manual
GBP_USD-2025-11-02,2025-11-02,GBP_USD,GBP,USD,1.279725,manual_uploaded_rates,manual
EUR_GBP-2025-11-02,2025-11-02,EUR_GBP,EUR,GBP,0.833309,manual_uploaded_rates,manual
EUR_USD-2025-11-02,2025-11-02,EUR_USD,EUR,USD,1.081318,manual_uploaded_rates,manual
USD_GBP-2025-11-02,2025-11-02,USD_GBP,USD,GBP,0.773787,manual_uploaded_rates,manual
GBP_EUR-2025-11-02,2025-11-02,GBP_EUR,GBP,EUR,1.170601,manual_uploaded_rates,manual
GBP_INR-2025-11-03,2025-11-03,GBP_INR,GBP,INR,107.5721,manual_uploaded_rates,manual
USD_INR-2025-11-03,2025-11-03,USD_INR,USD,INR,82.8325,manual_uploaded_rates,manual
EUR_INR-2025-11-03,2025-11-03,EUR_INR,EUR,INR,91.1188,manual_uploaded_rates,manual
GBP_USD-2025-11-03,2025-11-03,GBP_USD,GBP,USD,1.280148,manual_uploaded_rates,manual
EUR_GBP-2025-11-03,2025-11-03,EUR_GBP,EUR,GBP,0.833585,manual_uploaded_rates,manual
EUR_USD-2025-11-03,2025-11-03,EUR_USD,EUR,USD,1.081676,manual_uploaded_rates,manual
USD_GBP-2025-11-03,2025-11-03,USD_GBP,USD,GBP,0.774043,manual_uploaded_rates,manual
GBP_EUR-2025-11-03,2025-11-03,GBP_EUR,GBP,EUR,1.170988,manual_uploaded_rates,manual
GBP_INR-2025-11-04,2025-11-04,GBP_INR,GBP,INR,107.6141,manual_uploaded_rates,manual
USD_INR-2025-11-04,2025-11-04,USD_INR,USD,INR,82.8648,manual_uploaded_rates,manual
EUR_INR-2025-11-04,2025-11-04,EUR_INR,EUR,INR,91.1543,manual_uploaded_rates,manual
GBP_USD-2025-11-04,2025-11-04,GBP_USD,GBP,USD,1.280647,manual_uploaded_rates,manual
EUR_GBP-2025-11-04,2025-11-04,EUR_GBP,EUR,GBP,0.83391,manual_uploaded_rates,manual
EUR_USD-2025-11-04,2025-11-04,EUR_USD,EUR,USD,1.082097,manual_uploaded_rates,manual
USD_GBP-2025-11-04,2025-11-04,USD_GBP,USD,GBP,0.774345,manual_uploaded_rates,manual
GBP_EUR-2025-11-04,2025-11-04,GBP_EUR,GBP,EUR,1.171445,manual_uploaded_rates,manual
GBP_INR-2025-11-05,2025-11-05,GBP_INR,GBP,INR,107.6618,manual_uploaded_rates,manual
USD_INR-2025-11-05,2025-11-05,USD_INR,USD,INR,82.9016,manual_uploaded_rates,manual
EUR_INR-2025-11-05,2025-11-05,EUR_INR,EUR,INR,91.1947,manual_uploaded_rates,manual
GBP_USD-2025-11-05,2025-11-05,GBP_USD,GBP,USD,1.281215,manual_uploaded_rates,manual
EUR_GBP-2025-11-05,2025-11-05,EUR_GBP,EUR,GBP,0.83428,manual_uploaded_rates,manual
EUR_USD-2025-11-05,2025-11-05,EUR_USD,EUR,USD,1.082577,manual_uploaded_rates,manual
USD_GBP-2025-11-05,2025-11-05,USD_GBP,USD,GBP,0.774688,manual_uploaded_rates,manual
GBP_EUR-2025-11-05,2025-11-05,GBP_EUR,GBP,EUR,1.171964,manual_uploaded_rates,manual
GBP_INR-2025-11-06,2025-11-06,GBP_INR,GBP,INR,107.7147,manual_uploaded_rates,manual
USD_INR-2025-11-06,2025-11-06,USD_INR,USD,INR,82.9423,manual_uploaded_rates,manual
EUR_INR-2025-11-06,2025-11-06,EUR_INR,EUR,INR,91.2395,manual_uploaded_rates,manual
GBP_USD-2025-11-06,2025-11-06,GBP_USD,GBP,USD,1.281845,manual_uploaded_rates,manual
EUR_GBP-2025-11-06,2025-11-06,EUR_GBP,EUR,GBP,0.83469,manual_uploaded_rates,manual
EUR_USD-2025-11-06,2025-11-06,EUR_USD,EUR,USD,1.083109,manual_uploaded_rates,manual
USD_GBP-2025-11-06,2025-11-06,USD_GBP,USD,GBP,0.775069,manual_uploaded_rates,manual
GBP_EUR-2025-11-06,2025-11-06,GBP_EUR,GBP,EUR,1.17254,manual_uploaded_rates,manual
GBP_INR-2025-11-07,2025-11-07,GBP_INR,GBP,INR,107.772,manual_uploaded_rates,manual
USD_INR-2025-11-07,2025-11-07,USD_INR,USD,INR,82.9864,manual_uploaded_rates,manual
EUR_INR-2025-11-07,2025-11-07,EUR_INR,EUR,INR,91.2881,manual_uploaded_rates,manual
GBP_USD-2025-11-07,2025-11-07,GBP_USD,GBP,USD,1.282527,manual_uploaded_rates,manual
EUR_GBP-2025-11-07,2025-11-07,EUR_GBP,EUR,GBP,0.835134,manual_uploaded_rates,manual
EUR_USD-2025-11-07,2025-11-07,EUR_USD,EUR,USD,1.083686,manual_uploaded_rates,manual
USD_GBP-2025-11-07,2025-11-07,USD_GBP,USD,GBP,0.775481,manual_uploaded_rates,manual
GBP_EUR-2025-11-07,2025-11-07,GBP_EUR,GBP,EUR,1.173164,manual_uploaded_rates,manual
GBP_INR-2025-11-08,2025-11-08,GBP_INR,GBP,INR,107.833,manual_uploaded_rates,manual
USD_INR-2025-11-08,2025-11-08,USD_INR,USD,INR,83.0334,manual_uploaded_rates,manual
EUR_INR-2025-11-08,2025-11-08,EUR_INR,EUR,INR,91.3397,manual_uploaded_rates,manual
GBP_USD-2025-11-08,2025-11-08,GBP_USD,GBP,USD,1.283252,manual_uploaded_rates,manual
EUR_GBP-2025-11-08,2025-11-08,EUR_GBP,EUR,GBP,0.835606,manual_uploaded_rates,manual
EUR_USD-2025-11-08,2025-11-08,EUR_USD,EUR,USD,1.084299,manual_uploaded_rates,manual
USD_GBP-2025-11-08,2025-11-08,USD_GBP,USD,GBP,0.77592,manual_uploaded_rates,manual
GBP_EUR-2025-11-08,2025-11-08,GBP_EUR,GBP,EUR,1.173828,manual_uploaded_rates,manual
GBP_INR-2025-11-09,2025-11-09,GBP_INR,GBP,INR,107.8968,manual_uploaded_rates,manual
USD_INR-2025-11-09,2025-11-09,USD_INR,USD,INR,83.0825,manual_uploaded_rates,manual
EUR_INR-2025-11-09,2025-11-09,EUR_INR,EUR,INR,91.3937,manual_uploaded_rates,manual
GBP_USD-2025-11-09,2025-11-09,GBP_USD,GBP,USD,1.284011,manual_uploaded_rates,manual
EUR_GBP-2025-11-09,2025-11-09,EUR_GBP,EUR,GBP,0.8361,manual_uploaded_rates,manual
EUR_USD-2025-11-09,2025-11-09,EUR_USD,EUR,USD,1.08494,manual_uploaded_rates,manual
USD_GBP-2025-11-09,2025-11-09,USD_GBP,USD,GBP,0.776379,manual_uploaded_rates,manual
GBP_EUR-2025-11-09,2025-11-09,GBP_EUR,GBP,EUR,1.174522,manual_uploaded_rates,manual
GBP_INR-2025-11-10,2025-11-10,GBP_INR,GBP,INR,107.9624,manual_uploaded_rates,manual
USD_INR-2025-11-10,2025-11-10,USD_INR,USD,INR,83.1331,manual_uploaded_rates,manual
EUR_INR-2025-11-10,2025-11-10,EUR_INR,EUR,INR,91.4494,manual_uploaded_rates,manual
GBP_USD-2025-11-10,2025-11-10,GBP_USD,GBP,USD,1.284793,manual_uploaded_rates,manual
EUR_GBP-2025-11-10,2025-11-10,EUR_GBP,EUR,GBP,0.836609,manual_uploaded_rates,manual
EUR_USD-2025-11-10,2025-11-10,EUR_USD,EUR,USD,1.0856,manual_uploaded_rates,manual
USD_GBP-2025-11-10,2025-11-10,USD_GBP,USD,GBP,0.776851,manual_uploaded_rates,manual
GBP_EUR-2025-11-10,2025-11-10,GBP_EUR,GBP,EUR,1.175237,manual_uploaded_rates,manual
GBP_INR-2025-11-11,2025-11-11,GBP_INR,GBP,INR,108.0291,manual_uploaded_rates,manual
USD_INR-2025-11-11,2025-11-11,USD_INR,USD,INR,83.1844,manual_uploaded_rates,manual
EUR_INR-2025-11-11,2025-11-11,EUR_INR,EUR,INR,91.5059,manual_uploaded_rates,manual
GBP_USD-2025-11-11,2025-11-11,GBP_USD,GBP,USD,1.285586,manual_uploaded_rates,manual
EUR_GBP-2025-11-11,2025-11-11,EUR_GBP,EUR,GBP,0.837126,manual_uploaded_rates,manual
EUR_USD-2025-11-11,2025-11-11,EUR_USD,EUR,USD,1.086271,manual_uploaded_rates,manual
USD_GBP-2025-11-11,2025-11-11,USD_GBP,USD,GBP,0.777331,manual_uploaded_rates,manual
GBP_EUR-2025-11-11,2025-11-11,GBP_EUR,GBP,EUR,1.175963,manual_uploaded_rates,manual
GBP_INR-2025-11-12,2025-11-12,GBP_INR,GBP,INR,108.0959,manual_uploaded_rates,manual
USD_INR-2025-11-12,2025-11-12,USD_INR,USD,INR,83.2359,manual_uploaded_rates,manual
EUR_INR-2025-11-12,2025-11-12,EUR_INR,EUR,INR,91.5624,manual_uploaded_rates,manual
GBP_USD-2025-11-12,2025-11-12,GBP_USD,GBP,USD,1.286381,manual_uploaded_rates,manual
EUR_GBP-2025-11-12,2025-11-12,EUR_GBP,EUR,GBP,0.837644,manual_uploaded_rates,manual
EUR_USD-2025-11-12,2025-11-12,EUR_USD,EUR,USD,1.086942,manual_uploaded_rates,manual
USD_GBP-2025-11-12,2025-11-12,USD_GBP,USD,GBP,0.777812,manual_uploaded_rates,manual
GBP_EUR-2025-11-12,2025-11-12,GBP_EUR,GBP,EUR,1.17669,manual_uploaded_rates,manual
GBP_INR-2025-11-13,2025-11-13,GBP_INR,GBP,INR,108.162,manual_uploaded_rates,manual
USD_INR-2025-11-13,2025-11-13,USD_INR,USD,INR,83.2867,manual_uploaded_rates,manual
EUR_INR-2025-11-13,2025-11-13,EUR_INR,EUR,INR,91.6184,manual_uploaded_rates,manual
GBP_USD-2025-11-13,2025-11-13,GBP_USD,GBP,USD,1.287168,manual_uploaded_rates,manual
EUR_GBP-2025-11-13,2025-11-13,EUR_GBP,EUR,GBP,0.838156,manual_uploaded_rates,manual
EUR_USD-2025-11-13,2025-11-13,EUR_USD,EUR,USD,1.087607,manual_uploaded_rates,manual
USD_GBP-2025-11-13,2025-11-13,USD_GBP,USD,GBP,0.778287,manual_uploaded_rates,manual
GBP_EUR-2025-11-13,2025-11-13,GBP_EUR,GBP,EUR,1.177409,manual_uploaded_rates,manual
GBP_INR-2025-11-14,2025-11-14,GBP_INR,GBP,INR,108.2265,manual_uploaded_rates,manual
USD_INR-2025-11-14,2025-11-14,USD_INR,USD,INR,83.3364,manual_uploaded_rates,manual
EUR_INR-2025-11-14,2025-11-14,EUR_INR,EUR,INR,91.673,manual_uploaded_rates,manual
GBP_USD-2025-11-14,2025-11-14,GBP_USD,GBP,USD,1.287935,manual_uploaded_rates,manual
EUR_GBP-2025-11-14,2025-11-14,EUR_GBP,EUR,GBP,0.838655,manual_uploaded_rates,manual
EUR_USD-2025-11-14,2025-11-14,EUR_USD,EUR,USD,1.088255,manual_uploaded_rates,manual
USD_GBP-2025-11-14,2025-11-14,USD_GBP,USD,GBP,0.778751,manual_uploaded_rates,manual
GBP_EUR-2025-11-14,2025-11-14,GBP_EUR,GBP,EUR,1.178111,manual_uploaded_rates,manual
GBP_INR-2025-11-15,2025-11-15,GBP_INR,GBP,INR,108.2886,manual_uploaded_rates,manual
USD_INR-2025-11-15,2025-11-15,USD_INR,USD,INR,83.3842,manual_uploaded_rates,manual
EUR_INR-2025-11-15,2025-11-15,EUR_INR,EUR,INR,91.7256,manual_uploaded_rates,manual
GBP_USD-2025-11-15,2025-11-15,GBP_USD,GBP,USD,1.288674,manual_uploaded_rates,manual
EUR_GBP-2025-11-15,2025-11-15,EUR_GBP,EUR,GBP,0.839136,manual_uploaded_rates,manual
EUR_USD-2025-11-15,2025-11-15,EUR_USD,EUR,USD,1.088879,manual_uploaded_rates,manual
USD_GBP-2025-11-15,2025-11-15,USD_GBP,USD,GBP,0.779198,manual_uploaded_rates,manual
GBP_EUR-2025-11-15,2025-11-15,GBP_EUR,GBP,EUR,1.178787,manual_uploaded_rates,manual
GBP_INR-2025-11-16,2025-11-16,GBP_INR,GBP,INR,108.3476,manual_uploaded_rates,manual
USD_INR-2025-11-16,2025-11-16,USD_INR,USD,INR,83.4297,manual_uploaded_rates,manual
EUR_INR-2025-11-16,2025-11-16,EUR_INR,EUR,INR,91.7756,manual_uploaded_rates,manual
GBP_USD-2025-11-16,2025-11-16,GBP_USD,GBP,USD,1.289377,manual_uploaded_rates,manual
EUR_GBP-2025-11-16,2025-11-16,EUR_GBP,EUR,GBP,0.839594,manual_uploaded_rates,manual
EUR_USD-2025-11-16,2025-11-16,EUR_USD,EUR,USD,1.089473,manual_uploaded_rates,manual
USD_GBP-2025-11-16,2025-11-16,USD_GBP,USD,GBP,0.779623,manual_uploaded_rates,manual
GBP_EUR-2025-11-16,2025-11-16,GBP_EUR,GBP,EUR,1.17943,manual_uploaded_rates,manual
GBP_INR-2025-11-17,2025-11-17,GBP_INR,GBP,INR,108.403,manual_uploaded_rates,manual
USD_INR-2025-11-17,2025-11-17,USD_INR,USD,INR,83.4723,manual_uploaded_rates,manual
EUR_INR-2025-11-17,2025-11-17,EUR_INR,EUR,INR,91.8225,manual_uploaded_rates,manual
GBP_USD-2025-11-17,2025-11-17,GBP_USD,GBP,USD,1.290035,manual_uploaded_rates,manual
EUR_GBP-2025-11-17,2025-11-17,EUR_GBP,EUR,GBP,0.840023,manual_uploaded_rates,manual
EUR_USD-2025-11-17,2025-11-17,EUR_USD,EUR,USD,1.09003,manual_uploaded_rates,manual
USD_GBP-2025-11-17,2025-11-17,USD_GBP,USD,GBP,0.780021,manual_uploaded_rates,manual
GBP_EUR-2025-11-17,2025-11-17,GBP_EUR,GBP,EUR,1.180032,manual_uploaded_rates,manual
GBP_INR-2025-11-18,2025-11-18,GBP_INR,GBP,INR,108.4541,manual_uploaded_rates,manual
USD_INR-2025-11-18,2025-11-18,USD_INR,USD,INR,83.5117,manual_uploaded_rates,manual
EUR_INR-2025-11-18,2025-11-18,EUR_INR,EUR,INR,91.8659,manual_uploaded_rates,manual
GBP_USD-2025-11-18,2025-11-18,GBP_USD,GBP,USD,1.290644,manual_uploaded_rates,manual
EUR_GBP-2025-11-18,2025-11-18,EUR_GBP,EUR,GBP,0.84042,manual_uploaded_rates,manual
EUR_USD-2025-11-18,2025-11-18,EUR_USD,EUR,USD,1.090544,manual_uploaded_rates,manual
USD_GBP-2025-11-18,2025-11-18,USD_GBP,USD,GBP,0.78039,manual_uploaded_rates,manual
GBP_EUR-2025-11-18,2025-11-18,GBP_EUR,GBP,EUR,1.180589,manual_uploaded_rates,manual
GBP_INR-2025-11-19,2025-11-19,GBP_INR,GBP,INR,108.5007,manual_uploaded_rates,manual
USD_INR-2025-11-19,2025-11-19,USD_INR,USD,INR,83.5476,manual_uploaded_rates,manual
EUR_INR-2025-11-19,2025-11-19,EUR_INR,EUR,INR,91.9053,manual_uploaded_rates,manual
GBP_USD-2025-11-19,2025-11-19,GBP_USD,GBP,USD,1.291199,manual_uploaded_rates,manual
EUR_GBP-2025-11-19,2025-11-19,EUR_GBP,EUR,GBP,0.84078,manual_uploaded_rates,manual
EUR_USD-2025-11-19,2025-11-19,EUR_USD,EUR,USD,1.091013,manual_uploaded_rates,manual
USD_GBP-2025-11-19,2025-11-19,USD_GBP,USD,GBP,0.780725,manual_uploaded_rates,manual
GBP_EUR-2025-11-19,2025-11-19,GBP_EUR,GBP,EUR,1.181096,manual_uploaded_rates,manual
GBP_INR-2025-11-20,2025-11-20,GBP_INR,GBP,INR,108.5424,manual_uploaded_rates,manual
USD_INR-2025-11-20,2025-11-20,USD_INR,USD,INR,83.5796,manual_uploaded_rates,manual
EUR_INR-2025-11-20,2025-11-20,EUR_INR,EUR,INR,91.9406,manual_uploaded_rates,manual
GBP_USD-2025-11-20,2025-11-20,GBP_USD,GBP,USD,1.291695,manual_uploaded_rates,manual
EUR_GBP-2025-11-20,2025-11-20,EUR_GBP,EUR,GBP,0.841103,manual_uploaded_rates,manual
EUR_USD-2025-11-20,2025-11-20,EUR_USD,EUR,USD,1.091432,manual_uploaded_rates,manual
USD_GBP-2025-11-20,2025-11-20,USD_GBP,USD,GBP,0.781025,manual_uploaded_rates,manual
GBP_EUR-2025-11-20,2025-11-20,GBP_EUR,GBP,EUR,1.18155,manual_uploaded_rates,manual
GBP_INR-2025-11-21,2025-11-21,GBP_INR,GBP,INR,108.579,manual_uploaded_rates,manual
USD_INR-2025-11-21,2025-11-21,USD_INR,USD,INR,83.6078,manual_uploaded_rates,manual
EUR_INR-2025-11-21,2025-11-21,EUR_INR,EUR,INR,91.9716,manual_uploaded_rates,manual
GBP_USD-2025-11-21,2025-11-21,GBP_USD,GBP,USD,1.29213,manual_uploaded_rates,manual
EUR_GBP-2025-11-21,2025-11-21,EUR_GBP,EUR,GBP,0.841387,manual_uploaded_rates,manual
EUR_USD-2025-11-21,2025-11-21,EUR_USD,EUR,USD,1.0918,manual_uploaded_rates,manual
USD_GBP-2025-11-21,2025-11-21,USD_GBP,USD,GBP,0.781288,manual_uploaded_rates,manual
GBP_EUR-2025-11-21,2025-11-21,GBP_EUR,GBP,EUR,1.181949,manual_uploaded_rates,manual
GBP_INR-2025-11-22,2025-11-22,GBP_INR,GBP,INR,108.6106,manual_uploaded_rates,manual
USD_INR-2025-11-22,2025-11-22,USD_INR,USD,INR,83.6321,manual_uploaded_rates,manual
EUR_INR-2025-11-22,2025-11-22,EUR_INR,EUR,INR,91.9983,manual_uploaded_rates,manual
GBP_USD-2025-11-22,2025-11-22,GBP_USD,GBP,USD,1.292506,manual_uploaded_rates,manual
EUR_GBP-2025-11-22,2025-11-22,EUR_GBP,EUR,GBP,0.841632,manual_uploaded_rates,manual
EUR_USD-2025-11-22,2025-11-22,EUR_USD,EUR,USD,1.092117,manual_uploaded_rates,manual
USD_GBP-2025-11-22,2025-11-22,USD_GBP,USD,GBP,0.781515,manual_uploaded_rates,manual
GBP_EUR-2025-11-22,2025-11-22,GBP_EUR,GBP,EUR,1.182292,manual_uploaded_rates,manual
GBP_INR-2025-11-23,2025-11-23,GBP_INR,GBP,INR,108.6371,manual_uploaded_rates,manual
USD_INR-2025-11-23,2025-11-23,USD_INR,USD,INR,83.6526,manual_uploaded_rates,manual
EUR_INR-2025-11-23,2025-11-23,EUR_INR,EUR,INR,92.0208,manual_uploaded_rates,manual
GBP_USD-2025-11-23,2025-11-23,GBP_USD,GBP,USD,1.292821,manual_uploaded_rates,manual
EUR_GBP-2025-11-23,2025-11-23,EUR_GBP,EUR,GBP,0.841837,manual_uploaded_rates,manual
EUR_USD-2025-11-23,2025-11-23,EUR_USD,EUR,USD,1.092384,manual_uploaded_rates,manual
USD_GBP-2025-11-23,2025-11-23,USD_GBP,USD,GBP,0.781706,manual_uploaded_rates,manual
GBP_EUR-2025-11-23,2025-11-23,GBP_EUR,GBP,EUR,1.182581,manual_uploaded_rates,manual
GBP_INR-2025-11-24,2025-11-24,GBP_INR,GBP,INR,108.6588,manual_uploaded_rates,manual
USD_INR-2025-11-24,2025-11-24,USD_INR,USD,INR,83.6693,manual_uploaded_rates,manual
EUR_INR-2025-11-24,2025-11-24,EUR_INR,EUR,INR,92.0392,manual_uploaded_rates,manual
GBP_USD-2025-11-24,2025-11-24,GBP_USD,GBP,USD,1.29308,manual_uploaded_rates,manual
EUR_GBP-2025-11-24,2025-11-24,EUR_GBP,EUR,GBP,0.842005,manual_uploaded_rates,manual
EUR_USD-2025-11-24,2025-11-24,EUR_USD,EUR,USD,1.092602,manual_uploaded_rates,manual
USD_GBP-2025-11-24,2025-11-24,USD_GBP,USD,GBP,0.781862,manual_uploaded_rates,manual
GBP_EUR-2025-11-24,2025-11-24,GBP_EUR,GBP,EUR,1.182817,manual_uploaded_rates,manual
GBP_INR-2025-11-25,2025-11-25,GBP_INR,GBP,INR,108.6761,manual_uploaded_rates,manual
USD_INR-2025-11-25,2025-11-25,USD_INR,USD,INR,83.6826,manual_uploaded_rates,manual
EUR_INR-2025-11-25,2025-11-25,EUR_INR,EUR,INR,92.0538,manual_uploaded_rates,manual
GBP_USD-2025-11-25,2025-11-25,GBP_USD,GBP,USD,1.293285,manual_uploaded_rates,manual
EUR_GBP-2025-11-25,2025-11-25,EUR_GBP,EUR,GBP,0.842139,manual_uploaded_rates,manual
EUR_USD-2025-11-25,2025-11-25,EUR_USD,EUR,USD,1.092776,manual_uploaded_rates,manual
USD_GBP-2025-11-25,2025-11-25,USD_GBP,USD,GBP,0.781986,manual_uploaded_rates,manual
GBP_EUR-2025-11-25,2025-11-25,GBP_EUR,GBP,EUR,1.183005,manual_uploaded_rates,manual
GBP_INR-2025-11-26,2025-11-26,GBP_INR,GBP,INR,108.6893,manual_uploaded_rates,manual
USD_INR-2025-11-26,2025-11-26,USD_INR,USD,INR,83.6928,manual_uploaded_rates,manual
EUR_INR-2025-11-26,2025-11-26,EUR_INR,EUR,INR,92.0651,manual_uploaded_rates,manual
GBP_USD-2025-11-26,2025-11-26,GBP_USD,GBP,USD,1.293443,manual_uploaded_rates,manual
EUR_GBP-2025-11-26,2025-11-26,EUR_GBP,EUR,GBP,0.842242,manual_uploaded_rates,manual
EUR_USD-2025-11-26,2025-11-26,EUR_USD,EUR,USD,1.092909,manual_uploaded_rates,manual
USD_GBP-2025-11-26,2025-11-26,USD_GBP,USD,GBP,0.782082,manual_uploaded_rates,manual
GBP_EUR-2025-11-26,2025-11-26,GBP_EUR,GBP,EUR,1.183149,manual_uploaded_rates,manual
GBP_INR-2025-11-27,2025-11-27,GBP_INR,GBP,INR,108.6991,manual_uploaded_rates,manual
USD_INR-2025-11-27,2025-11-27,USD_INR,USD,INR,83.7003,manual_uploaded_rates,manual
EUR_INR-2025-11-27,2025-11-27,EUR_INR,EUR,INR,92.0733,manual_uploaded_rates,manual
GBP_USD-2025-11-27,2025-11-27,GBP_USD,GBP,USD,1.293559,manual_uploaded_rates,manual
EUR_GBP-2025-11-27,2025-11-27,EUR_GBP,EUR,GBP,0.842317,manual_uploaded_rates,manual
EUR_USD-2025-11-27,2025-11-27,EUR_USD,EUR,USD,1.093007,manual_uploaded_rates,manual
USD_GBP-2025-11-27,2025-11-27,USD_GBP,USD,GBP,0.782152,manual_uploaded_rates,manual
GBP_EUR-2025-11-27,2025-11-27,GBP_EUR,GBP,EUR,1.183256,manual_uploaded_rates,manual
GBP_INR-2025-11-28,2025-11-28,GBP_INR,GBP,INR,108.706,manual_uploaded_rates,manual
USD_INR-2025-11-28,2025-11-28,USD_INR,USD,INR,83.7056,manual_uploaded_rates,manual
EUR_INR-2025-11-28,2025-11-28,EUR_INR,EUR,INR,92.0792,manual_uploaded_rates,manual
GBP_USD-2025-11-28,2025-11-28,GBP_USD,GBP,USD,1.293641,manual_uploaded_rates,manual
EUR_GBP-2025-11-28,2025-11-28,EUR_GBP,EUR,GBP,0.842371,manual_uploaded_rates,manual
EUR_USD-2025-11-28,2025-11-28,EUR_USD,EUR,USD,1.093077,manual_uploaded_rates,manual
USD_GBP-2025-11-28,2025-11-28,USD_GBP,USD,GBP,0.782202,manual_uploaded_rates,manual
GBP_EUR-2025-11-28,2025-11-28,GBP_EUR,GBP,EUR,1.183331,manual_uploaded_rates,manual
GBP_INR-2025-11-29,2025-11-29,GBP_INR,GBP,INR,108.7108,manual_uploaded_rates,manual
USD_INR-2025-11-29,2025-11-29,USD_INR,USD,INR,83.7093,manual_uploaded_rates,manual
EUR_INR-2025-11-29,2025-11-29,EUR_INR,EUR,INR,92.0832,manual_uploaded_rates,manual
GBP_USD-2025-11-29,2025-11-29,GBP_USD,GBP,USD,1.293698,manual_uploaded_rates,manual
EUR_GBP-2025-11-29,2025-11-29,EUR_GBP,EUR,GBP,0.842408,manual_uploaded_rates,manual
EUR_USD-2025-11-29,2025-11-29,EUR_USD,EUR,USD,1.093125,manual_uploaded_rates,manual
USD_GBP-2025-11-29,2025-11-29,USD_GBP,USD,GBP,0.782236,manual_uploaded_rates,manual
GBP_EUR-2025-11-29,2025-11-29,GBP_EUR,GBP,EUR,1.183383,manual_uploaded_rates,manual
GBP_INR-2025-11-30,2025-11-30,GBP_INR,GBP,INR,108.7142,manual_uploaded_rates,manual
USD_INR-2025-11-30,2025-11-30,USD_INR,USD,INR,83.712,manual_uploaded_rates,manual
EUR_INR-2025-11-30,2025-11-30,EUR_INR,EUR,INR,92.0862,manual_uploaded_rates,manual
GBP_USD-2025-11-30,2025-11-30,GBP_USD,GBP,USD,1.293739,manual_uploaded_rates,manual
EUR_GBP-2025-11-30,2025-11-30,EUR_GBP,EUR,GBP,0.842435,manual_uploaded_rates,manual
EUR_USD-2025-11-30,2025-11-30,EUR_USD,EUR,USD,1.09316,manual_uploaded_rates,manual
USD_GBP-2025-11-30,2025-11-30,USD_GBP,USD,GBP,0.782261,manual_uploaded_rates,manual
GBP_EUR-2025-11-30,2025-11-30,GBP_EUR,GBP,EUR,1.18342,manual_uploaded_rates,manual
GBP_INR-2025-12-01,2025-12-01,GBP_INR,GBP,INR,108.7171,manual_uploaded_rates,manual
USD_INR-2025-12-01,2025-12-01,USD_INR,USD,INR,83.7142,manual_uploaded_rates,manual
EUR_INR-2025-12-01,2025-12-01,EUR_INR,EUR,INR,92.0886,manual_uploaded_rates,manual
GBP_USD-2025-12-01,2025-12-01,GBP_USD,GBP,USD,1.293774,manual_uploaded_rates,manual
EUR_GBP-2025-12-01,2025-12-01,EUR_GBP,EUR,GBP,0.842457,manual_uploaded_rates,manual
EUR_USD-2025-12-01,2025-12-01,EUR_USD,EUR,USD,1.093189,manual_uploaded_rates,manual
USD_GBP-2025-12-01,2025-12-01,USD_GBP,USD,GBP,0.782282,manual_uploaded_rates,manual
GBP_EUR-2025-12-01,2025-12-01,GBP_EUR,GBP,EUR,1.183452,manual_uploaded_rates,manual
GBP_INR-2025-12-02,2025-12-02,GBP_INR,GBP,INR,108.7203,manual_uploaded_rates,manual
USD_INR-2025-12-02,2025-12-02,USD_INR,USD,INR,83.7167,manual_uploaded_rates,manual
EUR_INR-2025-12-02,2025-12-02,EUR_INR,EUR,INR,92.0913,manual_uploaded_rates,manual
GBP_USD-2025-12-02,2025-12-02,GBP_USD,GBP,USD,1.293812,manual_uploaded_rates,manual
EUR_GBP-2025-12-02,2025-12-02,EUR_GBP,EUR,GBP,0.842482,manual_uploaded_rates,manual
EUR_USD-2025-12-02,2025-12-02,EUR_USD,EUR,USD,1.093221,manual_uploaded_rates,manual
USD_GBP-2025-12-02,2025-12-02,USD_GBP,USD,GBP,0.782305,manual_uploaded_rates,manual
GBP_EUR-2025-12-02,2025-12-02,GBP_EUR,GBP,EUR,1.183487,manual_uploaded_rates,manual
GBP_INR-2025-12-03,2025-12-03,GBP_INR,GBP,INR,108.7247,manual_uploaded_rates,manual
USD_INR-2025-12-03,2025-12-03,USD_INR,USD,INR,83.72,manual_uploaded_rates,manual
EUR_INR-2025-12-03,2025-12-03,EUR_INR,EUR,INR,92.095,manual_uploaded_rates,manual
GBP_USD-2025-12-03,2025-12-03,GBP_USD,GBP,USD,1.293864,manual_uploaded_rates,manual
EUR_GBP-2025-12-03,2025-12-03,EUR_GBP,EUR,GBP,0.842516,manual_uploaded_rates,manual
EUR_USD-2025-12-03,2025-12-03,EUR_USD,EUR,USD,1.093265,manual_uploaded_rates,manual
USD_GBP-2025-12-03,2025-12-03,USD_GBP,USD,GBP,0.782336,manual_uploaded_rates,manual
GBP_EUR-2025-12-03,2025-12-03,GBP_EUR,GBP,EUR,1.183534,manual_uploaded_rates,manual
GBP_INR-2025-12-04,2025-12-04,GBP_INR,GBP,INR,108.7311,manual_uploaded_rates,manual
USD_INR-2025-12-04,2025-12-04,USD_INR,USD,INR,83.7249,manual_uploaded_rates,manual
EUR_INR-2025-12-04,2025-12-04,EUR_INR,EUR,INR,92.1004,manual_uploaded_rates,manual
GBP_USD-2025-12-04,2025-12-04,GBP_USD,GBP,USD,1.29394,manual_uploaded_rates,manual
EUR_GBP-2025-12-04,2025-12-04,EUR_GBP,EUR,GBP,0.842565,manual_uploaded_rates,manual
EUR_USD-2025-12-04,2025-12-04,EUR_USD,EUR,USD,1.093329,manual_uploaded_rates,manual
USD_GBP-2025-12-04,2025-12-04,USD_GBP,USD,GBP,0.782382,manual_uploaded_rates,manual
GBP_EUR-2025-12-04,2025-12-04,GBP_EUR,GBP,EUR,1.183604,manual_uploaded_rates,manual
GBP_INR-2025-12-05,2025-12-05,GBP_INR,GBP,INR,108.7402,manual_uploaded_rates,manual
USD_INR-2025-12-05,2025-12-05,USD_INR,USD,INR,83.732,manual_uploaded_rates,manual
EUR_INR-2025-12-05,2025-12-05,EUR_INR,EUR,INR,92.1082,manual_uploaded_rates,manual
GBP_USD-2025-12-05,2025-12-05,GBP_USD,GBP,USD,1.294049,manual_uploaded_rates,manual
EUR_GBP-2025-12-05,2025-12-05,EUR_GBP,EUR,GBP,0.842636,manual_uploaded_rates,manual
EUR_USD-2025-12-05,2025-12-05,EUR_USD,EUR,USD,1.093421,manual_uploaded_rates,manual
USD_GBP-2025-12-05,2025-12-05,USD_GBP,USD,GBP,0.782448,manual_uploaded_rates,manual
GBP_EUR-2025-12-05,2025-12-05,GBP_EUR,GBP,EUR,1.183704,manual_uploaded_rates,manual
GBP_INR-2025-12-06,2025-12-06,GBP_INR,GBP,INR,108.753,manual_uploaded_rates,manual
USD_INR-2025-12-06,2025-12-06,USD_INR,USD,INR,83.7418,manual_uploaded_rates,manual
EUR_INR-2025-12-06,2025-12-06,EUR_INR,EUR,INR,92.119,manual_uploaded_rates,manual
GBP_USD-2025-12-06,2025-12-06,GBP_USD,GBP,USD,1.294201,manual_uploaded_rates,manual
EUR_GBP-2025-12-06,2025-12-06,EUR_GBP,EUR,GBP,0.842735,manual_uploaded_rates,manual
EUR_USD-2025-12-06,2025-12-06,EUR_USD,EUR,USD,1.093549,manual_uploaded_rates,manual
USD_GBP-2025-12-06,2025-12-06,USD_GBP,USD,GBP,0.78254,manual_uploaded_rates,manual
GBP_EUR-2025-12-06,2025-12-06,GBP_EUR,GBP,EUR,1.183842,manual_uploaded_rates,manual
GBP_INR-2025-12-07,2025-12-07,GBP_INR,GBP,INR,108.77,manual_uploaded_rates,manual
USD_INR-2025-12-07,2025-12-07,USD_INR,USD,INR,83.7549,manual_uploaded_rates,manual
EUR_INR-2025-12-07,2025-12-07,EUR_INR,EUR,INR,92.1334,manual_uploaded_rates,manual
GBP_USD-2025-12-07,2025-12-07,GBP_USD,GBP,USD,1.294403,manual_uploaded_rates,manual
EUR_GBP-2025-12-07,2025-12-07,EUR_GBP,EUR,GBP,0.842867,manual_uploaded_rates,manual
EUR_USD-2025-12-07,2025-12-07,EUR_USD,EUR,USD,1.09372,manual_uploaded_rates,manual
USD_GBP-2025-12-07,2025-12-07,USD_GBP,USD,GBP,0.782662,manual_uploaded_rates,manual
GBP_EUR-2025-12-07,2025-12-07,GBP_EUR,GBP,EUR,1.184028,manual_uploaded_rates,manual
GBP_INR-2025-12-08,2025-12-08,GBP_INR,GBP,INR,108.7919,manual_uploaded_rates,manual
USD_INR-2025-12-08,2025-12-08,USD_INR,USD,INR,83.7718,manual_uploaded_rates,manual
EUR_INR-2025-12-08,2025-12-08,EUR_INR,EUR,INR,92.152,manual_uploaded_rates,manual
GBP_USD-2025-12-08,2025-12-08,GBP_USD,GBP,USD,1.294664,manual_uploaded_rates,manual
EUR_GBP-2025-12-08,2025-12-08,EUR_GBP,EUR,GBP,0.843037,manual_uploaded_rates,manual
EUR_USD-2025-12-08,2025-12-08,EUR_USD,EUR,USD,1.093941,manual_uploaded_rates,manual
USD_GBP-2025-12-08,2025-12-08,USD_GBP,USD,GBP,0.78282,manual_uploaded_rates,manual
GBP_EUR-2025-12-08,2025-12-08,GBP_EUR,GBP,EUR,1.184266,manual_uploaded_rates,manual
GBP_INR-2025-12-09,2025-12-09,GBP_INR,GBP,INR,108.8193,manual_uploaded_rates,manual
USD_INR-2025-12-09,2025-12-09,USD_INR,USD,INR,83.7929,manual_uploaded_rates,manual
EUR_INR-2025-12-09,2025-12-09,EUR_INR,EUR,INR,92.1751,manual_uploaded_rates,manual
GBP_USD-2025-12-09,2025-12-09,GBP_USD,GBP,USD,1.29499,manual_uploaded_rates,manual
EUR_GBP-2025-12-09,2025-12-09,EUR_GBP,EUR,GBP,0.843249,manual_uploaded_rates,manual
EUR_USD-2025-12-09,2025-12-09,EUR_USD,EUR,USD,1.094216,manual_uploaded_rates,manual
USD_GBP-2025-12-09,2025-12-09,USD_GBP,USD,GBP,0.783017,manual_uploaded_rates,manual
GBP_EUR-2025-12-09,2025-12-09,GBP_EUR,GBP,EUR,1.184564,manual_uploaded_rates,manual
GBP_INR-2025-12-10,2025-12-10,GBP_INR,GBP,INR,108.8525,manual_uploaded_rates,manual
USD_INR-2025-12-10,2025-12-10,USD_INR,USD,INR,83.8184,manual_uploaded_rates,manual
EUR_INR-2025-12-10,2025-12-10,EUR_INR,EUR,INR,92.2033,manual_uploaded_rates,manual
GBP_USD-2025-12-10,2025-12-10,GBP_USD,GBP,USD,1.295385,manual_uploaded_rates,manual
EUR_GBP-2025-12-10,2025-12-10,EUR_GBP,EUR,GBP,0.843506,manual_uploaded_rates,manual
EUR_USD-2025-12-10,2025-12-10,EUR_USD,EUR,USD,1.09455,manual_uploaded_rates,manual
USD_GBP-2025-12-10,2025-12-10,USD_GBP,USD,GBP,0.783256,manual_uploaded_rates,manual
GBP_EUR-2025-12-10,2025-12-10,GBP_EUR,GBP,EUR,1.184925,manual_uploaded_rates,manual
GBP_INR-2025-12-11,2025-12-11,GBP_INR,GBP,INR,108.8918,manual_uploaded_rates,manual
USD_INR-2025-12-11,2025-12-11,USD_INR,USD,INR,83.8487,manual_uploaded_rates,manual
EUR_INR-2025-12-11,2025-12-11,EUR_INR,EUR,INR,92.2366,manual_uploaded_rates,manual
GBP_USD-2025-12-11,2025-12-11,GBP_USD,GBP,USD,1.295853,manual_uploaded_rates,manual
EUR_GBP-2025-12-11,2025-12-11,EUR_GBP,EUR,GBP,0.843811,manual_uploaded_rates,manual
EUR_USD-2025-12-11,2025-12-11,EUR_USD,EUR,USD,1.094945,manual_uploaded_rates,manual
USD_GBP-2025-12-11,2025-12-11,USD_GBP,USD,GBP,0.783539,manual_uploaded_rates,manual
GBP_EUR-2025-12-11,2025-12-11,GBP_EUR,GBP,EUR,1.185354,manual_uploaded_rates,manual
GBP_INR-2025-12-12,2025-12-12,GBP_INR,GBP,INR,108.9375,manual_uploaded_rates,manual
USD_INR-2025-12-12,2025-12-12,USD_INR,USD,INR,83.8839,manual_uploaded_rates,manual
EUR_INR-2025-12-12,2025-12-12,EUR_INR,EUR,INR,92.2753,manual_uploaded_rates,manual
GBP_USD-2025-12-12,2025-12-12,GBP_USD,GBP,USD,1.296396,manual_uploaded_rates,manual
EUR_GBP-2025-12-12,2025-12-12,EUR_GBP,EUR,GBP,0.844165,manual_uploaded_rates,manual
EUR_USD-2025-12-12,2025-12-12,EUR_USD,EUR,USD,1.095405,manual_uploaded_rates,manual
USD_GBP-2025-12-12,2025-12-12,USD_GBP,USD,GBP,0.783868,manual_uploaded_rates,manual
GBP_EUR-2025-12-12,2025-12-12,GBP_EUR,GBP,EUR,1.185851,manual_uploaded_rates,manual
GBP_INR-2025-12-13,2025-12-13,GBP_INR,GBP,INR,108.9896,manual_uploaded_rates,manual
USD_INR-2025-12-13,2025-12-13,USD_INR,USD,INR,83.924,manual_uploaded_rates,manual
EUR_INR-2025-12-13,2025-12-13,EUR_INR,EUR,INR,92.3194,manual_uploaded_rates,manual
GBP_USD-2025-12-13,2025-12-13,GBP_USD,GBP,USD,1.297016,manual_uploaded_rates,manual
EUR_GBP-2025-12-13,2025-12-13,EUR_GBP,EUR,GBP,0.844569,manual_uploaded_rates,manual
EUR_USD-2025-12-13,2025-12-13,EUR_USD,EUR,USD,1.095928,manual_uploaded_rates,manual
USD_GBP-2025-12-13,2025-12-13,USD_GBP,USD,GBP,0.784242,manual_uploaded_rates,manual
GBP_EUR-2025-12-13,2025-12-13,GBP_EUR,GBP,EUR,1.186418,manual_uploaded_rates,manual
GBP_INR-2025-12-14,2025-12-14,GBP_INR,GBP,INR,109.0479,manual_uploaded_rates,manual
USD_INR-2025-12-14,2025-12-14,USD_INR,USD,INR,83.9689,manual_uploaded_rates,manual
EUR_INR-2025-12-14,2025-12-14,EUR_INR,EUR,INR,92.3688,manual_uploaded_rates,manual
GBP_USD-2025-12-14,2025-12-14,GBP_USD,GBP,USD,1.29771,manual_uploaded_rates,manual
EUR_GBP-2025-12-14,2025-12-14,EUR_GBP,EUR,GBP,0.845021,manual_uploaded_rates,manual
EUR_USD-2025-12-14,2025-12-14,EUR_USD,EUR,USD,1.096515,manual_uploaded_rates,manual
USD_GBP-2025-12-14,2025-12-14,USD_GBP,USD,GBP,0.784662,manual_uploaded_rates,manual
GBP_EUR-2025-12-14,2025-12-14,GBP_EUR,GBP,EUR,1.187053,manual_uploaded_rates,manual
GBP_INR-2025-12-15,2025-12-15,GBP_INR,GBP,INR,109.1123,manual_uploaded_rates,manual
USD_INR-2025-12-15,2025-12-15,USD_INR,USD,INR,84.0185,manual_uploaded_rates,manual
EUR_INR-2025-12-15,2025-12-15,EUR_INR,EUR,INR,92.4234,manual_uploaded_rates,manual
GBP_USD-2025-12-15,2025-12-15,GBP_USD,GBP,USD,1.298477,manual_uploaded_rates,manual
EUR_GBP-2025-12-15,2025-12-15,EUR_GBP,EUR,GBP,0.84552,manual_uploaded_rates,manual
EUR_USD-2025-12-15,2025-12-15,EUR_USD,EUR,USD,1.097163,manual_uploaded_rates,manual
USD_GBP-2025-12-15,2025-12-15,USD_GBP,USD,GBP,0.785125,manual_uploaded_rates,manual
GBP_EUR-2025-12-15,2025-12-15,GBP_EUR,GBP,EUR,1.187754,manual_uploaded_rates,manual
GBP_INR-2025-12-16,2025-12-16,GBP_INR,GBP,INR,109.1824,manual_uploaded_rates,manual
USD_INR-2025-12-16,2025-12-16,USD_INR,USD,INR,84.0725,manual_uploaded_rates,manual
EUR_INR-2025-12-16,2025-12-16,EUR_INR,EUR,INR,92.4828,manual_uploaded_rates,manual
GBP_USD-2025-12-16,2025-12-16,GBP_USD,GBP,USD,1.299311,manual_uploaded_rates,manual
EUR_GBP-2025-12-16,2025-12-16,EUR_GBP,EUR,GBP,0.846063,manual_uploaded_rates,manual
EUR_USD-2025-12-16,2025-12-16,EUR_USD,EUR,USD,1.097868,manual_uploaded_rates,manual
USD_GBP-2025-12-16,2025-12-16,USD_GBP,USD,GBP,0.78563,manual_uploaded_rates,manual
GBP_EUR-2025-12-16,2025-12-16,GBP_EUR,GBP,EUR,1.188517,manual_uploaded_rates,manual
GBP_INR-2025-12-17,2025-12-17,GBP_INR,GBP,INR,109.2578,manual_uploaded_rates,manual
USD_INR-2025-12-17,2025-12-17,USD_INR,USD,INR,84.1305,manual_uploaded_rates,manual
EUR_INR-2025-12-17,2025-12-17,EUR_INR,EUR,INR,92.5466,manual_uploaded_rates,manual
GBP_USD-2025-12-17,2025-12-17,GBP_USD,GBP,USD,1.300208,manual_uploaded_rates,manual
EUR_GBP-2025-12-17,2025-12-17,EUR_GBP,EUR,GBP,0.846647,manual_uploaded_rates,manual
EUR_USD-2025-12-17,2025-12-17,EUR_USD,EUR,USD,1.098626,manual_uploaded_rates,manual
USD_GBP-2025-12-17,2025-12-17,USD_GBP,USD,GBP,0.786173,manual_uploaded_rates,manual
GBP_EUR-2025-12-17,2025-12-17,GBP_EUR,GBP,EUR,1.189338,manual_uploaded_rates,manual
GBP_INR-2025-12-18,2025-12-18,GBP_INR,GBP,INR,109.3378,manual_uploaded_rates,manual
USD_INR-2025-12-18,2025-12-18,USD_INR,USD,INR,84.1922,manual_uploaded_rates,manual
EUR_INR-2025-12-18,2025-12-18,EUR_INR,EUR,INR,92.6144,manual_uploaded_rates,manual
GBP_USD-2025-12-18,2025-12-18,GBP_USD,GBP,USD,1.301161,manual_uploaded_rates,manual
EUR_GBP-2025-12-18,2025-12-18,EUR_GBP,EUR,GBP,0.847267,manual_uploaded_rates,manual
EUR_USD-2025-12-18,2025-12-18,EUR_USD,EUR,USD,1.09943,manual_uploaded_rates,manual
USD_GBP-2025-12-18,2025-12-18,USD_GBP,USD,GBP,0.786748,manual_uploaded_rates,manual
GBP_EUR-2025-12-18,2025-12-18,GBP_EUR,GBP,EUR,1.190209,manual_uploaded_rates,manual
GBP_INR-2025-12-19,2025-12-19,GBP_INR,GBP,INR,109.4218,manual_uploaded_rates,manual
USD_INR-2025-12-19,2025-12-19,USD_INR,USD,INR,84.2568,manual_uploaded_rates,manual
EUR_INR-2025-12-19,2025-12-19,EUR_INR,EUR,INR,92.6855,manual_uploaded_rates,manual
GBP_USD-2025-12-19,2025-12-19,GBP_USD,GBP,USD,1.30216,manual_uploaded_rates,manual
EUR_GBP-2025-12-19,2025-12-19,EUR_GBP,EUR,GBP,0.847918,manual_uploaded_rates,manual
EUR_USD-2025-12-19,2025-12-19,EUR_USD,EUR,USD,1.100275,manual_uploaded_rates,manual
USD_GBP-2025-12-19,2025-12-19,USD_GBP,USD,GBP,0.787353,manual_uploaded_rates,manual
GBP_EUR-2025-12-19,2025-12-19,GBP_EUR,GBP,EUR,1.191123,manual_uploaded_rates,manual
GBP_INR-2025-12-20,2025-12-20,GBP_INR,GBP,INR,109.5089,manual_uploaded_rates,manual
USD_INR-2025-12-20,2025-12-20,USD_INR,USD,INR,84.3239,manual_uploaded_rates,manual
EUR_INR-2025-12-20,2025-12-20,EUR_INR,EUR,INR,92.7593,manual_uploaded_rates,manual
GBP_USD-2025-12-20,2025-12-20,GBP_USD,GBP,USD,1.303197,manual_uploaded_rates,manual
EUR_GBP-2025-12-20,2025-12-20,EUR_GBP,EUR,GBP,0.848593,manual_uploaded_rates,manual
EUR_USD-2025-12-20,2025-12-20,EUR_USD,EUR,USD,1.101151,manual_uploaded_rates,manual
USD_GBP-2025-12-20,2025-12-20,USD_GBP,USD,GBP,0.787979,manual_uploaded_rates,manual
GBP_EUR-2025-12-20,2025-12-20,GBP_EUR,GBP,EUR,1.192071,manual_uploaded_rates,manual
GBP_INR-2025-12-21,2025-12-21,GBP_INR,GBP,INR,109.5983,manual_uploaded_rates,manual
USD_INR-2025-12-21,2025-12-21,USD_INR,USD,INR,84.3927,manual_uploaded_rates,manual
EUR_INR-2025-12-21,2025-12-21,EUR_INR,EUR,INR,92.835,manual_uploaded_rates,manual
GBP_USD-2025-12-21,2025-12-21,GBP_USD,GBP,USD,1.30426,manual_uploaded_rates,manual
EUR_GBP-2025-12-21,2025-12-21,EUR_GBP,EUR,GBP,0.849286,manual_uploaded_rates,manual
EUR_USD-2025-12-21,2025-12-21,EUR_USD,EUR,USD,1.102049,manual_uploaded_rates,manual
USD_GBP-2025-12-21,2025-12-21,USD_GBP,USD,GBP,0.788623,manual_uploaded_rates,manual
GBP_EUR-2025-12-21,2025-12-21,GBP_EUR,GBP,EUR,1.193044,manual_uploaded_rates,manual
GBP_INR-2025-12-22,2025-12-22,GBP_INR,GBP,INR,109.689,manual_uploaded_rates,manual
USD_INR-2025-12-22,2025-12-22,USD_INR,USD,INR,84.4626,manual_uploaded_rates,manual
EUR_INR-2025-12-22,2025-12-22,EUR_INR,EUR,INR,92.9119,manual_uploaded_rates,manual
GBP_USD-2025-12-22,2025-12-22,GBP_USD,GBP,USD,1.30534,manual_uploaded_rates,manual
EUR_GBP-2025-12-22,2025-12-22,EUR_GBP,EUR,GBP,0.849989,manual_uploaded_rates,manual
EUR_USD-2025-12-22,2025-12-22,EUR_USD,EUR,USD,1.102962,manual_uploaded_rates,manual
USD_GBP-2025-12-22,2025-12-22,USD_GBP,USD,GBP,0.789275,manual_uploaded_rates,manual
GBP_EUR-2025-12-22,2025-12-22,GBP_EUR,GBP,EUR,1.194032,manual_uploaded_rates,manual
GBP_INR-2025-12-23,2025-12-23,GBP_INR,GBP,INR,109.78,manual_uploaded_rates,manual
USD_INR-2025-12-23,2025-12-23,USD_INR,USD,INR,84.5327,manual_uploaded_rates,manual
EUR_INR-2025-12-23,2025-12-23,EUR_INR,EUR,INR,92.989,manual_uploaded_rates,manual
GBP_USD-2025-12-23,2025-12-23,GBP_USD,GBP,USD,1.306423,manual_uploaded_rates,manual
EUR_GBP-2025-12-23,2025-12-23,EUR_GBP,EUR,GBP,0.850694,manual_uploaded_rates,manual
EUR_USD-2025-12-23,2025-12-23,EUR_USD,EUR,USD,1.103877,manual_uploaded_rates,manual
USD_GBP-2025-12-23,2025-12-23,USD_GBP,USD,GBP,0.78993,manual_uploaded_rates,manual
GBP_EUR-2025-12-23,2025-12-23,GBP_EUR,GBP,EUR,1.195023,manual_uploaded_rates,manual
GBP_INR-2025-12-24,2025-12-24,GBP_INR,GBP,INR,109.8704,manual_uploaded_rates,manual
USD_INR-2025-12-24,2025-12-24,USD_INR,USD,INR,84.6022,manual_uploaded_rates,manual
EUR_INR-2025-12-24,2025-12-24,EUR_INR,EUR,INR,93.0655,manual_uploaded_rates,manual
GBP_USD-2025-12-24,2025-12-24,GBP_USD,GBP,USD,1.307498,manual_uploaded_rates,manual
EUR_GBP-2025-12-24,2025-12-24,EUR_GBP,EUR,GBP,0.851394,manual_uploaded_rates,manual
EUR_USD-2025-12-24,2025-12-24,EUR_USD,EUR,USD,1.104785,manual_uploaded_rates,manual
USD_GBP-2025-12-24,2025-12-24,USD_GBP,USD,GBP,0.79058,manual_uploaded_rates,manual
GBP_EUR-2025-12-24,2025-12-24,GBP_EUR,GBP,EUR,1.196006,manual_uploaded_rates,manual
GBP_INR-2025-12-25,2025-12-25,GBP_INR,GBP,INR,109.959,manual_uploaded_rates,manual
USD_INR-2025-12-25,2025-12-25,USD_INR,USD,INR,84.6705,manual_uploaded_rates,manual
EUR_INR-2025-12-25,2025-12-25,EUR_INR,EUR,INR,93.1405,manual_uploaded_rates,manual
GBP_USD-2025-12-25,2025-12-25,GBP_USD,GBP,USD,1.308553,manual_uploaded_rates,manual
EUR_GBP-2025-12-25,2025-12-25,EUR_GBP,EUR,GBP,0.852081,manual_uploaded_rates,manual
EUR_USD-2025-12-25,2025-12-25,EUR_USD,EUR,USD,1.105676,manual_uploaded_rates,manual
USD_GBP-2025-12-25,2025-12-25,USD_GBP,USD,GBP,0.791218,manual_uploaded_rates,manual
GBP_EUR-2025-12-25,2025-12-25,GBP_EUR,GBP,EUR,1.196971,manual_uploaded_rates,manual
GBP_INR-2025-12-26,2025-12-26,GBP_INR,GBP,INR,110.0449,manual_uploaded_rates,manual
USD_INR-2025-12-26,2025-12-26,USD_INR,USD,INR,84.7366,manual_uploaded_rates,manual
EUR_INR-2025-12-26,2025-12-26,EUR_INR,EUR,INR,93.2133,manual_uploaded_rates,manual
GBP_USD-2025-12-26,2025-12-26,GBP_USD,GBP,USD,1.309574,manual_uploaded_rates,manual
EUR_GBP-2025-12-26,2025-12-26,EUR_GBP,EUR,GBP,0.852746,manual_uploaded_rates,manual
EUR_USD-2025-12-26,2025-12-26,EUR_USD,EUR,USD,1.10654,manual_uploaded_rates,manual
USD_GBP-2025-12-26,2025-12-26,USD_GBP,USD,GBP,0.791836,manual_uploaded_rates,manual
GBP_EUR-2025-12-26,2025-12-26,GBP_EUR,GBP,EUR,1.197905,manual_uploaded_rates,manual
GBP_INR-2025-12-27,2025-12-27,GBP_INR,GBP,INR,110.127,manual_uploaded_rates,manual
USD_INR-2025-12-27,2025-12-27,USD_INR,USD,INR,84.7998,manual_uploaded_rates,manual
EUR_INR-2025-12-27,2025-12-27,EUR_INR,EUR,INR,93.2828,manual_uploaded_rates,manual
GBP_USD-2025-12-27,2025-12-27,GBP_USD,GBP,USD,1.310551,manual_uploaded_rates,manual
EUR_GBP-2025-12-27,2025-12-27,EUR_GBP,EUR,GBP,0.853382,manual_uploaded_rates,manual
EUR_USD-2025-12-27,2025-12-27,EUR_USD,EUR,USD,1.107365,manual_uploaded_rates,manual
USD_GBP-2025-12-27,2025-12-27,USD_GBP,USD,GBP,0.792426,manual_uploaded_rates,manual
GBP_EUR-2025-12-27,2025-12-27,GBP_EUR,GBP,EUR,1.198799,manual_uploaded_rates,manual
GBP_INR-2025-12-28,2025-12-28,GBP_INR,GBP,INR,110.2044,manual_uploaded_rates,manual
USD_INR-2025-12-28,2025-12-28,USD_INR,USD,INR,84.8594,manual_uploaded_rates,manual
EUR_INR-2025-12-28,2025-12-28,EUR_INR,EUR,INR,93.3484,manual_uploaded_rates,manual
GBP_USD-2025-12-28,2025-12-28,GBP_USD,GBP,USD,1.311473,manual_uploaded_rates,manual
EUR_GBP-2025-12-28,2025-12-28,EUR_GBP,EUR,GBP,0.853982,manual_uploaded_rates,manual
EUR_USD-2025-12-28,2025-12-28,EUR_USD,EUR,USD,1.108144,manual_uploaded_rates,manual
USD_GBP-2025-12-28,2025-12-28,USD_GBP,USD,GBP,0.792983,manual_uploaded_rates,manual
GBP_EUR-2025-12-28,2025-12-28,GBP_EUR,GBP,EUR,1.199642,manual_uploaded_rates,manual
GBP_INR-2025-12-29,2025-12-29,GBP_INR,GBP,INR,110.2762,manual_uploaded_rates,manual
USD_INR-2025-12-29,2025-12-29,USD_INR,USD,INR,84.9147,manual_uploaded_rates,manual
EUR_INR-2025-12-29,2025-12-29,EUR_INR,EUR,INR,93.4092,manual_uploaded_rates,manual
GBP_USD-2025-12-29,2025-12-29,GBP_USD,GBP,USD,1.312328,manual_uploaded_rates,manual
EUR_GBP-2025-12-29,2025-12-29,EUR_GBP,EUR,GBP,0.854539,manual_uploaded_rates,manual
EUR_USD-2025-12-29,2025-12-29,EUR_USD,EUR,USD,1.108866,manual_uploaded_rates,manual
USD_GBP-2025-12-29,2025-12-29,USD_GBP,USD,GBP,0.7935,manual_uploaded_rates,manual
GBP_EUR-2025-12-29,2025-12-29,GBP_EUR,GBP,EUR,1.200424,manual_uploaded_rates,manual
GBP_INR-2025-12-30,2025-12-30,GBP_INR,GBP,INR,110.3417,manual_uploaded_rates,manual
USD_INR-2025-12-30,2025-12-30,USD_INR,USD,INR,84.9651,manual_uploaded_rates,manual
EUR_INR-2025-12-30,2025-12-30,EUR_INR,EUR,INR,93.4647,manual_uploaded_rates,manual
GBP_USD-2025-12-30,2025-12-30,GBP_USD,GBP,USD,1.313106,manual_uploaded_rates,manual
EUR_GBP-2025-12-30,2025-12-30,EUR_GBP,EUR,GBP,0.855046,manual_uploaded_rates,manual
EUR_USD-2025-12-30,2025-12-30,EUR_USD,EUR,USD,1.109524,manual_uploaded_rates,manual
USD_GBP-2025-12-30,2025-12-30,USD_GBP,USD,GBP,0.793971,manual_uploaded_rates,manual
GBP_EUR-2025-12-30,2025-12-30,GBP_EUR,GBP,EUR,1.201136,manual_uploaded_rates,manual
GBP_INR-2025-12-31,2025-12-31,GBP_INR,GBP,INR,110.4,manual_uploaded_rates,manual
USD_INR-2025-12-31,2025-12-31,USD_INR,USD,INR,85.01,manual_uploaded_rates,manual
EUR_INR-2025-12-31,2025-12-31,EUR_INR,EUR,INR,93.5141,manual_uploaded_rates,manual
GBP_USD-2025-12-31,2025-12-31,GBP_USD,GBP,USD,1.313801,manual_uploaded_rates,manual
EUR_GBP-2025-12-31,2025-12-31,EUR_GBP,EUR,GBP,0.855498,manual_uploaded_rates,manual
EUR_USD-2025-12-31,2025-12-31,EUR_USD,EUR,USD,1.110111,manual_uploaded_rates,manual
USD_GBP-2025-12-31,2025-12-31,USD_GBP,USD,GBP,0.794391,manual_uploaded_rates,manual
GBP_EUR-2025-12-31,2025-12-31,GBP_EUR,GBP,EUR,1.201771,manual_uploaded_rates,manual
GBP_INR-2026-01-01,2026-01-01,GBP_INR,GBP,INR,110.4507,manual_uploaded_rates,manual
USD_INR-2026-01-01,2026-01-01,USD_INR,USD,INR,85.0491,manual_uploaded_rates,manual
EUR_INR-2026-01-01,2026-01-01,EUR_INR,EUR,INR,93.557,manual_uploaded_rates,manual
GBP_USD-2026-01-01,2026-01-01,GBP_USD,GBP,USD,1.314404,manual_uploaded_rates,manual
EUR_GBP-2026-01-01,2026-01-01,EUR_GBP,EUR,GBP,0.855891,manual_uploaded_rates,manual
EUR_USD-2026-01-01,2026-01-01,EUR_USD,EUR,USD,1.11062,manual_uploaded_rates,manual
USD_GBP-2026-01-01,2026-01-01,USD_GBP,USD,GBP,0.794756,manual_uploaded_rates,manual
GBP_EUR-2026-01-01,2026-01-01,GBP_EUR,GBP,EUR,1.202323,manual_uploaded_rates,manual
GBP_INR-2026-01-02,2026-01-02,GBP_INR,GBP,INR,110.4932,manual_uploaded_rates,manual
USD_INR-2026-01-02,2026-01-02,USD_INR,USD,INR,85.0818,manual_uploaded_rates,manual
EUR_INR-2026-01-02,2026-01-02,EUR_INR,EUR,INR,93.5931,manual_uploaded_rates,manual
GBP_USD-2026-01-02,2026-01-02,GBP_USD,GBP,USD,1.31491,manual_uploaded_rates,manual
EUR_GBP-2026-01-02,2026-01-02,EUR_GBP,EUR,GBP,0.85622,manual_uploaded_rates,manual
EUR_USD-2026-01-02,2026-01-02,EUR_USD,EUR,USD,1.111048,manual_uploaded_rates,manual
USD_GBP-2026-01-02,2026-01-02,USD_GBP,USD,GBP,0.795062,manual_uploaded_rates,manual
GBP_EUR-2026-01-02,2026-01-02,GBP_EUR,GBP,EUR,1.202786,manual_uploaded_rates,manual
GBP_INR-2026-01-03,2026-01-03,GBP_INR,GBP,INR,110.5272,manual_uploaded_rates,manual
USD_INR-2026-01-03,2026-01-03,USD_INR,USD,INR,85.108,manual_uploaded_rates,manual
EUR_INR-2026-01-03,2026-01-03,EUR_INR,EUR,INR,93.6219,manual_uploaded_rates,manual
GBP_USD-2026-01-03,2026-01-03,GBP_USD,GBP,USD,1.315315,manual_uploaded_rates,manual
EUR_GBP-2026-01-03,2026-01-03,EUR_GBP,EUR,GBP,0.856484,manual_uploaded_rates,manual
EUR_USD-2026-01-03,2026-01-03,EUR_USD,EUR,USD,1.11139,manual_uploaded_rates,manual
USD_GBP-2026-01-03,2026-01-03,USD_GBP,USD,GBP,0.795307,manual_uploaded_rates,manual
GBP_EUR-2026-01-03,2026-01-03,GBP_EUR,GBP,EUR,1.203156,manual_uploaded_rates,manual
GBP_INR-2026-01-04,2026-01-04,GBP_INR,GBP,INR,110.5525,manual_uploaded_rates,manual
USD_INR-2026-01-04,2026-01-04,USD_INR,USD,INR,85.1275,manual_uploaded_rates,manual
EUR_INR-2026-01-04,2026-01-04,EUR_INR,EUR,INR,93.6433,manual_uploaded_rates,manual
GBP_USD-2026-01-04,2026-01-04,GBP_USD,GBP,USD,1.315616,manual_uploaded_rates,manual
EUR_GBP-2026-01-04,2026-01-04,EUR_GBP,EUR,GBP,0.85668,manual_uploaded_rates,manual
EUR_USD-2026-01-04,2026-01-04,EUR_USD,EUR,USD,1.111644,manual_uploaded_rates,manual
USD_GBP-2026-01-04,2026-01-04,USD_GBP,USD,GBP,0.795489,manual_uploaded_rates,manual
GBP_EUR-2026-01-04,2026-01-04,GBP_EUR,GBP,EUR,1.203431,manual_uploaded_rates,manual
GBP_INR-2026-01-05,2026-01-05,GBP_INR,GBP,INR,110.569,manual_uploaded_rates,manual
USD_INR-2026-01-05,2026-01-05,USD_INR,USD,INR,85.1402,manual_uploaded_rates,manual
EUR_INR-2026-01-05,2026-01-05,EUR_INR,EUR,INR,93.6573,manual_uploaded_rates,manual
GBP_USD-2026-01-05,2026-01-05,GBP_USD,GBP,USD,1.315812,manual_uploaded_rates,manual
EUR_GBP-2026-01-05,2026-01-05,EUR_GBP,EUR,GBP,0.856808,manual_uploaded_rates,manual
EUR_USD-2026-01-05,2026-01-05,EUR_USD,EUR,USD,1.11181,manual_uploaded_rates,manual
USD_GBP-2026-01-05,2026-01-05,USD_GBP,USD,GBP,0.795607,manual_uploaded_rates,manual
GBP_EUR-2026-01-05,2026-01-05,GBP_EUR,GBP,EUR,1.203611,manual_uploaded_rates,manual
GBP_INR-2026-01-06,2026-01-06,GBP_INR,GBP,INR,110.5768,manual_uploaded_rates,manual
USD_INR-2026-01-06,2026-01-06,USD_INR,USD,INR,85.1462,manual_uploaded_rates,manual
EUR_INR-2026-01-06,2026-01-06,EUR_INR,EUR,INR,93.6639,manual_uploaded_rates,manual
GBP_USD-2026-01-06,2026-01-06,GBP_USD,GBP,USD,1.315905,manual_uploaded_rates,manual
EUR_GBP-2026-01-06,2026-01-06,EUR_GBP,EUR,GBP,0.856868,manual_uploaded_rates,manual
EUR_USD-2026-01-06,2026-01-06,EUR_USD,EUR,USD,1.111889,manual_uploaded_rates,manual
USD_GBP-2026-01-06,2026-01-06,USD_GBP,USD,GBP,0.795663,manual_uploaded_rates,manual
GBP_EUR-2026-01-06,2026-01-06,GBP_EUR,GBP,EUR,1.203696,manual_uploaded_rates,manual
GBP_INR-2026-01-07,2026-01-07,GBP_INR,GBP,INR,110.5761,manual_uploaded_rates,manual
USD_INR-2026-01-07,2026-01-07,USD_INR,USD,INR,85.1456,manual_uploaded_rates,manual
EUR_INR-2026-01-07,2026-01-07,EUR_INR,EUR,INR,93.6632,manual_uploaded_rates,manual
GBP_USD-2026-01-07,2026-01-07,GBP_USD,GBP,USD,1.315896,manual_uploaded_rates,manual
EUR_GBP-2026-01-07,2026-01-07,EUR_GBP,EUR,GBP,0.856863,manual_uploaded_rates,manual
EUR_USD-2026-01-07,2026-01-07,EUR_USD,EUR,USD,1.111881,manual_uploaded_rates,manual
USD_GBP-2026-01-07,2026-01-07,USD_GBP,USD,GBP,0.795658,manual_uploaded_rates,manual
GBP_EUR-2026-01-07,2026-01-07,GBP_EUR,GBP,EUR,1.203688,manual_uploaded_rates,manual
GBP_INR-2026-01-08,2026-01-08,GBP_INR,GBP,INR,110.5672,manual_uploaded_rates,manual
USD_INR-2026-01-08,2026-01-08,USD_INR,USD,INR,85.1388,manual_uploaded_rates,manual
EUR_INR-2026-01-08,2026-01-08,EUR_INR,EUR,INR,93.6557,manual_uploaded_rates,manual
GBP_USD-2026-01-08,2026-01-08,GBP_USD,GBP,USD,1.31579,manual_uploaded_rates,manual
EUR_GBP-2026-01-08,2026-01-08,EUR_GBP,EUR,GBP,0.856794,manual_uploaded_rates,manual
EUR_USD-2026-01-08,2026-01-08,EUR_USD,EUR,USD,1.111792,manual_uploaded_rates,manual
USD_GBP-2026-01-08,2026-01-08,USD_GBP,USD,GBP,0.795594,manual_uploaded_rates,manual
GBP_EUR-2026-01-08,2026-01-08,GBP_EUR,GBP,EUR,1.203591,manual_uploaded_rates,manual
GBP_INR-2026-01-09,2026-01-09,GBP_INR,GBP,INR,110.5505,manual_uploaded_rates,manual
USD_INR-2026-01-09,2026-01-09,USD_INR,USD,INR,85.126,manual_uploaded_rates,manual
EUR_INR-2026-01-09,2026-01-09,EUR_INR,EUR,INR,93.6416,manual_uploaded_rates,manual
GBP_USD-2026-01-09,2026-01-09,GBP_USD,GBP,USD,1.315592,manual_uploaded_rates,manual
EUR_GBP-2026-01-09,2026-01-09,EUR_GBP,EUR,GBP,0.856665,manual_uploaded_rates,manual
EUR_USD-2026-01-09,2026-01-09,EUR_USD,EUR,USD,1.111624,manual_uploaded_rates,manual
USD_GBP-2026-01-09,2026-01-09,USD_GBP,USD,GBP,0.795474,manual_uploaded_rates,manual
GBP_EUR-2026-01-09,2026-01-09,GBP_EUR,GBP,EUR,1.20341,manual_uploaded_rates,manual
GBP_INR-2026-01-10,2026-01-10,GBP_INR,GBP,INR,110.5268,manual_uploaded_rates,manual
USD_INR-2026-01-10,2026-01-10,USD_INR,USD,INR,85.1076,manual_uploaded_rates,manual
EUR_INR-2026-01-10,2026-01-10,EUR_INR,EUR,INR,93.6215,manual_uploaded_rates,manual
GBP_USD-2026-01-10,2026-01-10,GBP_USD,GBP,USD,1.315309,manual_uploaded_rates,manual
EUR_GBP-2026-01-10,2026-01-10,EUR_GBP,EUR,GBP,0.85648,manual_uploaded_rates,manual
EUR_USD-2026-01-10,2026-01-10,EUR_USD,EUR,USD,1.111385,manual_uploaded_rates,manual
USD_GBP-2026-01-10,2026-01-10,USD_GBP,USD,GBP,0.795303,manual_uploaded_rates,manual
GBP_EUR-2026-01-10,2026-01-10,GBP_EUR,GBP,EUR,1.203151,manual_uploaded_rates,manual
GBP_INR-2026-01-11,2026-01-11,GBP_INR,GBP,INR,110.4965,manual_uploaded_rates,manual
USD_INR-2026-01-11,2026-01-11,USD_INR,USD,INR,85.0844,manual_uploaded_rates,manual
EUR_INR-2026-01-11,2026-01-11,EUR_INR,EUR,INR,93.5958,manual_uploaded_rates,manual
GBP_USD-2026-01-11,2026-01-11,GBP_USD,GBP,USD,1.314949,manual_uploaded_rates,manual
EUR_GBP-2026-01-11,2026-01-11,EUR_GBP,EUR,GBP,0.856246,manual_uploaded_rates,manual
EUR_USD-2026-01-11,2026-01-11,EUR_USD,EUR,USD,1.111081,manual_uploaded_rates,manual
USD_GBP-2026-01-11,2026-01-11,USD_GBP,USD,GBP,0.795086,manual_uploaded_rates,manual
GBP_EUR-2026-01-11,2026-01-11,GBP_EUR,GBP,EUR,1.202822,manual_uploaded_rates,manual
GBP_INR-2026-01-12,2026-01-12,GBP_INR,GBP,INR,110.4606,manual_uploaded_rates,manual
USD_INR-2026-01-12,2026-01-12,USD_INR,USD,INR,85.0567,manual_uploaded_rates,manual
EUR_INR-2026-01-12,2026-01-12,EUR_INR,EUR,INR,93.5654,manual_uploaded_rates,manual
GBP_USD-2026-01-12,2026-01-12,GBP_USD,GBP,USD,1.314521,manual_uploaded_rates,manual
EUR_GBP-2026-01-12,2026-01-12,EUR_GBP,EUR,GBP,0.855967,manual_uploaded_rates,manual
EUR_USD-2026-01-12,2026-01-12,EUR_USD,EUR,USD,1.11072,manual_uploaded_rates,manual
USD_GBP-2026-01-12,2026-01-12,USD_GBP,USD,GBP,0.794827,manual_uploaded_rates,manual
GBP_EUR-2026-01-12,2026-01-12,GBP_EUR,GBP,EUR,1.20243,manual_uploaded_rates,manual
GBP_INR-2026-01-13,2026-01-13,GBP_INR,GBP,INR,110.4197,manual_uploaded_rates,manual
USD_INR-2026-01-13,2026-01-13,USD_INR,USD,INR,85.0252,manual_uploaded_rates,manual
EUR_INR-2026-01-13,2026-01-13,EUR_INR,EUR,INR,93.5308,manual_uploaded_rates,manual
GBP_USD-2026-01-13,2026-01-13,GBP_USD,GBP,USD,1.314036,manual_uploaded_rates,manual
EUR_GBP-2026-01-13,2026-01-13,EUR_GBP,EUR,GBP,0.855651,manual_uploaded_rates,manual
EUR_USD-2026-01-13,2026-01-13,EUR_USD,EUR,USD,1.110309,manual_uploaded_rates,manual
USD_GBP-2026-01-13,2026-01-13,USD_GBP,USD,GBP,0.794533,manual_uploaded_rates,manual
GBP_EUR-2026-01-13,2026-01-13,GBP_EUR,GBP,EUR,1.201986,manual_uploaded_rates,manual
GBP_INR-2026-01-14,2026-01-14,GBP_INR,GBP,INR,110.375,manual_uploaded_rates,manual
USD_INR-2026-01-14,2026-01-14,USD_INR,USD,INR,84.9908,manual_uploaded_rates,manual
EUR_INR-2026-01-14,2026-01-14,EUR_INR,EUR,INR,93.4929,manual_uploaded_rates,manual
GBP_USD-2026-01-14,2026-01-14,GBP_USD,GBP,USD,1.313503,manual_uploaded_rates,manual
EUR_GBP-2026-01-14,2026-01-14,EUR_GBP,EUR,GBP,0.855304,manual_uploaded_rates,manual
EUR_USD-2026-01-14,2026-01-14,EUR_USD,EUR,USD,1.109859,manual_uploaded_rates,manual
USD_GBP-2026-01-14,2026-01-14,USD_GBP,USD,GBP,0.794211,manual_uploaded_rates,manual
GBP_EUR-2026-01-14,2026-01-14,GBP_EUR,GBP,EUR,1.201499,manual_uploaded_rates,manual
GBP_INR-2026-01-15,2026-01-15,GBP_INR,GBP,INR,110.3271,manual_uploaded_rates,manual
USD_INR-2026-01-15,2026-01-15,USD_INR,USD,INR,84.9539,manual_uploaded_rates,manual
EUR_INR-2026-01-15,2026-01-15,EUR_INR,EUR,INR,93.4524,manual_uploaded_rates,manual
GBP_USD-2026-01-15,2026-01-15,GBP_USD,GBP,USD,1.312934,manual_uploaded_rates,manual
EUR_GBP-2026-01-15,2026-01-15,EUR_GBP,EUR,GBP,0.854933,manual_uploaded_rates,manual
EUR_USD-2026-01-15,2026-01-15,EUR_USD,EUR,USD,1.109378,manual_uploaded_rates,manual
USD_GBP-2026-01-15,2026-01-15,USD_GBP,USD,GBP,0.793867,manual_uploaded_rates,manual
GBP_EUR-2026-01-15,2026-01-15,GBP_EUR,GBP,EUR,1.200978,manual_uploaded_rates,manual
GBP_INR-2026-01-16,2026-01-16,GBP_INR,GBP,INR,110.2772,manual_uploaded_rates,manual
USD_INR-2026-01-16,2026-01-16,USD_INR,USD,INR,84.9155,manual_uploaded_rates,manual
EUR_INR-2026-01-16,2026-01-16,EUR_INR,EUR,INR,93.4101,manual_uploaded_rates,manual
GBP_USD-2026-01-16,2026-01-16,GBP_USD,GBP,USD,1.312339,manual_uploaded_rates,manual
EUR_GBP-2026-01-16,2026-01-16,EUR_GBP,EUR,GBP,0.854547,manual_uploaded_rates,manual
EUR_USD-2026-01-16,2026-01-16,EUR_USD,EUR,USD,1.108876,manual_uploaded_rates,manual
USD_GBP-2026-01-16,2026-01-16,USD_GBP,USD,GBP,0.793508,manual_uploaded_rates,manual
GBP_EUR-2026-01-16,2026-01-16,GBP_EUR,GBP,EUR,1.200435,manual_uploaded_rates,manual
GBP_INR-2026-01-17,2026-01-17,GBP_INR,GBP,INR,110.2261,manual_uploaded_rates,manual
USD_INR-2026-01-17,2026-01-17,USD_INR,USD,INR,84.8762,manual_uploaded_rates,manual
EUR_INR-2026-01-17,2026-01-17,EUR_INR,EUR,INR,93.3668,manual_uploaded_rates,manual
GBP_USD-2026-01-17,2026-01-17,GBP_USD,GBP,USD,1.311732,manual_uploaded_rates,manual
EUR_GBP-2026-01-17,2026-01-17,EUR_GBP,EUR,GBP,0.854151,manual_uploaded_rates,manual
EUR_USD-2026-01-17,2026-01-17,EUR_USD,EUR,USD,1.108362,manual_uploaded_rates,manual
USD_GBP-2026-01-17,2026-01-17,USD_GBP,USD,GBP,0.79314,manual_uploaded_rates,manual
GBP_EUR-2026-01-17,2026-01-17,GBP_EUR,GBP,EUR,1.199879,manual_uploaded_rates,manual
GBP_INR-2026-01-18,2026-01-18,GBP_INR,GBP,INR,110.1748,manual_uploaded_rates,manual
USD_INR-2026-01-18,2026-01-18,USD_INR,USD,INR,84.8367,manual_uploaded_rates,manual
EUR_INR-2026-01-18,2026-01-18,EUR_INR,EUR,INR,93.3234,manual_uploaded_rates,manual
GBP_USD-2026-01-18,2026-01-18,GBP_USD,GBP,USD,1.311121,manual_uploaded_rates,manual
EUR_GBP-2026-01-18,2026-01-18,EUR_GBP,EUR,GBP,0.853753,manual_uploaded_rates,manual
EUR_USD-2026-01-18,2026-01-18,EUR_USD,EUR,USD,1.107847,manual_uploaded_rates,manual
USD_GBP-2026-01-18,2026-01-18,USD_GBP,USD,GBP,0.792771,manual_uploaded_rates,manual
GBP_EUR-2026-01-18,2026-01-18,GBP_EUR,GBP,EUR,1.19932,manual_uploaded_rates,manual
GBP_INR-2026-01-19,2026-01-19,GBP_INR,GBP,INR,110.1242,manual_uploaded_rates,manual
USD_INR-2026-01-19,2026-01-19,USD_INR,USD,INR,84.7977,manual_uploaded_rates,manual
EUR_INR-2026-01-19,2026-01-19,EUR_INR,EUR,INR,93.2805,manual_uploaded_rates,manual
GBP_USD-2026-01-19,2026-01-19,GBP_USD,GBP,USD,1.310518,manual_uploaded_rates,manual
EUR_GBP-2026-01-19,2026-01-19,EUR_GBP,EUR,GBP,0.853361,manual_uploaded_rates,manual
EUR_USD-2026-01-19,2026-01-19,EUR_USD,EUR,USD,1.107337,manual_uploaded_rates,manual
USD_GBP-2026-01-19,2026-01-19,USD_GBP,USD,GBP,0.792407,manual_uploaded_rates,manual
GBP_EUR-2026-01-19,2026-01-19,GBP_EUR,GBP,EUR,1.198769,manual_uploaded_rates,manual
GBP_INR-2026-01-20,2026-01-20,GBP_INR,GBP,INR,110.075,manual_uploaded_rates,manual
USD_INR-2026-01-20,2026-01-20,USD_INR,USD,INR,84.7598,manual_uploaded_rates,manual
EUR_INR-2026-01-20,2026-01-20,EUR_INR,EUR,INR,93.2388,manual_uploaded_rates,manual
GBP_USD-2026-01-20,2026-01-20,GBP_USD,GBP,USD,1.309934,manual_uploaded_rates,manual
EUR_GBP-2026-01-20,2026-01-20,EUR_GBP,EUR,GBP,0.85298,manual_uploaded_rates,manual
EUR_USD-2026-01-20,2026-01-20,EUR_USD,EUR,USD,1.106843,manual_uploaded_rates,manual
USD_GBP-2026-01-20,2026-01-20,USD_GBP,USD,GBP,0.792053,manual_uploaded_rates,manual
GBP_EUR-2026-01-20,2026-01-20,GBP_EUR,GBP,EUR,1.198234,manual_uploaded_rates,manual
GBP_INR-2026-01-21,2026-01-21,GBP_INR,GBP,INR,110.0281,manual_uploaded_rates,manual
USD_INR-2026-01-21,2026-01-21,USD_INR,USD,INR,84.7237,manual_uploaded_rates,manual
EUR_INR-2026-01-21,2026-01-21,EUR_INR,EUR,INR,93.1991,manual_uploaded_rates,manual
GBP_USD-2026-01-21,2026-01-21,GBP_USD,GBP,USD,1.309375,manual_uploaded_rates,manual
EUR_GBP-2026-01-21,2026-01-21,EUR_GBP,EUR,GBP,0.852616,manual_uploaded_rates,manual
EUR_USD-2026-01-21,2026-01-21,EUR_USD,EUR,USD,1.106371,manual_uploaded_rates,manual
USD_GBP-2026-01-21,2026-01-21,USD_GBP,USD,GBP,0.791715,manual_uploaded_rates,manual
GBP_EUR-2026-01-21,2026-01-21,GBP_EUR,GBP,EUR,1.197723,manual_uploaded_rates,manual
GBP_INR-2026-01-22,2026-01-22,GBP_INR,GBP,INR,109.9841,manual_uploaded_rates,manual
USD_INR-2026-01-22,2026-01-22,USD_INR,USD,INR,84.6898,manual_uploaded_rates,manual
EUR_INR-2026-01-22,2026-01-22,EUR_INR,EUR,INR,93.1618,manual_uploaded_rates,manual
GBP_USD-2026-01-22,2026-01-22,GBP_USD,GBP,USD,1.308852,manual_uploaded_rates,manual
EUR_GBP-2026-01-22,2026-01-22,EUR_GBP,EUR,GBP,0.852275,manual_uploaded_rates,manual
EUR_USD-2026-01-22,2026-01-22,EUR_USD,EUR,USD,1.105929,manual_uploaded_rates,manual
USD_GBP-2026-01-22,2026-01-22,USD_GBP,USD,GBP,0.791399,manual_uploaded_rates,manual
GBP_EUR-2026-01-22,2026-01-22,GBP_EUR,GBP,EUR,1.197244,manual_uploaded_rates,manual
GBP_INR-2026-01-23,2026-01-23,GBP_INR,GBP,INR,109.9436,manual_uploaded_rates,manual
USD_INR-2026-01-23,2026-01-23,USD_INR,USD,INR,84.6586,manual_uploaded_rates,manual
EUR_INR-2026-01-23,2026-01-23,EUR_INR,EUR,INR,93.1275,manual_uploaded_rates,manual
GBP_USD-2026-01-23,2026-01-23,GBP_USD,GBP,USD,1.308369,manual_uploaded_rates,manual
EUR_GBP-2026-01-23,2026-01-23,EUR_GBP,EUR,GBP,0.851961,manual_uploaded_rates,manual
EUR_USD-2026-01-23,2026-01-23,EUR_USD,EUR,USD,1.105521,manual_uploaded_rates,manual
USD_GBP-2026-01-23,2026-01-23,USD_GBP,USD,GBP,0.791107,manual_uploaded_rates,manual
GBP_EUR-2026-01-23,2026-01-23,GBP_EUR,GBP,EUR,1.196803,manual_uploaded_rates,manual
GBP_INR-2026-01-24,2026-01-24,GBP_INR,GBP,INR,109.907,manual_uploaded_rates,manual
USD_INR-2026-01-24,2026-01-24,USD_INR,USD,INR,84.6304,manual_uploaded_rates,manual
EUR_INR-2026-01-24,2026-01-24,EUR_INR,EUR,INR,93.0965,manual_uploaded_rates,manual
GBP_USD-2026-01-24,2026-01-24,GBP_USD,GBP,USD,1.307934,manual_uploaded_rates,manual
EUR_GBP-2026-01-24,2026-01-24,EUR_GBP,EUR,GBP,0.851678,manual_uploaded_rates,manual
EUR_USD-2026-01-24,2026-01-24,EUR_USD,EUR,USD,1.105153,manual_uploaded_rates,manual
USD_GBP-2026-01-24,2026-01-24,USD_GBP,USD,GBP,0.790844,manual_uploaded_rates,manual
GBP_EUR-2026-01-24,2026-01-24,GBP_EUR,GBP,EUR,1.196405,manual_uploaded_rates,manual
GBP_INR-2026-01-25,2026-01-25,GBP_INR,GBP,INR,109.8747,manual_uploaded_rates,manual
USD_INR-2026-01-25,2026-01-25,USD_INR,USD,INR,84.6055,manual_uploaded_rates,manual
EUR_INR-2026-01-25,2026-01-25,EUR_INR,EUR,INR,93.0691,manual_uploaded_rates,manual
GBP_USD-2026-01-25,2026-01-25,GBP_USD,GBP,USD,1.307549,manual_uploaded_rates,manual
EUR_GBP-2026-01-25,2026-01-25,EUR_GBP,EUR,GBP,0.851427,manual_uploaded_rates,manual
EUR_USD-2026-01-25,2026-01-25,EUR_USD,EUR,USD,1.104828,manual_uploaded_rates,manual
USD_GBP-2026-01-25,2026-01-25,USD_GBP,USD,GBP,0.790611,manual_uploaded_rates,manual
GBP_EUR-2026-01-25,2026-01-25,GBP_EUR,GBP,EUR,1.196053,manual_uploaded_rates,manual
GBP_INR-2026-01-26,2026-01-26,GBP_INR,GBP,INR,109.8468,manual_uploaded_rates,manual
USD_INR-2026-01-26,2026-01-26,USD_INR,USD,INR,84.5841,manual_uploaded_rates,manual
EUR_INR-2026-01-26,2026-01-26,EUR_INR,EUR,INR,93.0455,manual_uploaded_rates,manual
GBP_USD-2026-01-26,2026-01-26,GBP_USD,GBP,USD,1.307217,manual_uploaded_rates,manual
EUR_GBP-2026-01-26,2026-01-26,EUR_GBP,EUR,GBP,0.851211,manual_uploaded_rates,manual
EUR_USD-2026-01-26,2026-01-26,EUR_USD,EUR,USD,1.104548,manual_uploaded_rates,manual
USD_GBP-2026-01-26,2026-01-26,USD_GBP,USD,GBP,0.79041,manual_uploaded_rates,manual
GBP_EUR-2026-01-26,2026-01-26,GBP_EUR,GBP,EUR,1.195749,manual_uploaded_rates,manual
GBP_INR-2026-01-27,2026-01-27,GBP_INR,GBP,INR,109.8235,manual_uploaded_rates,manual
USD_INR-2026-01-27,2026-01-27,USD_INR,USD,INR,84.5661,manual_uploaded_rates,manual
EUR_INR-2026-01-27,2026-01-27,EUR_INR,EUR,INR,93.0257,manual_uploaded_rates,manual
GBP_USD-2026-01-27,2026-01-27,GBP_USD,GBP,USD,1.30694,manual_uploaded_rates,manual
EUR_GBP-2026-01-27,2026-01-27,EUR_GBP,EUR,GBP,0.851031,manual_uploaded_rates,manual
EUR_USD-2026-01-27,2026-01-27,EUR_USD,EUR,USD,1.104313,manual_uploaded_rates,manual
USD_GBP-2026-01-27,2026-01-27,USD_GBP,USD,GBP,0.790243,manual_uploaded_rates,manual
GBP_EUR-2026-01-27,2026-01-27,GBP_EUR,GBP,EUR,1.195495,manual_uploaded_rates,manual
GBP_INR-2026-01-28,2026-01-28,GBP_INR,GBP,INR,109.8047,manual_uploaded_rates,manual
USD_INR-2026-01-28,2026-01-28,USD_INR,USD,INR,84.5516,manual_uploaded_rates,manual
EUR_INR-2026-01-28,2026-01-28,EUR_INR,EUR,INR,93.0098,manual_uploaded_rates,manual
GBP_USD-2026-01-28,2026-01-28,GBP_USD,GBP,USD,1.306716,manual_uploaded_rates,manual
EUR_GBP-2026-01-28,2026-01-28,EUR_GBP,EUR,GBP,0.850885,manual_uploaded_rates,manual
EUR_USD-2026-01-28,2026-01-28,EUR_USD,EUR,USD,1.104124,manual_uploaded_rates,manual
USD_GBP-2026-01-28,2026-01-28,USD_GBP,USD,GBP,0.790107,manual_uploaded_rates,manual
GBP_EUR-2026-01-28,2026-01-28,GBP_EUR,GBP,EUR,1.195291,manual_uploaded_rates,manual
GBP_INR-2026-01-29,2026-01-29,GBP_INR,GBP,INR,109.7902,manual_uploaded_rates,manual
USD_INR-2026-01-29,2026-01-29,USD_INR,USD,INR,84.5404,manual_uploaded_rates,manual
EUR_INR-2026-01-29,2026-01-29,EUR_INR,EUR,INR,92.9975,manual_uploaded_rates,manual
GBP_USD-2026-01-29,2026-01-29,GBP_USD,GBP,USD,1.306543,manual_uploaded_rates,manual
EUR_GBP-2026-01-29,2026-01-29,EUR_GBP,EUR,GBP,0.850772,manual_uploaded_rates,manual
EUR_USD-2026-01-29,2026-01-29,EUR_USD,EUR,USD,1.103979,manual_uploaded_rates,manual
USD_GBP-2026-01-29,2026-01-29,USD_GBP,USD,GBP,0.790003,manual_uploaded_rates,manual
GBP_EUR-2026-01-29,2026-01-29,GBP_EUR,GBP,EUR,1.195133,manual_uploaded_rates,manual
GBP_INR-2026-01-30,2026-01-30,GBP_INR,GBP,INR,109.7797,manual_uploaded_rates,manual
USD_INR-2026-01-30,2026-01-30,USD_INR,USD,INR,84.5324,manual_uploaded_rates,manual
EUR_INR-2026-01-30,2026-01-30,EUR_INR,EUR,INR,92.9887,manual_uploaded_rates,manual
GBP_USD-2026-01-30,2026-01-30,GBP_USD,GBP,USD,1.306419,manual_uploaded_rates,manual
EUR_GBP-2026-01-30,2026-01-30,EUR_GBP,EUR,GBP,0.850691,manual_uploaded_rates,manual
EUR_USD-2026-01-30,2026-01-30,EUR_USD,EUR,USD,1.103873,manual_uploaded_rates,manual
USD_GBP-2026-01-30,2026-01-30,USD_GBP,USD,GBP,0.789928,manual_uploaded_rates,manual
GBP_EUR-2026-01-30,2026-01-30,GBP_EUR,GBP,EUR,1.195019,manual_uploaded_rates,manual
GBP_INR-2026-01-31,2026-01-31,GBP_INR,GBP,INR,109.7728,manual_uploaded_rates,manual
USD_INR-2026-01-31,2026-01-31,USD_INR,USD,INR,84.5271,manual_uploaded_rates,manual
EUR_INR-2026-01-31,2026-01-31,EUR_INR,EUR,INR,92.9829,manual_uploaded_rates,manual
GBP_USD-2026-01-31,2026-01-31,GBP_USD,GBP,USD,1.306337,manual_uploaded_rates,manual
EUR_GBP-2026-01-31,2026-01-31,EUR_GBP,EUR,GBP,0.850638,manual_uploaded_rates,manual
EUR_USD-2026-01-31,2026-01-31,EUR_USD,EUR,USD,1.103804,manual_uploaded_rates,manual
USD_GBP-2026-01-31,2026-01-31,USD_GBP,USD,GBP,0.789878,manual_uploaded_rates,manual
GBP_EUR-2026-01-31,2026-01-31,GBP_EUR,GBP,EUR,1.194944,manual_uploaded_rates,manual
GBP_INR-2026-02-01,2026-02-01,GBP_INR,GBP,INR,109.7691,manual_uploaded_rates,manual
USD_INR-2026-02-01,2026-02-01,USD_INR,USD,INR,84.5242,manual_uploaded_rates,manual
EUR_INR-2026-02-01,2026-02-01,EUR_INR,EUR,INR,92.9797,manual_uploaded_rates,manual
GBP_USD-2026-02-01,2026-02-01,GBP_USD,GBP,USD,1.306293,manual_uploaded_rates,manual
EUR_GBP-2026-02-01,2026-02-01,EUR_GBP,EUR,GBP,0.850609,manual_uploaded_rates,manual
EUR_USD-2026-02-01,2026-02-01,EUR_USD,EUR,USD,1.103767,manual_uploaded_rates,manual
USD_GBP-2026-02-01,2026-02-01,USD_GBP,USD,GBP,0.789851,manual_uploaded_rates,manual
GBP_EUR-2026-02-01,2026-02-01,GBP_EUR,GBP,EUR,1.194903,manual_uploaded_rates,manual
GBP_INR-2026-02-02,2026-02-02,GBP_INR,GBP,INR,109.7678,manual_uploaded_rates,manual
USD_INR-2026-02-02,2026-02-02,USD_INR,USD,INR,84.5232,manual_uploaded_rates,manual
EUR_INR-2026-02-02,2026-02-02,EUR_INR,EUR,INR,92.9786,manual_uploaded_rates,manual
GBP_USD-2026-02-02,2026-02-02,GBP_USD,GBP,USD,1.306278,manual_uploaded_rates,manual
EUR_GBP-2026-02-02,2026-02-02,EUR_GBP,EUR,GBP,0.850599,manual_uploaded_rates,manual
EUR_USD-2026-02-02,2026-02-02,EUR_USD,EUR,USD,1.103754,manual_uploaded_rates,manual
USD_GBP-2026-02-02,2026-02-02,USD_GBP,USD,GBP,0.789842,manual_uploaded_rates,manual
GBP_EUR-2026-02-02,2026-02-02,GBP_EUR,GBP,EUR,1.19489,manual_uploaded_rates,manual
GBP_INR-2026-02-03,2026-02-03,GBP_INR,GBP,INR,109.7684,manual_uploaded_rates,manual
USD_INR-2026-02-03,2026-02-03,USD_INR,USD,INR,84.5237,manual_uploaded_rates,manual
EUR_INR-2026-02-03,2026-02-03,EUR_INR,EUR,INR,92.9791,manual_uploaded_rates,manual
GBP_USD-2026-02-03,2026-02-03,GBP_USD,GBP,USD,1.306284,manual_uploaded_rates,manual
EUR_GBP-2026-02-03,2026-02-03,EUR_GBP,EUR,GBP,0.850604,manual_uploaded_rates,manual
EUR_USD-2026-02-03,2026-02-03,EUR_USD,EUR,USD,1.103759,manual_uploaded_rates,manual
USD_GBP-2026-02-03,2026-02-03,USD_GBP,USD,GBP,0.789846,manual_uploaded_rates,manual
GBP_EUR-2026-02-03,2026-02-03,GBP_EUR,GBP,EUR,1.194895,manual_uploaded_rates,manual
GBP_INR-2026-02-04,2026-02-04,GBP_INR,GBP,INR,109.77,manual_uploaded_rates,manual
USD_INR-2026-02-04,2026-02-04,USD_INR,USD,INR,84.5249,manual_uploaded_rates,manual
EUR_INR-2026-02-04,2026-02-04,EUR_INR,EUR,INR,92.9804,manual_uploaded_rates,manual
GBP_USD-2026-02-04,2026-02-04,GBP_USD,GBP,USD,1.306303,manual_uploaded_rates,manual
EUR_GBP-2026-02-04,2026-02-04,EUR_GBP,EUR,GBP,0.850616,manual_uploaded_rates,manual
EUR_USD-2026-02-04,2026-02-04,EUR_USD,EUR,USD,1.103775,manual_uploaded_rates,manual
USD_GBP-2026-02-04,2026-02-04,USD_GBP,USD,GBP,0.789858,manual_uploaded_rates,manual
GBP_EUR-2026-02-04,2026-02-04,GBP_EUR,GBP,EUR,1.194913,manual_uploaded_rates,manual
GBP_INR-2026-02-05,2026-02-05,GBP_INR,GBP,INR,109.7718,manual_uploaded_rates,manual
USD_INR-2026-02-05,2026-02-05,USD_INR,USD,INR,84.5263,manual_uploaded_rates,manual
EUR_INR-2026-02-05,2026-02-05,EUR_INR,EUR,INR,92.982,manual_uploaded_rates,manual
GBP_USD-2026-02-05,2026-02-05,GBP_USD,GBP,USD,1.306325,manual_uploaded_rates,manual
EUR_GBP-2026-02-05,2026-02-05,EUR_GBP,EUR,GBP,0.85063,manual_uploaded_rates,manual
EUR_USD-2026-02-05,2026-02-05,EUR_USD,EUR,USD,1.103794,manual_uploaded_rates,manual
USD_GBP-2026-02-05,2026-02-05,USD_GBP,USD,GBP,0.789871,manual_uploaded_rates,manual
GBP_EUR-2026-02-05,2026-02-05,GBP_EUR,GBP,EUR,1.194933,manual_uploaded_rates,manual
GBP_INR-2026-02-06,2026-02-06,GBP_INR,GBP,INR,109.7731,manual_uploaded_rates,manual
USD_INR-2026-02-06,2026-02-06,USD_INR,USD,INR,84.5273,manual_uploaded_rates,manual
EUR_INR-2026-02-06,2026-02-06,EUR_INR,EUR,INR,92.9831,manual_uploaded_rates,manual
GBP_USD-2026-02-06,2026-02-06,GBP_USD,GBP,USD,1.306341,manual_uploaded_rates,manual
EUR_GBP-2026-02-06,2026-02-06,EUR_GBP,EUR,GBP,0.85064,manual_uploaded_rates,manual
EUR_USD-2026-02-06,2026-02-06,EUR_USD,EUR,USD,1.103807,manual_uploaded_rates,manual
USD_GBP-2026-02-06,2026-02-06,USD_GBP,USD,GBP,0.78988,manual_uploaded_rates,manual
GBP_EUR-2026-02-06,2026-02-06,GBP_EUR,GBP,EUR,1.194947,manual_uploaded_rates,manual
GBP_INR-2026-02-07,2026-02-07,GBP_INR,GBP,INR,109.773,manual_uploaded_rates,manual
USD_INR-2026-02-07,2026-02-07,USD_INR,USD,INR,84.5273,manual_uploaded_rates,manual
EUR_INR-2026-02-07,2026-02-07,EUR_INR,EUR,INR,92.983,manual_uploaded_rates,manual
GBP_USD-2026-02-07,2026-02-07,GBP_USD,GBP,USD,1.30634,manual_uploaded_rates,manual
EUR_GBP-2026-02-07,2026-02-07,EUR_GBP,EUR,GBP,0.85064,manual_uploaded_rates,manual
EUR_USD-2026-02-07,2026-02-07,EUR_USD,EUR,USD,1.103806,manual_uploaded_rates,manual
USD_GBP-2026-02-07,2026-02-07,USD_GBP,USD,GBP,0.78988,manual_uploaded_rates,manual
GBP_EUR-2026-02-07,2026-02-07,GBP_EUR,GBP,EUR,1.194946,manual_uploaded_rates,manual
GBP_INR-2026-02-08,2026-02-08,GBP_INR,GBP,INR,109.7707,manual_uploaded_rates,manual
USD_INR-2026-02-08,2026-02-08,USD_INR,USD,INR,84.5255,manual_uploaded_rates,manual
EUR_INR-2026-02-08,2026-02-08,EUR_INR,EUR,INR,92.9811,manual_uploaded_rates,manual
GBP_USD-2026-02-08,2026-02-08,GBP_USD,GBP,USD,1.306312,manual_uploaded_rates,manual
EUR_GBP-2026-02-08,2026-02-08,EUR_GBP,EUR,GBP,0.850622,manual_uploaded_rates,manual
EUR_USD-2026-02-08,2026-02-08,EUR_USD,EUR,USD,1.103783,manual_uploaded_rates,manual
USD_GBP-2026-02-08,2026-02-08,USD_GBP,USD,GBP,0.789863,manual_uploaded_rates,manual
GBP_EUR-2026-02-08,2026-02-08,GBP_EUR,GBP,EUR,1.194921,manual_uploaded_rates,manual
GBP_INR-2026-02-09,2026-02-09,GBP_INR,GBP,INR,109.7654,manual_uploaded_rates,manual
USD_INR-2026-02-09,2026-02-09,USD_INR,USD,INR,84.5214,manual_uploaded_rates,manual
EUR_INR-2026-02-09,2026-02-09,EUR_INR,EUR,INR,92.9766,manual_uploaded_rates,manual
GBP_USD-2026-02-09,2026-02-09,GBP_USD,GBP,USD,1.306249,manual_uploaded_rates,manual
EUR_GBP-2026-02-09,2026-02-09,EUR_GBP,EUR,GBP,0.850581,manual_uploaded_rates,manual
EUR_USD-2026-02-09,2026-02-09,EUR_USD,EUR,USD,1.10373,manual_uploaded_rates,manual
USD_GBP-2026-02-09,2026-02-09,USD_GBP,USD,GBP,0.789825,manual_uploaded_rates,manual
GBP_EUR-2026-02-09,2026-02-09,GBP_EUR,GBP,EUR,1.194864,manual_uploaded_rates,manual
GBP_INR-2026-02-10,2026-02-10,GBP_INR,GBP,INR,109.7564,manual_uploaded_rates,manual
USD_INR-2026-02-10,2026-02-10,USD_INR,USD,INR,84.5145,manual_uploaded_rates,manual
EUR_INR-2026-02-10,2026-02-10,EUR_INR,EUR,INR,92.969,manual_uploaded_rates,manual
GBP_USD-2026-02-10,2026-02-10,GBP_USD,GBP,USD,1.306142,manual_uploaded_rates,manual
EUR_GBP-2026-02-10,2026-02-10,EUR_GBP,EUR,GBP,0.850511,manual_uploaded_rates,manual
EUR_USD-2026-02-10,2026-02-10,EUR_USD,EUR,USD,1.103639,manual_uploaded_rates,manual
USD_GBP-2026-02-10,2026-02-10,USD_GBP,USD,GBP,0.78976,manual_uploaded_rates,manual
GBP_EUR-2026-02-10,2026-02-10,GBP_EUR,GBP,EUR,1.194765,manual_uploaded_rates,manual
GBP_INR-2026-02-11,2026-02-11,GBP_INR,GBP,INR,109.743,manual_uploaded_rates,manual
USD_INR-2026-02-11,2026-02-11,USD_INR,USD,INR,84.5041,manual_uploaded_rates,manual
EUR_INR-2026-02-11,2026-02-11,EUR_INR,EUR,INR,92.9576,manual_uploaded_rates,manual
GBP_USD-2026-02-11,2026-02-11,GBP_USD,GBP,USD,1.305982,manual_uploaded_rates,manual
EUR_GBP-2026-02-11,2026-02-11,EUR_GBP,EUR,GBP,0.850407,manual_uploaded_rates,manual
EUR_USD-2026-02-11,2026-02-11,EUR_USD,EUR,USD,1.103504,manual_uploaded_rates,manual
USD_GBP-2026-02-11,2026-02-11,USD_GBP,USD,GBP,0.789663,manual_uploaded_rates,manual
GBP_EUR-2026-02-11,2026-02-11,GBP_EUR,GBP,EUR,1.194619,manual_uploaded_rates,manual
GBP_INR-2026-02-12,2026-02-12,GBP_INR,GBP,INR,109.7245,manual_uploaded_rates,manual
USD_INR-2026-02-12,2026-02-12,USD_INR,USD,INR,84.4899,manual_uploaded_rates,manual
EUR_INR-2026-02-12,2026-02-12,EUR_INR,EUR,INR,92.9419,manual_uploaded_rates,manual
GBP_USD-2026-02-12,2026-02-12,GBP_USD,GBP,USD,1.305762,manual_uploaded_rates,manual
EUR_GBP-2026-02-12,2026-02-12,EUR_GBP,EUR,GBP,0.850264,manual_uploaded_rates,manual
EUR_USD-2026-02-12,2026-02-12,EUR_USD,EUR,USD,1.103318,manual_uploaded_rates,manual
USD_GBP-2026-02-12,2026-02-12,USD_GBP,USD,GBP,0.789531,manual_uploaded_rates,manual
GBP_EUR-2026-02-12,2026-02-12,GBP_EUR,GBP,EUR,1.194418,manual_uploaded_rates,manual
GBP_INR-2026-02-13,2026-02-13,GBP_INR,GBP,INR,109.7005,manual_uploaded_rates,manual
USD_INR-2026-02-13,2026-02-13,USD_INR,USD,INR,84.4714,manual_uploaded_rates,manual
EUR_INR-2026-02-13,2026-02-13,EUR_INR,EUR,INR,92.9216,manual_uploaded_rates,manual
GBP_USD-2026-02-13,2026-02-13,GBP_USD,GBP,USD,1.305477,manual_uploaded_rates,manual
EUR_GBP-2026-02-13,2026-02-13,EUR_GBP,EUR,GBP,0.850078,manual_uploaded_rates,manual
EUR_USD-2026-02-13,2026-02-13,EUR_USD,EUR,USD,1.103077,manual_uploaded_rates,manual
USD_GBP-2026-02-13,2026-02-13,USD_GBP,USD,GBP,0.789358,manual_uploaded_rates,manual
GBP_EUR-2026-02-13,2026-02-13,GBP_EUR,GBP,EUR,1.194157,manual_uploaded_rates,manual
GBP_INR-2026-02-14,2026-02-14,GBP_INR,GBP,INR,109.6706,manual_uploaded_rates,manual
USD_INR-2026-02-14,2026-02-14,USD_INR,USD,INR,84.4484,manual_uploaded_rates,manual
EUR_INR-2026-02-14,2026-02-14,EUR_INR,EUR,INR,92.8962,manual_uploaded_rates,manual
GBP_USD-2026-02-14,2026-02-14,GBP_USD,GBP,USD,1.30512,manual_uploaded_rates,manual
EUR_GBP-2026-02-14,2026-02-14,EUR_GBP,EUR,GBP,0.849846,manual_uploaded_rates,manual
EUR_USD-2026-02-14,2026-02-14,EUR_USD,EUR,USD,1.102776,manual_uploaded_rates,manual
USD_GBP-2026-02-14,2026-02-14,USD_GBP,USD,GBP,0.789143,manual_uploaded_rates,manual
GBP_EUR-2026-02-14,2026-02-14,GBP_EUR,GBP,EUR,1.193831,manual_uploaded_rates,manual
GBP_INR-2026-02-15,2026-02-15,GBP_INR,GBP,INR,109.6344,manual_uploaded_rates,manual
USD_INR-2026-02-15,2026-02-15,USD_INR,USD,INR,84.4205,manual_uploaded_rates,manual
EUR_INR-2026-02-15,2026-02-15,EUR_INR,EUR,INR,92.8656,manual_uploaded_rates,manual
GBP_USD-2026-02-15,2026-02-15,GBP_USD,GBP,USD,1.30469,manual_uploaded_rates,manual
EUR_GBP-2026-02-15,2026-02-15,EUR_GBP,EUR,GBP,0.849566,manual_uploaded_rates,manual
EUR_USD-2026-02-15,2026-02-15,EUR_USD,EUR,USD,1.102413,manual_uploaded_rates,manual
USD_GBP-2026-02-15,2026-02-15,USD_GBP,USD,GBP,0.788883,manual_uploaded_rates,manual
GBP_EUR-2026-02-15,2026-02-15,GBP_EUR,GBP,EUR,1.193438,manual_uploaded_rates,manual
GBP_INR-2026-02-16,2026-02-16,GBP_INR,GBP,INR,109.5919,manual_uploaded_rates,manual
USD_INR-2026-02-16,2026-02-16,USD_INR,USD,INR,84.3878,manual_uploaded_rates,manual
EUR_INR-2026-02-16,2026-02-16,EUR_INR,EUR,INR,92.8296,manual_uploaded_rates,manual
GBP_USD-2026-02-16,2026-02-16,GBP_USD,GBP,USD,1.304184,manual_uploaded_rates,manual
EUR_GBP-2026-02-16,2026-02-16,EUR_GBP,EUR,GBP,0.849236,manual_uploaded_rates,manual
EUR_USD-2026-02-16,2026-02-16,EUR_USD,EUR,USD,1.101985,manual_uploaded_rates,manual
USD_GBP-2026-02-16,2026-02-16,USD_GBP,USD,GBP,0.788577,manual_uploaded_rates,manual
GBP_EUR-2026-02-16,2026-02-16,GBP_EUR,GBP,EUR,1.192975,manual_uploaded_rates,manual
GBP_INR-2026-02-17,2026-02-17,GBP_INR,GBP,INR,109.543,manual_uploaded_rates,manual
USD_INR-2026-02-17,2026-02-17,USD_INR,USD,INR,84.3501,manual_uploaded_rates,manual
EUR_INR-2026-02-17,2026-02-17,EUR_INR,EUR,INR,92.7882,manual_uploaded_rates,manual
GBP_USD-2026-02-17,2026-02-17,GBP_USD,GBP,USD,1.303602,manual_uploaded_rates,manual
EUR_GBP-2026-02-17,2026-02-17,EUR_GBP,EUR,GBP,0.848857,manual_uploaded_rates,manual
EUR_USD-2026-02-17,2026-02-17,EUR_USD,EUR,USD,1.101493,manual_uploaded_rates,manual
USD_GBP-2026-02-17,2026-02-17,USD_GBP,USD,GBP,0.788224,manual_uploaded_rates,manual
GBP_EUR-2026-02-17,2026-02-17,GBP_EUR,GBP,EUR,1.192442,manual_uploaded_rates,manual
GBP_INR-2026-02-18,2026-02-18,GBP_INR,GBP,INR,109.4877,manual_uploaded_rates,manual
USD_INR-2026-02-18,2026-02-18,USD_INR,USD,INR,84.3076,manual_uploaded_rates,manual
EUR_INR-2026-02-18,2026-02-18,EUR_INR,EUR,INR,92.7413,manual_uploaded_rates,manual
GBP_USD-2026-02-18,2026-02-18,GBP_USD,GBP,USD,1.302944,manual_uploaded_rates,manual
EUR_GBP-2026-02-18,2026-02-18,EUR_GBP,EUR,GBP,0.848429,manual_uploaded_rates,manual
EUR_USD-2026-02-18,2026-02-18,EUR_USD,EUR,USD,1.100937,manual_uploaded_rates,manual
USD_GBP-2026-02-18,2026-02-18,USD_GBP,USD,GBP,0.787827,manual_uploaded_rates,manual
GBP_EUR-2026-02-18,2026-02-18,GBP_EUR,GBP,EUR,1.19184,manual_uploaded_rates,manual
GBP_INR-2026-02-19,2026-02-19,GBP_INR,GBP,INR,109.4263,manual_uploaded_rates,manual
USD_INR-2026-02-19,2026-02-19,USD_INR,USD,INR,84.2603,manual_uploaded_rates,manual
EUR_INR-2026-02-19,2026-02-19,EUR_INR,EUR,INR,92.6894,manual_uploaded_rates,manual
GBP_USD-2026-02-19,2026-02-19,GBP_USD,GBP,USD,1.302214,manual_uploaded_rates,manual
EUR_GBP-2026-02-19,2026-02-19,EUR_GBP,EUR,GBP,0.847953,manual_uploaded_rates,manual
EUR_USD-2026-02-19,2026-02-19,EUR_USD,EUR,USD,1.10032,manual_uploaded_rates,manual
USD_GBP-2026-02-19,2026-02-19,USD_GBP,USD,GBP,0.787385,manual_uploaded_rates,manual
GBP_EUR-2026-02-19,2026-02-19,GBP_EUR,GBP,EUR,1.191172,manual_uploaded_rates,manual
GBP_INR-2026-02-20,2026-02-20,GBP_INR,GBP,INR,109.3592,manual_uploaded_rates,manual
USD_INR-2026-02-20,2026-02-20,USD_INR,USD,INR,84.2086,manual_uploaded_rates,manual
EUR_INR-2026-02-20,2026-02-20,EUR_INR,EUR,INR,92.6325,manual_uploaded_rates,manual
GBP_USD-2026-02-20,2026-02-20,GBP_USD,GBP,USD,1.301415,manual_uploaded_rates,manual
EUR_GBP-2026-02-20,2026-02-20,EUR_GBP,EUR,GBP,0.847433,manual_uploaded_rates,manual
EUR_USD-2026-02-20,2026-02-20,EUR_USD,EUR,USD,1.099645,manual_uploaded_rates,manual
USD_GBP-2026-02-20,2026-02-20,USD_GBP,USD,GBP,0.786902,manual_uploaded_rates,manual
GBP_EUR-2026-02-20,2026-02-20,GBP_EUR,GBP,EUR,1.190442,manual_uploaded_rates,manual
GBP_INR-2026-02-21,2026-02-21,GBP_INR,GBP,INR,109.2868,manual_uploaded_rates,manual
USD_INR-2026-02-21,2026-02-21,USD_INR,USD,INR,84.1529,manual_uploaded_rates,manual
EUR_INR-2026-02-21,2026-02-21,EUR_INR,EUR,INR,92.5712,manual_uploaded_rates,manual
GBP_USD-2026-02-21,2026-02-21,GBP_USD,GBP,USD,1.300554,manual_uploaded_rates,manual
EUR_GBP-2026-02-21,2026-02-21,EUR_GBP,EUR,GBP,0.846872,manual_uploaded_rates,manual
EUR_USD-2026-02-21,2026-02-21,EUR_USD,EUR,USD,1.098917,manual_uploaded_rates,manual
USD_GBP-2026-02-21,2026-02-21,USD_GBP,USD,GBP,0.786381,manual_uploaded_rates,manual
GBP_EUR-2026-02-21,2026-02-21,GBP_EUR,GBP,EUR,1.189654,manual_uploaded_rates,manual
GBP_INR-2026-02-22,2026-02-22,GBP_INR,GBP,INR,109.2097,manual_uploaded_rates,manual
USD_INR-2026-02-22,2026-02-22,USD_INR,USD,INR,84.0935,manual_uploaded_rates,manual
EUR_INR-2026-02-22,2026-02-22,EUR_INR,EUR,INR,92.5059,manual_uploaded_rates,manual
GBP_USD-2026-02-22,2026-02-22,GBP_USD,GBP,USD,1.299636,manual_uploaded_rates,manual
EUR_GBP-2026-02-22,2026-02-22,EUR_GBP,EUR,GBP,0.846275,manual_uploaded_rates,manual
EUR_USD-2026-02-22,2026-02-22,EUR_USD,EUR,USD,1.098142,manual_uploaded_rates,manual
USD_GBP-2026-02-22,2026-02-22,USD_GBP,USD,GBP,0.785827,manual_uploaded_rates,manual
GBP_EUR-2026-02-22,2026-02-22,GBP_EUR,GBP,EUR,1.188814,manual_uploaded_rates,manual
GBP_INR-2026-02-23,2026-02-23,GBP_INR,GBP,INR,109.1287,manual_uploaded_rates,manual
USD_INR-2026-02-23,2026-02-23,USD_INR,USD,INR,84.0311,manual_uploaded_rates,manual
EUR_INR-2026-02-23,2026-02-23,EUR_INR,EUR,INR,92.4372,manual_uploaded_rates,manual
GBP_USD-2026-02-23,2026-02-23,GBP_USD,GBP,USD,1.298671,manual_uploaded_rates,manual
EUR_GBP-2026-02-23,2026-02-23,EUR_GBP,EUR,GBP,0.845646,manual_uploaded_rates,manual
EUR_USD-2026-02-23,2026-02-23,EUR_USD,EUR,USD,1.097327,manual_uploaded_rates,manual
USD_GBP-2026-02-23,2026-02-23,USD_GBP,USD,GBP,0.785243,manual_uploaded_rates,manual
GBP_EUR-2026-02-23,2026-02-23,GBP_EUR,GBP,EUR,1.187932,manual_uploaded_rates,manual
GBP_INR-2026-02-24,2026-02-24,GBP_INR,GBP,INR,109.0443,manual_uploaded_rates,manual
USD_INR-2026-02-24,2026-02-24,USD_INR,USD,INR,83.9662,manual_uploaded_rates,manual
EUR_INR-2026-02-24,2026-02-24,EUR_INR,EUR,INR,92.3658,manual_uploaded_rates,manual
GBP_USD-2026-02-24,2026-02-24,GBP_USD,GBP,USD,1.297668,manual_uploaded_rates,manual
EUR_GBP-2026-02-24,2026-02-24,EUR_GBP,EUR,GBP,0.844993,manual_uploaded_rates,manual
EUR_USD-2026-02-24,2026-02-24,EUR_USD,EUR,USD,1.096479,manual_uploaded_rates,manual
USD_GBP-2026-02-24,2026-02-24,USD_GBP,USD,GBP,0.784636,manual_uploaded_rates,manual
GBP_EUR-2026-02-24,2026-02-24,GBP_EUR,GBP,EUR,1.187014,manual_uploaded_rates,manual
GBP_INR-2026-02-25,2026-02-25,GBP_INR,GBP,INR,108.9577,manual_uploaded_rates,manual
USD_INR-2026-02-25,2026-02-25,USD_INR,USD,INR,83.8994,manual_uploaded_rates,manual
EUR_INR-2026-02-25,2026-02-25,EUR_INR,EUR,INR,92.2924,manual_uploaded_rates,manual
GBP_USD-2026-02-25,2026-02-25,GBP_USD,GBP,USD,1.296636,manual_uploaded_rates,manual
EUR_GBP-2026-02-25,2026-02-25,EUR_GBP,EUR,GBP,0.844321,manual_uploaded_rates,manual
EUR_USD-2026-02-25,2026-02-25,EUR_USD,EUR,USD,1.095608,manual_uploaded_rates,manual
USD_GBP-2026-02-25,2026-02-25,USD_GBP,USD,GBP,0.784013,manual_uploaded_rates,manual
GBP_EUR-2026-02-25,2026-02-25,GBP_EUR,GBP,EUR,1.186071,manual_uploaded_rates,manual
GBP_INR-2026-02-26,2026-02-26,GBP_INR,GBP,INR,108.8696,manual_uploaded_rates,manual
USD_INR-2026-02-26,2026-02-26,USD_INR,USD,INR,83.8316,manual_uploaded_rates,manual
EUR_INR-2026-02-26,2026-02-26,EUR_INR,EUR,INR,92.2177,manual_uploaded_rates,manual
GBP_USD-2026-02-26,2026-02-26,GBP_USD,GBP,USD,1.295588,manual_uploaded_rates,manual
EUR_GBP-2026-02-26,2026-02-26,EUR_GBP,EUR,GBP,0.843639,manual_uploaded_rates,manual
EUR_USD-2026-02-26,2026-02-26,EUR_USD,EUR,USD,1.094722,manual_uploaded_rates,manual
USD_GBP-2026-02-26,2026-02-26,USD_GBP,USD,GBP,0.783379,manual_uploaded_rates,manual
GBP_EUR-2026-02-26,2026-02-26,GBP_EUR,GBP,EUR,1.185111,manual_uploaded_rates,manual
GBP_INR-2026-02-27,2026-02-27,GBP_INR,GBP,INR,108.7809,manual_uploaded_rates,manual
USD_INR-2026-02-27,2026-02-27,USD_INR,USD,INR,83.7633,manual_uploaded_rates,manual
EUR_INR-2026-02-27,2026-02-27,EUR_INR,EUR,INR,92.1427,manual_uploaded_rates,manual
GBP_USD-2026-02-27,2026-02-27,GBP_USD,GBP,USD,1.294533,manual_uploaded_rates,manual
EUR_GBP-2026-02-27,2026-02-27,EUR_GBP,EUR,GBP,0.842952,manual_uploaded_rates,manual
EUR_USD-2026-02-27,2026-02-27,EUR_USD,EUR,USD,1.093831,manual_uploaded_rates,manual
USD_GBP-2026-02-27,2026-02-27,USD_GBP,USD,GBP,0.782741,manual_uploaded_rates,manual
GBP_EUR-2026-02-27,2026-02-27,GBP_EUR,GBP,EUR,1.184147,manual_uploaded_rates,manual
GBP_INR-2026-02-28,2026-02-28,GBP_INR,GBP,INR,108.6928,manual_uploaded_rates,manual
USD_INR-2026-02-28,2026-02-28,USD_INR,USD,INR,83.6955,manual_uploaded_rates,manual
EUR_INR-2026-02-28,2026-02-28,EUR_INR,EUR,INR,92.068,manual_uploaded_rates,manual
GBP_USD-2026-02-28,2026-02-28,GBP_USD,GBP,USD,1.293485,manual_uploaded_rates,manual
EUR_GBP-2026-02-28,2026-02-28,EUR_GBP,EUR,GBP,0.842269,manual_uploaded_rates,manual
EUR_USD-2026-02-28,2026-02-28,EUR_USD,EUR,USD,1.092945,manual_uploaded_rates,manual
USD_GBP-2026-02-28,2026-02-28,USD_GBP,USD,GBP,0.782107,manual_uploaded_rates,manual
GBP_EUR-2026-02-28,2026-02-28,GBP_EUR,GBP,EUR,1.183188,manual_uploaded_rates,manual
GBP_INR-2026-03-01,2026-03-01,GBP_INR,GBP,INR,108.6062,manual_uploaded_rates,manual
USD_INR-2026-03-01,2026-03-01,USD_INR,USD,INR,83.6288,manual_uploaded_rates,manual
EUR_INR-2026-03-01,2026-03-01,EUR_INR,EUR,INR,91.9947,manual_uploaded_rates,manual
GBP_USD-2026-03-01,2026-03-01,GBP_USD,GBP,USD,1.292454,manual_uploaded_rates,manual
EUR_GBP-2026-03-01,2026-03-01,EUR_GBP,EUR,GBP,0.841598,manual_uploaded_rates,manual
EUR_USD-2026-03-01,2026-03-01,EUR_USD,EUR,USD,1.092074,manual_uploaded_rates,manual
USD_GBP-2026-03-01,2026-03-01,USD_GBP,USD,GBP,0.781484,manual_uploaded_rates,manual
GBP_EUR-2026-03-01,2026-03-01,GBP_EUR,GBP,EUR,1.182245,manual_uploaded_rates,manual
GBP_INR-2026-03-02,2026-03-02,GBP_INR,GBP,INR,108.5221,manual_uploaded_rates,manual
USD_INR-2026-03-02,2026-03-02,USD_INR,USD,INR,83.564,manual_uploaded_rates,manual
EUR_INR-2026-03-02,2026-03-02,EUR_INR,EUR,INR,91.9234,manual_uploaded_rates,manual
GBP_USD-2026-03-02,2026-03-02,GBP_USD,GBP,USD,1.291453,manual_uploaded_rates,manual
EUR_GBP-2026-03-02,2026-03-02,EUR_GBP,EUR,GBP,0.840946,manual_uploaded_rates,manual
EUR_USD-2026-03-02,2026-03-02,EUR_USD,EUR,USD,1.091227,manual_uploaded_rates,manual
USD_GBP-2026-03-02,2026-03-02,USD_GBP,USD,GBP,0.780878,manual_uploaded_rates,manual
GBP_EUR-2026-03-02,2026-03-02,GBP_EUR,GBP,EUR,1.181329,manual_uploaded_rates,manual
GBP_INR-2026-03-03,2026-03-03,GBP_INR,GBP,INR,108.4413,manual_uploaded_rates,manual
USD_INR-2026-03-03,2026-03-03,USD_INR,USD,INR,83.5018,manual_uploaded_rates,manual
EUR_INR-2026-03-03,2026-03-03,EUR_INR,EUR,INR,91.855,manual_uploaded_rates,manual
GBP_USD-2026-03-03,2026-03-03,GBP_USD,GBP,USD,1.290492,manual_uploaded_rates,manual
EUR_GBP-2026-03-03,2026-03-03,EUR_GBP,EUR,GBP,0.84032,manual_uploaded_rates,manual
EUR_USD-2026-03-03,2026-03-03,EUR_USD,EUR,USD,1.090415,manual_uploaded_rates,manual
USD_GBP-2026-03-03,2026-03-03,USD_GBP,USD,GBP,0.780297,manual_uploaded_rates,manual
GBP_EUR-2026-03-03,2026-03-03,GBP_EUR,GBP,EUR,1.18045,manual_uploaded_rates,manual
GBP_INR-2026-03-04,2026-03-04,GBP_INR,GBP,INR,108.3649,manual_uploaded_rates,manual
USD_INR-2026-03-04,2026-03-04,USD_INR,USD,INR,83.443,manual_uploaded_rates,manual
EUR_INR-2026-03-04,2026-03-04,EUR_INR,EUR,INR,91.7903,manual_uploaded_rates,manual
GBP_USD-2026-03-04,2026-03-04,GBP_USD,GBP,USD,1.289582,manual_uploaded_rates,manual
EUR_GBP-2026-03-04,2026-03-04,EUR_GBP,EUR,GBP,0.839728,manual_uploaded_rates,manual
EUR_USD-2026-03-04,2026-03-04,EUR_USD,EUR,USD,1.089647,manual_uploaded_rates,manual
USD_GBP-2026-03-04,2026-03-04,USD_GBP,USD,GBP,0.779747,manual_uploaded_rates,manual
GBP_EUR-2026-03-04,2026-03-04,GBP_EUR,GBP,EUR,1.179618,manual_uploaded_rates,manual
GBP_INR-2026-03-05,2026-03-05,GBP_INR,GBP,INR,108.2936,manual_uploaded_rates,manual
USD_INR-2026-03-05,2026-03-05,USD_INR,USD,INR,83.3881,manual_uploaded_rates,manual
EUR_INR-2026-03-05,2026-03-05,EUR_INR,EUR,INR,91.7299,manual_uploaded_rates,manual
GBP_USD-2026-03-05,2026-03-05,GBP_USD,GBP,USD,1.288734,manual_uploaded_rates,manual
EUR_GBP-2026-03-05,2026-03-05,EUR_GBP,EUR,GBP,0.839175,manual_uploaded_rates,manual
EUR_USD-2026-03-05,2026-03-05,EUR_USD,EUR,USD,1.08893,manual_uploaded_rates,manual
USD_GBP-2026-03-05,2026-03-05,USD_GBP,USD,GBP,0.779234,manual_uploaded_rates,manual
GBP_EUR-2026-03-05,2026-03-05,GBP_EUR,GBP,EUR,1.178842,manual_uploaded_rates,manual
GBP_INR-2026-03-06,2026-03-06,GBP_INR,GBP,INR,108.2282,manual_uploaded_rates,manual
USD_INR-2026-03-06,2026-03-06,USD_INR,USD,INR,83.3377,manual_uploaded_rates,manual
EUR_INR-2026-03-06,2026-03-06,EUR_INR,EUR,INR,91.6744,manual_uploaded_rates,manual
GBP_USD-2026-03-06,2026-03-06,GBP_USD,GBP,USD,1.287955,manual_uploaded_rates,manual
EUR_GBP-2026-03-06,2026-03-06,EUR_GBP,EUR,GBP,0.838668,manual_uploaded_rates,manual
EUR_USD-2026-03-06,2026-03-06,EUR_USD,EUR,USD,1.088272,manual_uploaded_rates,manual
USD_GBP-2026-03-06,2026-03-06,USD_GBP,USD,GBP,0.778764,manual_uploaded_rates,manual
GBP_EUR-2026-03-06,2026-03-06,GBP_EUR,GBP,EUR,1.178129,manual_uploaded_rates,manual
GBP_INR-2026-03-07,2026-03-07,GBP_INR,GBP,INR,108.1693,manual_uploaded_rates,manual
USD_INR-2026-03-07,2026-03-07,USD_INR,USD,INR,83.2923,manual_uploaded_rates,manual
EUR_INR-2026-03-07,2026-03-07,EUR_INR,EUR,INR,91.6246,manual_uploaded_rates,manual
GBP_USD-2026-03-07,2026-03-07,GBP_USD,GBP,USD,1.287254,manual_uploaded_rates,manual
EUR_GBP-2026-03-07,2026-03-07,EUR_GBP,EUR,GBP,0.838212,manual_uploaded_rates,manual
EUR_USD-2026-03-07,2026-03-07,EUR_USD,EUR,USD,1.08768,manual_uploaded_rates,manual
USD_GBP-2026-03-07,2026-03-07,USD_GBP,USD,GBP,0.77834,manual_uploaded_rates,manual
GBP_EUR-2026-03-07,2026-03-07,GBP_EUR,GBP,EUR,1.177488,manual_uploaded_rates,manual
GBP_INR-2026-03-08,2026-03-08,GBP_INR,GBP,INR,108.1175,manual_uploaded_rates,manual
USD_INR-2026-03-08,2026-03-08,USD_INR,USD,INR,83.2524,manual_uploaded_rates,manual
EUR_INR-2026-03-08,2026-03-08,EUR_INR,EUR,INR,91.5807,manual_uploaded_rates,manual
GBP_USD-2026-03-08,2026-03-08,GBP_USD,GBP,USD,1.286638,manual_uploaded_rates,manual
EUR_GBP-2026-03-08,2026-03-08,EUR_GBP,EUR,GBP,0.837811,manual_uploaded_rates,manual
EUR_USD-2026-03-08,2026-03-08,EUR_USD,EUR,USD,1.087159,manual_uploaded_rates,manual
USD_GBP-2026-03-08,2026-03-08,USD_GBP,USD,GBP,0.777967,manual_uploaded_rates,manual
GBP_EUR-2026-03-08,2026-03-08,GBP_EUR,GBP,EUR,1.176924,manual_uploaded_rates,manual
GBP_INR-2026-03-09,2026-03-09,GBP_INR,GBP,INR,108.0731,manual_uploaded_rates,manual
USD_INR-2026-03-09,2026-03-09,USD_INR,USD,INR,83.2183,manual_uploaded_rates,manual
EUR_INR-2026-03-09,2026-03-09,EUR_INR,EUR,INR,91.5431,manual_uploaded_rates,manual
GBP_USD-2026-03-09,2026-03-09,GBP_USD,GBP,USD,1.28611,manual_uploaded_rates,manual
EUR_GBP-2026-03-09,2026-03-09,EUR_GBP,EUR,GBP,0.837467,manual_uploaded_rates,manual
EUR_USD-2026-03-09,2026-03-09,EUR_USD,EUR,USD,1.086713,manual_uploaded_rates,manual
USD_GBP-2026-03-09,2026-03-09,USD_GBP,USD,GBP,0.777648,manual_uploaded_rates,manual
GBP_EUR-2026-03-09,2026-03-09,GBP_EUR,GBP,EUR,1.176442,manual_uploaded_rates,manual
GBP_INR-2026-03-10,2026-03-10,GBP_INR,GBP,INR,108.0366,manual_uploaded_rates,manual
USD_INR-2026-03-10,2026-03-10,USD_INR,USD,INR,83.1902,manual_uploaded_rates,manual
EUR_INR-2026-03-10,2026-03-10,EUR_INR,EUR,INR,91.5122,manual_uploaded_rates,manual
GBP_USD-2026-03-10,2026-03-10,GBP_USD,GBP,USD,1.285675,manual_uploaded_rates,manual
EUR_GBP-2026-03-10,2026-03-10,EUR_GBP,EUR,GBP,0.837184,manual_uploaded_rates,manual
EUR_USD-2026-03-10,2026-03-10,EUR_USD,EUR,USD,1.086346,manual_uploaded_rates,manual
USD_GBP-2026-03-10,2026-03-10,USD_GBP,USD,GBP,0.777385,manual_uploaded_rates,manual
GBP_EUR-2026-03-10,2026-03-10,GBP_EUR,GBP,EUR,1.176044,manual_uploaded_rates,manual
GBP_INR-2026-03-11,2026-03-11,GBP_INR,GBP,INR,108.0079,manual_uploaded_rates,manual
USD_INR-2026-03-11,2026-03-11,USD_INR,USD,INR,83.1681,manual_uploaded_rates,manual
EUR_INR-2026-03-11,2026-03-11,EUR_INR,EUR,INR,91.4879,manual_uploaded_rates,manual
GBP_USD-2026-03-11,2026-03-11,GBP_USD,GBP,USD,1.285334,manual_uploaded_rates,manual
EUR_GBP-2026-03-11,2026-03-11,EUR_GBP,EUR,GBP,0.836962,manual_uploaded_rates,manual
EUR_USD-2026-03-11,2026-03-11,EUR_USD,EUR,USD,1.086058,manual_uploaded_rates,manual
USD_GBP-2026-03-11,2026-03-11,USD_GBP,USD,GBP,0.777179,manual_uploaded_rates,manual
GBP_EUR-2026-03-11,2026-03-11,GBP_EUR,GBP,EUR,1.175732,manual_uploaded_rates,manual
GBP_INR-2026-03-12,2026-03-12,GBP_INR,GBP,INR,107.9873,manual_uploaded_rates,manual
USD_INR-2026-03-12,2026-03-12,USD_INR,USD,INR,83.1522,manual_uploaded_rates,manual
EUR_INR-2026-03-12,2026-03-12,EUR_INR,EUR,INR,91.4704,manual_uploaded_rates,manual
GBP_USD-2026-03-12,2026-03-12,GBP_USD,GBP,USD,1.285088,manual_uploaded_rates,manual
EUR_GBP-2026-03-12,2026-03-12,EUR_GBP,EUR,GBP,0.836802,manual_uploaded_rates,manual
EUR_USD-2026-03-12,2026-03-12,EUR_USD,EUR,USD,1.08585,manual_uploaded_rates,manual
USD_GBP-2026-03-12,2026-03-12,USD_GBP,USD,GBP,0.77703,manual_uploaded_rates,manual
GBP_EUR-2026-03-12,2026-03-12,GBP_EUR,GBP,EUR,1.175507,manual_uploaded_rates,manual
GBP_INR-2026-03-13,2026-03-13,GBP_INR,GBP,INR,107.9744,manual_uploaded_rates,manual
USD_INR-2026-03-13,2026-03-13,USD_INR,USD,INR,83.1423,manual_uploaded_rates,manual
EUR_INR-2026-03-13,2026-03-13,EUR_INR,EUR,INR,91.4595,manual_uploaded_rates,manual
GBP_USD-2026-03-13,2026-03-13,GBP_USD,GBP,USD,1.284936,manual_uploaded_rates,manual
EUR_GBP-2026-03-13,2026-03-13,EUR_GBP,EUR,GBP,0.836702,manual_uploaded_rates,manual
EUR_USD-2026-03-13,2026-03-13,EUR_USD,EUR,USD,1.085721,manual_uploaded_rates,manual
USD_GBP-2026-03-13,2026-03-13,USD_GBP,USD,GBP,0.776938,manual_uploaded_rates,manual
GBP_EUR-2026-03-13,2026-03-13,GBP_EUR,GBP,EUR,1.175367,manual_uploaded_rates,manual
GBP_INR-2026-03-14,2026-03-14,GBP_INR,GBP,INR,107.9692,manual_uploaded_rates,manual
USD_INR-2026-03-14,2026-03-14,USD_INR,USD,INR,83.1383,manual_uploaded_rates,manual
EUR_INR-2026-03-14,2026-03-14,EUR_INR,EUR,INR,91.4551,manual_uploaded_rates,manual
GBP_USD-2026-03-14,2026-03-14,GBP_USD,GBP,USD,1.284873,manual_uploaded_rates,manual
EUR_GBP-2026-03-14,2026-03-14,EUR_GBP,EUR,GBP,0.836662,manual_uploaded_rates,manual
EUR_USD-2026-03-14,2026-03-14,EUR_USD,EUR,USD,1.085668,manual_uploaded_rates,manual
USD_GBP-2026-03-14,2026-03-14,USD_GBP,USD,GBP,0.7769,manual_uploaded_rates,manual
GBP_EUR-2026-03-14,2026-03-14,GBP_EUR,GBP,EUR,1.17531,manual_uploaded_rates,manual
GBP_INR-2026-03-15,2026-03-15,GBP_INR,GBP,INR,107.9711,manual_uploaded_rates,manual
USD_INR-2026-03-15,2026-03-15,USD_INR,USD,INR,83.1398,manual_uploaded_rates,manual
EUR_INR-2026-03-15,2026-03-15,EUR_INR,EUR,INR,91.4567,manual_uploaded_rates,manual
GBP_USD-2026-03-15,2026-03-15,GBP_USD,GBP,USD,1.284896,manual_uploaded_rates,manual
EUR_GBP-2026-03-15,2026-03-15,EUR_GBP,EUR,GBP,0.836677,manual_uploaded_rates,manual
EUR_USD-2026-03-15,2026-03-15,EUR_USD,EUR,USD,1.085688,manual_uploaded_rates,manual
USD_GBP-2026-03-15,2026-03-15,USD_GBP,USD,GBP,0.776914,manual_uploaded_rates,manual
GBP_EUR-2026-03-15,2026-03-15,GBP_EUR,GBP,EUR,1.175331,manual_uploaded_rates,manual
GBP_INR-2026-03-16,2026-03-16,GBP_INR,GBP,INR,107.9798,manual_uploaded_rates,manual
USD_INR-2026-03-16,2026-03-16,USD_INR,USD,INR,83.1464,manual_uploaded_rates,manual
EUR_INR-2026-03-16,2026-03-16,EUR_INR,EUR,INR,91.464,manual_uploaded_rates,manual
GBP_USD-2026-03-16,2026-03-16,GBP_USD,GBP,USD,1.284999,manual_uploaded_rates,manual
EUR_GBP-2026-03-16,2026-03-16,EUR_GBP,EUR,GBP,0.836744,manual_uploaded_rates,manual
EUR_USD-2026-03-16,2026-03-16,EUR_USD,EUR,USD,1.085774,manual_uploaded_rates,manual
USD_GBP-2026-03-16,2026-03-16,USD_GBP,USD,GBP,0.776976,manual_uploaded_rates,manual
GBP_EUR-2026-03-16,2026-03-16,GBP_EUR,GBP,EUR,1.175425,manual_uploaded_rates,manual
GBP_INR-2026-03-17,2026-03-17,GBP_INR,GBP,INR,107.9945,manual_uploaded_rates,manual
USD_INR-2026-03-17,2026-03-17,USD_INR,USD,INR,83.1577,manual_uploaded_rates,manual
EUR_INR-2026-03-17,2026-03-17,EUR_INR,EUR,INR,91.4765,manual_uploaded_rates,manual
GBP_USD-2026-03-17,2026-03-17,GBP_USD,GBP,USD,1.285174,manual_uploaded_rates,manual
EUR_GBP-2026-03-17,2026-03-17,EUR_GBP,EUR,GBP,0.836858,manual_uploaded_rates,manual
EUR_USD-2026-03-17,2026-03-17,EUR_USD,EUR,USD,1.085922,manual_uploaded_rates,manual
USD_GBP-2026-03-17,2026-03-17,USD_GBP,USD,GBP,0.777082,manual_uploaded_rates,manual
GBP_EUR-2026-03-17,2026-03-17,GBP_EUR,GBP,EUR,1.175586,manual_uploaded_rates,manual
GBP_INR-2026-03-18,2026-03-18,GBP_INR,GBP,INR,108.0146,manual_uploaded_rates,manual
USD_INR-2026-03-18,2026-03-18,USD_INR,USD,INR,83.1732,manual_uploaded_rates,manual
EUR_INR-2026-03-18,2026-03-18,EUR_INR,EUR,INR,91.4935,manual_uploaded_rates,manual
GBP_USD-2026-03-18,2026-03-18,GBP_USD,GBP,USD,1.285413,manual_uploaded_rates,manual
EUR_GBP-2026-03-18,2026-03-18,EUR_GBP,EUR,GBP,0.837013,manual_uploaded_rates,manual
EUR_USD-2026-03-18,2026-03-18,EUR_USD,EUR,USD,1.086124,manual_uploaded_rates,manual
USD_GBP-2026-03-18,2026-03-18,USD_GBP,USD,GBP,0.777227,manual_uploaded_rates,manual
GBP_EUR-2026-03-18,2026-03-18,GBP_EUR,GBP,EUR,1.175804,manual_uploaded_rates,manual
GBP_INR-2026-03-19,2026-03-19,GBP_INR,GBP,INR,108.0392,manual_uploaded_rates,manual
USD_INR-2026-03-19,2026-03-19,USD_INR,USD,INR,83.1922,manual_uploaded_rates,manual
EUR_INR-2026-03-19,2026-03-19,EUR_INR,EUR,INR,91.5144,manual_uploaded_rates,manual
GBP_USD-2026-03-19,2026-03-19,GBP_USD,GBP,USD,1.285707,manual_uploaded_rates,manual
EUR_GBP-2026-03-19,2026-03-19,EUR_GBP,EUR,GBP,0.837204,manual_uploaded_rates,manual
EUR_USD-2026-03-19,2026-03-19,EUR_USD,EUR,USD,1.086372,manual_uploaded_rates,manual
USD_GBP-2026-03-19,2026-03-19,USD_GBP,USD,GBP,0.777404,manual_uploaded_rates,manual
GBP_EUR-2026-03-19,2026-03-19,GBP_EUR,GBP,EUR,1.176073,manual_uploaded_rates,manual
GBP_INR-2026-03-20,2026-03-20,GBP_INR,GBP,INR,108.0676,manual_uploaded_rates,manual
USD_INR-2026-03-20,2026-03-20,USD_INR,USD,INR,83.214,manual_uploaded_rates,manual
EUR_INR-2026-03-20,2026-03-20,EUR_INR,EUR,INR,91.5384,manual_uploaded_rates,manual
GBP_USD-2026-03-20,2026-03-20,GBP_USD,GBP,USD,1.286044,manual_uploaded_rates,manual
EUR_GBP-2026-03-20,2026-03-20,EUR_GBP,EUR,GBP,0.837424,manual_uploaded_rates,manual
EUR_USD-2026-03-20,2026-03-20,EUR_USD,EUR,USD,1.086658,manual_uploaded_rates,manual
USD_GBP-2026-03-20,2026-03-20,USD_GBP,USD,GBP,0.777608,manual_uploaded_rates,manual
GBP_EUR-2026-03-20,2026-03-20,GBP_EUR,GBP,EUR,1.176382,manual_uploaded_rates,manual
GBP_INR-2026-03-21,2026-03-21,GBP_INR,GBP,INR,108.0987,manual_uploaded_rates,manual
USD_INR-2026-03-21,2026-03-21,USD_INR,USD,INR,83.238,manual_uploaded_rates,manual
EUR_INR-2026-03-21,2026-03-21,EUR_INR,EUR,INR,91.5648,manual_uploaded_rates,manual
GBP_USD-2026-03-21,2026-03-21,GBP_USD,GBP,USD,1.286415,manual_uploaded_rates,manual
EUR_GBP-2026-03-21,2026-03-21,EUR_GBP,EUR,GBP,0.837665,manual_uploaded_rates,manual
EUR_USD-2026-03-21,2026-03-21,EUR_USD,EUR,USD,1.086971,manual_uploaded_rates,manual
USD_GBP-2026-03-21,2026-03-21,USD_GBP,USD,GBP,0.777832,manual_uploaded_rates,manual
GBP_EUR-2026-03-21,2026-03-21,GBP_EUR,GBP,EUR,1.176721,manual_uploaded_rates,manual
GBP_INR-2026-03-22,2026-03-22,GBP_INR,GBP,INR,108.1317,manual_uploaded_rates,manual
USD_INR-2026-03-22,2026-03-22,USD_INR,USD,INR,83.2634,manual_uploaded_rates,manual
EUR_INR-2026-03-22,2026-03-22,EUR_INR,EUR,INR,91.5927,manual_uploaded_rates,manual
GBP_USD-2026-03-22,2026-03-22,GBP_USD,GBP,USD,1.286807,manual_uploaded_rates,manual
EUR_GBP-2026-03-22,2026-03-22,EUR_GBP,EUR,GBP,0.837921,manual_uploaded_rates,manual
EUR_USD-2026-03-22,2026-03-22,EUR_USD,EUR,USD,1.087302,manual_uploaded_rates,manual
USD_GBP-2026-03-22,2026-03-22,USD_GBP,USD,GBP,0.778069,manual_uploaded_rates,manual
GBP_EUR-2026-03-22,2026-03-22,GBP_EUR,GBP,EUR,1.177079,manual_uploaded_rates,manual
GBP_INR-2026-03-23,2026-03-23,GBP_INR,GBP,INR,108.1655,manual_uploaded_rates,manual
USD_INR-2026-03-23,2026-03-23,USD_INR,USD,INR,83.2894,manual_uploaded_rates,manual
EUR_INR-2026-03-23,2026-03-23,EUR_INR,EUR,INR,91.6214,manual_uploaded_rates,manual
GBP_USD-2026-03-23,2026-03-23,GBP_USD,GBP,USD,1.287209,manual_uploaded_rates,manual
EUR_GBP-2026-03-23,2026-03-23,EUR_GBP,EUR,GBP,0.838183,manual_uploaded_rates,manual
EUR_USD-2026-03-23,2026-03-23,EUR_USD,EUR,USD,1.087642,manual_uploaded_rates,manual
USD_GBP-2026-03-23,2026-03-23,USD_GBP,USD,GBP,0.778313,manual_uploaded_rates,manual
GBP_EUR-2026-03-23,2026-03-23,GBP_EUR,GBP,EUR,1.177447,manual_uploaded_rates,manual
GBP_INR-2026-03-24,2026-03-24,GBP_INR,GBP,INR,108.1992,manual_uploaded_rates,manual
USD_INR-2026-03-24,2026-03-24,USD_INR,USD,INR,83.3154,manual_uploaded_rates,manual
EUR_INR-2026-03-24,2026-03-24,EUR_INR,EUR,INR,91.6499,manual_uploaded_rates,manual
GBP_USD-2026-03-24,2026-03-24,GBP_USD,GBP,USD,1.28761,manual_uploaded_rates,manual
EUR_GBP-2026-03-24,2026-03-24,EUR_GBP,EUR,GBP,0.838444,manual_uploaded_rates,manual
EUR_USD-2026-03-24,2026-03-24,EUR_USD,EUR,USD,1.087981,manual_uploaded_rates,manual
USD_GBP-2026-03-24,2026-03-24,USD_GBP,USD,GBP,0.778555,manual_uploaded_rates,manual
GBP_EUR-2026-03-24,2026-03-24,GBP_EUR,GBP,EUR,1.177814,manual_uploaded_rates,manual
GBP_INR-2026-03-25,2026-03-25,GBP_INR,GBP,INR,108.2318,manual_uploaded_rates,manual
USD_INR-2026-03-25,2026-03-25,USD_INR,USD,INR,83.3405,manual_uploaded_rates,manual
EUR_INR-2026-03-25,2026-03-25,EUR_INR,EUR,INR,91.6776,manual_uploaded_rates,manual
GBP_USD-2026-03-25,2026-03-25,GBP_USD,GBP,USD,1.287999,manual_uploaded_rates,manual
EUR_GBP-2026-03-25,2026-03-25,EUR_GBP,EUR,GBP,0.838697,manual_uploaded_rates,manual
EUR_USD-2026-03-25,2026-03-25,EUR_USD,EUR,USD,1.088309,manual_uploaded_rates,manual
USD_GBP-2026-03-25,2026-03-25,USD_GBP,USD,GBP,0.77879,manual_uploaded_rates,manual
GBP_EUR-2026-03-25,2026-03-25,GBP_EUR,GBP,EUR,1.17817,manual_uploaded_rates,manual
GBP_INR-2026-03-26,2026-03-26,GBP_INR,GBP,INR,108.2625,manual_uploaded_rates,manual
USD_INR-2026-03-26,2026-03-26,USD_INR,USD,INR,83.3641,manual_uploaded_rates,manual
EUR_INR-2026-03-26,2026-03-26,EUR_INR,EUR,INR,91.7035,manual_uploaded_rates,manual
GBP_USD-2026-03-26,2026-03-26,GBP_USD,GBP,USD,1.288364,manual_uploaded_rates,manual
EUR_GBP-2026-03-26,2026-03-26,EUR_GBP,EUR,GBP,0.838935,manual_uploaded_rates,manual
EUR_USD-2026-03-26,2026-03-26,EUR_USD,EUR,USD,1.088618,manual_uploaded_rates,manual
USD_GBP-2026-03-26,2026-03-26,USD_GBP,USD,GBP,0.779011,manual_uploaded_rates,manual
GBP_EUR-2026-03-26,2026-03-26,GBP_EUR,GBP,EUR,1.178503,manual_uploaded_rates,manual
GBP_INR-2026-03-27,2026-03-27,GBP_INR,GBP,INR,108.2904,manual_uploaded_rates,manual
USD_INR-2026-03-27,2026-03-27,USD_INR,USD,INR,83.3856,manual_uploaded_rates,manual
EUR_INR-2026-03-27,2026-03-27,EUR_INR,EUR,INR,91.7272,manual_uploaded_rates,manual
GBP_USD-2026-03-27,2026-03-27,GBP_USD,GBP,USD,1.288696,manual_uploaded_rates,manual
EUR_GBP-2026-03-27,2026-03-27,EUR_GBP,EUR,GBP,0.839151,manual_uploaded_rates,manual
EUR_USD-2026-03-27,2026-03-27,EUR_USD,EUR,USD,1.088898,manual_uploaded_rates,manual
USD_GBP-2026-03-27,2026-03-27,USD_GBP,USD,GBP,0.779211,manual_uploaded_rates,manual
GBP_EUR-2026-03-27,2026-03-27,GBP_EUR,GBP,EUR,1.178807,manual_uploaded_rates,manual
GBP_INR-2026-03-28,2026-03-28,GBP_INR,GBP,INR,108.3147,manual_uploaded_rates,manual
USD_INR-2026-03-28,2026-03-28,USD_INR,USD,INR,83.4043,manual_uploaded_rates,manual
EUR_INR-2026-03-28,2026-03-28,EUR_INR,EUR,INR,91.7477,manual_uploaded_rates,manual
GBP_USD-2026-03-28,2026-03-28,GBP_USD,GBP,USD,1.288985,manual_uploaded_rates,manual
EUR_GBP-2026-03-28,2026-03-28,EUR_GBP,EUR,GBP,0.839339,manual_uploaded_rates,manual
EUR_USD-2026-03-28,2026-03-28,EUR_USD,EUR,USD,1.089142,manual_uploaded_rates,manual
USD_GBP-2026-03-28,2026-03-28,USD_GBP,USD,GBP,0.779386,manual_uploaded_rates,manual
GBP_EUR-2026-03-28,2026-03-28,GBP_EUR,GBP,EUR,1.179071,manual_uploaded_rates,manual
GBP_INR-2026-03-29,2026-03-29,GBP_INR,GBP,INR,108.3347,manual_uploaded_rates,manual
USD_INR-2026-03-29,2026-03-29,USD_INR,USD,INR,83.4197,manual_uploaded_rates,manual
EUR_INR-2026-03-29,2026-03-29,EUR_INR,EUR,INR,91.7647,manual_uploaded_rates,manual
GBP_USD-2026-03-29,2026-03-29,GBP_USD,GBP,USD,1.289223,manual_uploaded_rates,manual
EUR_GBP-2026-03-29,2026-03-29,EUR_GBP,EUR,GBP,0.839494,manual_uploaded_rates,manual
EUR_USD-2026-03-29,2026-03-29,EUR_USD,EUR,USD,1.089344,manual_uploaded_rates,manual
USD_GBP-2026-03-29,2026-03-29,USD_GBP,USD,GBP,0.77953,manual_uploaded_rates,manual
GBP_EUR-2026-03-29,2026-03-29,GBP_EUR,GBP,EUR,1.179289,manual_uploaded_rates,manual
GBP_INR-2026-03-30,2026-03-30,GBP_INR,GBP,INR,108.3499,manual_uploaded_rates,manual
USD_INR-2026-03-30,2026-03-30,USD_INR,USD,INR,83.4314,manual_uploaded_rates,manual
EUR_INR-2026-03-30,2026-03-30,EUR_INR,EUR,INR,91.7776,manual_uploaded_rates,manual
GBP_USD-2026-03-30,2026-03-30,GBP_USD,GBP,USD,1.289404,manual_uploaded_rates,manual
EUR_GBP-2026-03-30,2026-03-30,EUR_GBP,EUR,GBP,0.839612,manual_uploaded_rates,manual
EUR_USD-2026-03-30,2026-03-30,EUR_USD,EUR,USD,1.089496,manual_uploaded_rates,manual
USD_GBP-2026-03-30,2026-03-30,USD_GBP,USD,GBP,0.77964,manual_uploaded_rates,manual
GBP_EUR-2026-03-30,2026-03-30,GBP_EUR,GBP,EUR,1.179455,manual_uploaded_rates,manual
GBP_INR-2026-03-31,2026-03-31,GBP_INR,GBP,INR,108.3598,manual_uploaded_rates,manual
USD_INR-2026-03-31,2026-03-31,USD_INR,USD,INR,83.4391,manual_uploaded_rates,manual
EUR_INR-2026-03-31,2026-03-31,EUR_INR,EUR,INR,91.786,manual_uploaded_rates,manual
GBP_USD-2026-03-31,2026-03-31,GBP_USD,GBP,USD,1.289522,manual_uploaded_rates,manual
EUR_GBP-2026-03-31,2026-03-31,EUR_GBP,EUR,GBP,0.839689,manual_uploaded_rates,manual
EUR_USD-2026-03-31,2026-03-31,EUR_USD,EUR,USD,1.089596,manual_uploaded_rates,manual
USD_GBP-2026-03-31,2026-03-31,USD_GBP,USD,GBP,0.779711,manual_uploaded_rates,manual
GBP_EUR-2026-03-31,2026-03-31,GBP_EUR,GBP,EUR,1.179563,manual_uploaded_rates,manual
GBP_INR-2026-04-01,2026-04-01,GBP_INR,GBP,INR,108.3641,manual_uploaded_rates,manual
USD_INR-2026-04-01,2026-04-01,USD_INR,USD,INR,83.4424,manual_uploaded_rates,manual
EUR_INR-2026-04-01,2026-04-01,EUR_INR,EUR,INR,91.7896,manual_uploaded_rates,manual
GBP_USD-2026-04-01,2026-04-01,GBP_USD,GBP,USD,1.289573,manual_uploaded_rates,manual
EUR_GBP-2026-04-01,2026-04-01,EUR_GBP,EUR,GBP,0.839722,manual_uploaded_rates,manual
EUR_USD-2026-04-01,2026-04-01,EUR_USD,EUR,USD,1.089639,manual_uploaded_rates,manual
USD_GBP-2026-04-01,2026-04-01,USD_GBP,USD,GBP,0.779742,manual_uploaded_rates,manual
GBP_EUR-2026-04-01,2026-04-01,GBP_EUR,GBP,EUR,1.179609,manual_uploaded_rates,manual
GBP_INR-2026-04-02,2026-04-02,GBP_INR,GBP,INR,108.3625,manual_uploaded_rates,manual
USD_INR-2026-04-02,2026-04-02,USD_INR,USD,INR,83.4411,manual_uploaded_rates,manual
EUR_INR-2026-04-02,2026-04-02,EUR_INR,EUR,INR,91.7883,manual_uploaded_rates,manual
GBP_USD-2026-04-02,2026-04-02,GBP_USD,GBP,USD,1.289554,manual_uploaded_rates,manual
EUR_GBP-2026-04-02,2026-04-02,EUR_GBP,EUR,GBP,0.83971,manual_uploaded_rates,manual
EUR_USD-2026-04-02,2026-04-02,EUR_USD,EUR,USD,1.089623,manual_uploaded_rates,manual
USD_GBP-2026-04-02,2026-04-02,USD_GBP,USD,GBP,0.77973,manual_uploaded_rates,manual
GBP_EUR-2026-04-02,2026-04-02,GBP_EUR,GBP,EUR,1.179592,manual_uploaded_rates,manual
GBP_INR-2026-04-03,2026-04-03,GBP_INR,GBP,INR,108.355,manual_uploaded_rates,manual
USD_INR-2026-04-03,2026-04-03,USD_INR,USD,INR,83.4354,manual_uploaded_rates,manual
EUR_INR-2026-04-03,2026-04-03,EUR_INR,EUR,INR,91.7819,manual_uploaded_rates,manual
GBP_USD-2026-04-03,2026-04-03,GBP_USD,GBP,USD,1.289465,manual_uploaded_rates,manual
EUR_GBP-2026-04-03,2026-04-03,EUR_GBP,EUR,GBP,0.839651,manual_uploaded_rates,manual
EUR_USD-2026-04-03,2026-04-03,EUR_USD,EUR,USD,1.089548,manual_uploaded_rates,manual
USD_GBP-2026-04-03,2026-04-03,USD_GBP,USD,GBP,0.779676,manual_uploaded_rates,manual
GBP_EUR-2026-04-03,2026-04-03,GBP_EUR,GBP,EUR,1.17951,manual_uploaded_rates,manual
GBP_INR-2026-04-04,2026-04-04,GBP_INR,GBP,INR,108.3416,manual_uploaded_rates,manual
USD_INR-2026-04-04,2026-04-04,USD_INR,USD,INR,83.4251,manual_uploaded_rates,manual
EUR_INR-2026-04-04,2026-04-04,EUR_INR,EUR,INR,91.7706,manual_uploaded_rates,manual
GBP_USD-2026-04-04,2026-04-04,GBP_USD,GBP,USD,1.289305,manual_uploaded_rates,manual
EUR_GBP-2026-04-04,2026-04-04,EUR_GBP,EUR,GBP,0.839548,manual_uploaded_rates,manual
EUR_USD-2026-04-04,2026-04-04,EUR_USD,EUR,USD,1.089413,manual_uploaded_rates,manual
USD_GBP-2026-04-04,2026-04-04,USD_GBP,USD,GBP,0.77958,manual_uploaded_rates,manual
GBP_EUR-2026-04-04,2026-04-04,GBP_EUR,GBP,EUR,1.179365,manual_uploaded_rates,manual
GBP_INR-2026-04-05,2026-04-05,GBP_INR,GBP,INR,108.3226,manual_uploaded_rates,manual
USD_INR-2026-04-05,2026-04-05,USD_INR,USD,INR,83.4104,manual_uploaded_rates,manual
EUR_INR-2026-04-05,2026-04-05,EUR_INR,EUR,INR,91.7544,manual_uploaded_rates,manual
GBP_USD-2026-04-05,2026-04-05,GBP_USD,GBP,USD,1.289078,manual_uploaded_rates,manual
EUR_GBP-2026-04-05,2026-04-05,EUR_GBP,EUR,GBP,0.8394,manual_uploaded_rates,manual
EUR_USD-2026-04-05,2026-04-05,EUR_USD,EUR,USD,1.089221,manual_uploaded_rates,manual
USD_GBP-2026-04-05,2026-04-05,USD_GBP,USD,GBP,0.779443,manual_uploaded_rates,manual
GBP_EUR-2026-04-05,2026-04-05,GBP_EUR,GBP,EUR,1.179157,manual_uploaded_rates,manual
GBP_INR-2026-04-06,2026-04-06,GBP_INR,GBP,INR,108.2981,manual_uploaded_rates,manual
USD_INR-2026-04-06,2026-04-06,USD_INR,USD,INR,83.3915,manual_uploaded_rates,manual
EUR_INR-2026-04-06,2026-04-06,EUR_INR,EUR,INR,91.7337,manual_uploaded_rates,manual
GBP_USD-2026-04-06,2026-04-06,GBP_USD,GBP,USD,1.288787,manual_uploaded_rates,manual
EUR_GBP-2026-04-06,2026-04-06,EUR_GBP,EUR,GBP,0.83921,manual_uploaded_rates,manual
EUR_USD-2026-04-06,2026-04-06,EUR_USD,EUR,USD,1.088975,manual_uploaded_rates,manual
USD_GBP-2026-04-06,2026-04-06,USD_GBP,USD,GBP,0.779267,manual_uploaded_rates,manual
GBP_EUR-2026-04-06,2026-04-06,GBP_EUR,GBP,EUR,1.17889,manual_uploaded_rates,manual
GBP_INR-2026-04-07,2026-04-07,GBP_INR,GBP,INR,108.2686,manual_uploaded_rates,manual
USD_INR-2026-04-07,2026-04-07,USD_INR,USD,INR,83.3688,manual_uploaded_rates,manual
EUR_INR-2026-04-07,2026-04-07,EUR_INR,EUR,INR,91.7087,manual_uploaded_rates,manual
GBP_USD-2026-04-07,2026-04-07,GBP_USD,GBP,USD,1.288437,manual_uploaded_rates,manual
EUR_GBP-2026-04-07,2026-04-07,EUR_GBP,EUR,GBP,0.838982,manual_uploaded_rates,manual
EUR_USD-2026-04-07,2026-04-07,EUR_USD,EUR,USD,1.088679,manual_uploaded_rates,manual
USD_GBP-2026-04-07,2026-04-07,USD_GBP,USD,GBP,0.779055,manual_uploaded_rates,manual
GBP_EUR-2026-04-07,2026-04-07,GBP_EUR,GBP,EUR,1.17857,manual_uploaded_rates,manual
GBP_INR-2026-04-08,2026-04-08,GBP_INR,GBP,INR,108.2348,manual_uploaded_rates,manual
USD_INR-2026-04-08,2026-04-08,USD_INR,USD,INR,83.3428,manual_uploaded_rates,manual
EUR_INR-2026-04-08,2026-04-08,EUR_INR,EUR,INR,91.68,manual_uploaded_rates,manual
GBP_USD-2026-04-08,2026-04-08,GBP_USD,GBP,USD,1.288033,manual_uploaded_rates,manual
EUR_GBP-2026-04-08,2026-04-08,EUR_GBP,EUR,GBP,0.838719,manual_uploaded_rates,manual
EUR_USD-2026-04-08,2026-04-08,EUR_USD,EUR,USD,1.088338,manual_uploaded_rates,manual
USD_GBP-2026-04-08,2026-04-08,USD_GBP,USD,GBP,0.778811,manual_uploaded_rates,manual
GBP_EUR-2026-04-08,2026-04-08,GBP_EUR,GBP,EUR,1.178201,manual_uploaded_rates,manual
GBP_INR-2026-04-09,2026-04-09,GBP_INR,GBP,INR,108.1971,manual_uploaded_rates,manual
USD_INR-2026-04-09,2026-04-09,USD_INR,USD,INR,83.3137,manual_uploaded_rates,manual
EUR_INR-2026-04-09,2026-04-09,EUR_INR,EUR,INR,91.6481,manual_uploaded_rates,manual
GBP_USD-2026-04-09,2026-04-09,GBP_USD,GBP,USD,1.287585,manual_uploaded_rates,manual
EUR_GBP-2026-04-09,2026-04-09,EUR_GBP,EUR,GBP,0.838427,manual_uploaded_rates,manual
EUR_USD-2026-04-09,2026-04-09,EUR_USD,EUR,USD,1.087959,manual_uploaded_rates,manual
USD_GBP-2026-04-09,2026-04-09,USD_GBP,USD,GBP,0.77854,manual_uploaded_rates,manual
GBP_EUR-2026-04-09,2026-04-09,GBP_EUR,GBP,EUR,1.177791,manual_uploaded_rates,manual
GBP_INR-2026-04-10,2026-04-10,GBP_INR,GBP,INR,108.1563,manual_uploaded_rates,manual
USD_INR-2026-04-10,2026-04-10,USD_INR,USD,INR,83.2823,manual_uploaded_rates,manual
EUR_INR-2026-04-10,2026-04-10,EUR_INR,EUR,INR,91.6136,manual_uploaded_rates,manual
GBP_USD-2026-04-10,2026-04-10,GBP_USD,GBP,USD,1.2871,manual_uploaded_rates,manual
EUR_GBP-2026-04-10,2026-04-10,EUR_GBP,EUR,GBP,0.838112,manual_uploaded_rates,manual
EUR_USD-2026-04-10,2026-04-10,EUR_USD,EUR,USD,1.087549,manual_uploaded_rates,manual
USD_GBP-2026-04-10,2026-04-10,USD_GBP,USD,GBP,0.778246,manual_uploaded_rates,manual
GBP_EUR-2026-04-10,2026-04-10,GBP_EUR,GBP,EUR,1.177347,manual_uploaded_rates,manual
GBP_INR-2026-04-11,2026-04-11,GBP_INR,GBP,INR,108.1132,manual_uploaded_rates,manual
USD_INR-2026-04-11,2026-04-11,USD_INR,USD,INR,83.2492,manual_uploaded_rates,manual
EUR_INR-2026-04-11,2026-04-11,EUR_INR,EUR,INR,91.5771,manual_uploaded_rates,manual
GBP_USD-2026-04-11,2026-04-11,GBP_USD,GBP,USD,1.286587,manual_uploaded_rates,manual
EUR_GBP-2026-04-11,2026-04-11,EUR_GBP,EUR,GBP,0.837778,manual_uploaded_rates,manual
EUR_USD-2026-04-11,2026-04-11,EUR_USD,EUR,USD,1.087116,manual_uploaded_rates,manual
USD_GBP-2026-04-11,2026-04-11,USD_GBP,USD,GBP,0.777936,manual_uploaded_rates,manual
GBP_EUR-2026-04-11,2026-04-11,GBP_EUR,GBP,EUR,1.176878,manual_uploaded_rates,manual
GBP_INR-2026-04-12,2026-04-12,GBP_INR,GBP,INR,108.0687,manual_uploaded_rates,manual
USD_INR-2026-04-12,2026-04-12,USD_INR,USD,INR,83.2149,manual_uploaded_rates,manual
EUR_INR-2026-04-12,2026-04-12,EUR_INR,EUR,INR,91.5393,manual_uploaded_rates,manual
GBP_USD-2026-04-12,2026-04-12,GBP_USD,GBP,USD,1.286057,manual_uploaded_rates,manual
EUR_GBP-2026-04-12,2026-04-12,EUR_GBP,EUR,GBP,0.837432,manual_uploaded_rates,manual
EUR_USD-2026-04-12,2026-04-12,EUR_USD,EUR,USD,1.086668,manual_uploaded_rates,manual
USD_GBP-2026-04-12,2026-04-12,USD_GBP,USD,GBP,0.777616,manual_uploaded_rates,manual
GBP_EUR-2026-04-12,2026-04-12,GBP_EUR,GBP,EUR,1.176393,manual_uploaded_rates,manual
GBP_INR-2026-04-13,2026-04-13,GBP_INR,GBP,INR,108.0235,manual_uploaded_rates,manual
USD_INR-2026-04-13,2026-04-13,USD_INR,USD,INR,83.1801,manual_uploaded_rates,manual
EUR_INR-2026-04-13,2026-04-13,EUR_INR,EUR,INR,91.5011,manual_uploaded_rates,manual
GBP_USD-2026-04-13,2026-04-13,GBP_USD,GBP,USD,1.285519,manual_uploaded_rates,manual
EUR_GBP-2026-04-13,2026-04-13,EUR_GBP,EUR,GBP,0.837082,manual_uploaded_rates,manual
EUR_USD-2026-04-13,2026-04-13,EUR_USD,EUR,USD,1.086214,manual_uploaded_rates,manual
USD_GBP-2026-04-13,2026-04-13,USD_GBP,USD,GBP,0.777291,manual_uploaded_rates,manual
GBP_EUR-2026-04-13,2026-04-13,GBP_EUR,GBP,EUR,1.175901,manual_uploaded_rates,manual
GBP_INR-2026-04-14,2026-04-14,GBP_INR,GBP,INR,107.9786,manual_uploaded_rates,manual
USD_INR-2026-04-14,2026-04-14,USD_INR,USD,INR,83.1455,manual_uploaded_rates,manual
EUR_INR-2026-04-14,2026-04-14,EUR_INR,EUR,INR,91.463,manual_uploaded_rates,manual
GBP_USD-2026-04-14,2026-04-14,GBP_USD,GBP,USD,1.284985,manual_uploaded_rates,manual
EUR_GBP-2026-04-14,2026-04-14,EUR_GBP,EUR,GBP,0.836734,manual_uploaded_rates,manual
EUR_USD-2026-04-14,2026-04-14,EUR_USD,EUR,USD,1.085762,manual_uploaded_rates,manual
USD_GBP-2026-04-14,2026-04-14,USD_GBP,USD,GBP,0.776968,manual_uploaded_rates,manual
GBP_EUR-2026-04-14,2026-04-14,GBP_EUR,GBP,EUR,1.175413,manual_uploaded_rates,manual
GBP_INR-2026-04-15,2026-04-15,GBP_INR,GBP,INR,107.9348,manual_uploaded_rates,manual
USD_INR-2026-04-15,2026-04-15,USD_INR,USD,INR,83.1118,manual_uploaded_rates,manual
EUR_INR-2026-04-15,2026-04-15,EUR_INR,EUR,INR,91.4259,manual_uploaded_rates,manual
GBP_USD-2026-04-15,2026-04-15,GBP_USD,GBP,USD,1.284464,manual_uploaded_rates,manual
EUR_GBP-2026-04-15,2026-04-15,EUR_GBP,EUR,GBP,0.836395,manual_uploaded_rates,manual
EUR_USD-2026-04-15,2026-04-15,EUR_USD,EUR,USD,1.085322,manual_uploaded_rates,manual
USD_GBP-2026-04-15,2026-04-15,USD_GBP,USD,GBP,0.776653,manual_uploaded_rates,manual
GBP_EUR-2026-04-15,2026-04-15,GBP_EUR,GBP,EUR,1.174936,manual_uploaded_rates,manual
GBP_INR-2026-04-16,2026-04-16,GBP_INR,GBP,INR,107.893,manual_uploaded_rates,manual
USD_INR-2026-04-16,2026-04-16,USD_INR,USD,INR,83.0796,manual_uploaded_rates,manual
EUR_INR-2026-04-16,2026-04-16,EUR_INR,EUR,INR,91.3905,manual_uploaded_rates,manual
GBP_USD-2026-04-16,2026-04-16,GBP_USD,GBP,USD,1.283967,manual_uploaded_rates,manual
EUR_GBP-2026-04-16,2026-04-16,EUR_GBP,EUR,GBP,0.836071,manual_uploaded_rates,manual
EUR_USD-2026-04-16,2026-04-16,EUR_USD,EUR,USD,1.084902,manual_uploaded_rates,manual
USD_GBP-2026-04-16,2026-04-16,USD_GBP,USD,GBP,0.776352,manual_uploaded_rates,manual
GBP_EUR-2026-04-16,2026-04-16,GBP_EUR,GBP,EUR,1.174481,manual_uploaded_rates,manual
GBP_INR-2026-04-17,2026-04-17,GBP_INR,GBP,INR,107.854,manual_uploaded_rates,manual
USD_INR-2026-04-17,2026-04-17,USD_INR,USD,INR,83.0496,manual_uploaded_rates,manual
EUR_INR-2026-04-17,2026-04-17,EUR_INR,EUR,INR,91.3575,manual_uploaded_rates,manual
GBP_USD-2026-04-17,2026-04-17,GBP_USD,GBP,USD,1.283502,manual_uploaded_rates,manual
EUR_GBP-2026-04-17,2026-04-17,EUR_GBP,EUR,GBP,0.835769,manual_uploaded_rates,manual
EUR_USD-2026-04-17,2026-04-17,EUR_USD,EUR,USD,1.08451,manual_uploaded_rates,manual
USD_GBP-2026-04-17,2026-04-17,USD_GBP,USD,GBP,0.776071,manual_uploaded_rates,manual
GBP_EUR-2026-04-17,2026-04-17,GBP_EUR,GBP,EUR,1.174056,manual_uploaded_rates,manual
GBP_INR-2026-04-18,2026-04-18,GBP_INR,GBP,INR,107.8185,manual_uploaded_rates,manual
USD_INR-2026-04-18,2026-04-18,USD_INR,USD,INR,83.0223,manual_uploaded_rates,manual
EUR_INR-2026-04-18,2026-04-18,EUR_INR,EUR,INR,91.3275,manual_uploaded_rates,manual
GBP_USD-2026-04-18,2026-04-18,GBP_USD,GBP,USD,1.28308,manual_uploaded_rates,manual
EUR_GBP-2026-04-18,2026-04-18,EUR_GBP,EUR,GBP,0.835494,manual_uploaded_rates,manual
EUR_USD-2026-04-18,2026-04-18,EUR_USD,EUR,USD,1.084153,manual_uploaded_rates,manual
USD_GBP-2026-04-18,2026-04-18,USD_GBP,USD,GBP,0.775816,manual_uploaded_rates,manual
GBP_EUR-2026-04-18,2026-04-18,GBP_EUR,GBP,EUR,1.17367,manual_uploaded_rates,manual
GBP_INR-2026-04-19,2026-04-19,GBP_INR,GBP,INR,107.7873,manual_uploaded_rates,manual
USD_INR-2026-04-19,2026-04-19,USD_INR,USD,INR,82.9982,manual_uploaded_rates,manual
EUR_INR-2026-04-19,2026-04-19,EUR_INR,EUR,INR,91.301,manual_uploaded_rates,manual
GBP_USD-2026-04-19,2026-04-19,GBP_USD,GBP,USD,1.282708,manual_uploaded_rates,manual
EUR_GBP-2026-04-19,2026-04-19,EUR_GBP,EUR,GBP,0.835252,manual_uploaded_rates,manual
EUR_USD-2026-04-19,2026-04-19,EUR_USD,EUR,USD,1.083839,manual_uploaded_rates,manual
USD_GBP-2026-04-19,2026-04-19,USD_GBP,USD,GBP,0.775591,manual_uploaded_rates,manual
GBP_EUR-2026-04-19,2026-04-19,GBP_EUR,GBP,EUR,1.17333,manual_uploaded_rates,manual
GBP_INR-2026-04-20,2026-04-20,GBP_INR,GBP,INR,107.7608,manual_uploaded_rates,manual
USD_INR-2026-04-20,2026-04-20,USD_INR,USD,INR,82.9778,manual_uploaded_rates,manual
EUR_INR-2026-04-20,2026-04-20,EUR_INR,EUR,INR,91.2786,manual_uploaded_rates,manual
GBP_USD-2026-04-20,2026-04-20,GBP_USD,GBP,USD,1.282393,manual_uploaded_rates,manual
EUR_GBP-2026-04-20,2026-04-20,EUR_GBP,EUR,GBP,0.835047,manual_uploaded_rates,manual
EUR_USD-2026-04-20,2026-04-20,EUR_USD,EUR,USD,1.083573,manual_uploaded_rates,manual
USD_GBP-2026-04-20,2026-04-20,USD_GBP,USD,GBP,0.775401,manual_uploaded_rates,manual
GBP_EUR-2026-04-20,2026-04-20,GBP_EUR,GBP,EUR,1.173042,manual_uploaded_rates,manual
GBP_INR-2026-04-21,2026-04-21,GBP_INR,GBP,INR,107.7396,manual_uploaded_rates,manual
USD_INR-2026-04-21,2026-04-21,USD_INR,USD,INR,82.9615,manual_uploaded_rates,manual
EUR_INR-2026-04-21,2026-04-21,EUR_INR,EUR,INR,91.2606,manual_uploaded_rates,manual
GBP_USD-2026-04-21,2026-04-21,GBP_USD,GBP,USD,1.282141,manual_uploaded_rates,manual
EUR_GBP-2026-04-21,2026-04-21,EUR_GBP,EUR,GBP,0.834882,manual_uploaded_rates,manual
EUR_USD-2026-04-21,2026-04-21,EUR_USD,EUR,USD,1.083359,manual_uploaded_rates,manual
USD_GBP-2026-04-21,2026-04-21,USD_GBP,USD,GBP,0.775248,manual_uploaded_rates,manual
GBP_EUR-2026-04-21,2026-04-21,GBP_EUR,GBP,EUR,1.172811,manual_uploaded_rates,manual
GBP_INR-2026-04-22,2026-04-22,GBP_INR,GBP,INR,107.724,manual_uploaded_rates,manual
USD_INR-2026-04-22,2026-04-22,USD_INR,USD,INR,82.9495,manual_uploaded_rates,manual
EUR_INR-2026-04-22,2026-04-22,EUR_INR,EUR,INR,91.2474,manual_uploaded_rates,manual
GBP_USD-2026-04-22,2026-04-22,GBP_USD,GBP,USD,1.281956,manual_uploaded_rates,manual
EUR_GBP-2026-04-22,2026-04-22,EUR_GBP,EUR,GBP,0.834762,manual_uploaded_rates,manual
EUR_USD-2026-04-22,2026-04-22,EUR_USD,EUR,USD,1.083203,manual_uploaded_rates,manual
USD_GBP-2026-04-22,2026-04-22,USD_GBP,USD,GBP,0.775136,manual_uploaded_rates,manual
GBP_EUR-2026-04-22,2026-04-22,GBP_EUR,GBP,EUR,1.172642,manual_uploaded_rates,manual
GBP_INR-2026-04-23,2026-04-23,GBP_INR,GBP,INR,107.7143,manual_uploaded_rates,manual
USD_INR-2026-04-23,2026-04-23,USD_INR,USD,INR,82.942,manual_uploaded_rates,manual
EUR_INR-2026-04-23,2026-04-23,EUR_INR,EUR,INR,91.2392,manual_uploaded_rates,manual
GBP_USD-2026-04-23,2026-04-23,GBP_USD,GBP,USD,1.28184,manual_uploaded_rates,manual
EUR_GBP-2026-04-23,2026-04-23,EUR_GBP,EUR,GBP,0.834687,manual_uploaded_rates,manual
EUR_USD-2026-04-23,2026-04-23,EUR_USD,EUR,USD,1.083105,manual_uploaded_rates,manual
USD_GBP-2026-04-23,2026-04-23,USD_GBP,USD,GBP,0.775066,manual_uploaded_rates,manual
GBP_EUR-2026-04-23,2026-04-23,GBP_EUR,GBP,EUR,1.172536,manual_uploaded_rates,manual
GBP_INR-2026-04-24,2026-04-24,GBP_INR,GBP,INR,107.7106,manual_uploaded_rates,manual
USD_INR-2026-04-24,2026-04-24,USD_INR,USD,INR,82.9392,manual_uploaded_rates,manual
EUR_INR-2026-04-24,2026-04-24,EUR_INR,EUR,INR,91.2361,manual_uploaded_rates,manual
GBP_USD-2026-04-24,2026-04-24,GBP_USD,GBP,USD,1.281796,manual_uploaded_rates,manual
EUR_GBP-2026-04-24,2026-04-24,EUR_GBP,EUR,GBP,0.834658,manual_uploaded_rates,manual
EUR_USD-2026-04-24,2026-04-24,EUR_USD,EUR,USD,1.083068,manual_uploaded_rates,manual
USD_GBP-2026-04-24,2026-04-24,USD_GBP,USD,GBP,0.77504,manual_uploaded_rates,manual
GBP_EUR-2026-04-24,2026-04-24,GBP_EUR,GBP,EUR,1.172496,manual_uploaded_rates,manual
GBP_INR-2026-04-25,2026-04-25,GBP_INR,GBP,INR,107.7129,manual_uploaded_rates,manual
USD_INR-2026-04-25,2026-04-25,USD_INR,USD,INR,82.9409,manual_uploaded_rates,manual
EUR_INR-2026-04-25,2026-04-25,EUR_INR,EUR,INR,91.238,manual_uploaded_rates,manual
GBP_USD-2026-04-25,2026-04-25,GBP_USD,GBP,USD,1.281824,manual_uploaded_rates,manual
EUR_GBP-2026-04-25,2026-04-25,EUR_GBP,EUR,GBP,0.834676,manual_uploaded_rates,manual
EUR_USD-2026-04-25,2026-04-25,EUR_USD,EUR,USD,1.083091,manual_uploaded_rates,manual
USD_GBP-2026-04-25,2026-04-25,USD_GBP,USD,GBP,0.775056,manual_uploaded_rates,manual
GBP_EUR-2026-04-25,2026-04-25,GBP_EUR,GBP,EUR,1.172521,manual_uploaded_rates,manual
GBP_INR-2026-04-26,2026-04-26,GBP_INR,GBP,INR,107.7211,manual_uploaded_rates,manual
USD_INR-2026-04-26,2026-04-26,USD_INR,USD,INR,82.9472,manual_uploaded_rates,manual
EUR_INR-2026-04-26,2026-04-26,EUR_INR,EUR,INR,91.2449,manual_uploaded_rates,manual
GBP_USD-2026-04-26,2026-04-26,GBP_USD,GBP,USD,1.281921,manual_uploaded_rates,manual
EUR_GBP-2026-04-26,2026-04-26,EUR_GBP,EUR,GBP,0.834739,manual_uploaded_rates,manual
EUR_USD-2026-04-26,2026-04-26,EUR_USD,EUR,USD,1.083173,manual_uploaded_rates,manual
USD_GBP-2026-04-26,2026-04-26,USD_GBP,USD,GBP,0.775115,manual_uploaded_rates,manual
GBP_EUR-2026-04-26,2026-04-26,GBP_EUR,GBP,EUR,1.172609,manual_uploaded_rates,manual
GBP_INR-2026-04-27,2026-04-27,GBP_INR,GBP,INR,107.7348,manual_uploaded_rates,manual
USD_INR-2026-04-27,2026-04-27,USD_INR,USD,INR,82.9578,manual_uploaded_rates,manual
EUR_INR-2026-04-27,2026-04-27,EUR_INR,EUR,INR,91.2565,manual_uploaded_rates,manual
GBP_USD-2026-04-27,2026-04-27,GBP_USD,GBP,USD,1.282084,manual_uploaded_rates,manual
EUR_GBP-2026-04-27,2026-04-27,EUR_GBP,EUR,GBP,0.834845,manual_uploaded_rates,manual
EUR_USD-2026-04-27,2026-04-27,EUR_USD,EUR,USD,1.083311,manual_uploaded_rates,manual
USD_GBP-2026-04-27,2026-04-27,USD_GBP,USD,GBP,0.775213,manual_uploaded_rates,manual
GBP_EUR-2026-04-27,2026-04-27,GBP_EUR,GBP,EUR,1.172759,manual_uploaded_rates,manual
GBP_INR-2026-04-28,2026-04-28,GBP_INR,GBP,INR,107.7537,manual_uploaded_rates,manual
USD_INR-2026-04-28,2026-04-28,USD_INR,USD,INR,82.9723,manual_uploaded_rates,manual
EUR_INR-2026-04-28,2026-04-28,EUR_INR,EUR,INR,91.2726,manual_uploaded_rates,manual
GBP_USD-2026-04-28,2026-04-28,GBP_USD,GBP,USD,1.282309,manual_uploaded_rates,manual
EUR_GBP-2026-04-28,2026-04-28,EUR_GBP,EUR,GBP,0.834992,manual_uploaded_rates,manual
EUR_USD-2026-04-28,2026-04-28,EUR_USD,EUR,USD,1.083501,manual_uploaded_rates,manual
USD_GBP-2026-04-28,2026-04-28,USD_GBP,USD,GBP,0.77535,manual_uploaded_rates,manual
GBP_EUR-2026-04-28,2026-04-28,GBP_EUR,GBP,EUR,1.172965,manual_uploaded_rates,manual
GBP_INR-2026-04-29,2026-04-29,GBP_INR,GBP,INR,107.7773,manual_uploaded_rates,manual
USD_INR-2026-04-29,2026-04-29,USD_INR,USD,INR,82.9905,manual_uploaded_rates,manual
EUR_INR-2026-04-29,2026-04-29,EUR_INR,EUR,INR,91.2925,manual_uploaded_rates,manual
GBP_USD-2026-04-29,2026-04-29,GBP_USD,GBP,USD,1.28259,manual_uploaded_rates,manual
EUR_GBP-2026-04-29,2026-04-29,EUR_GBP,EUR,GBP,0.835175,manual_uploaded_rates,manual
EUR_USD-2026-04-29,2026-04-29,EUR_USD,EUR,USD,1.083739,manual_uploaded_rates,manual
USD_GBP-2026-04-29,2026-04-29,USD_GBP,USD,GBP,0.775519,manual_uploaded_rates,manual
GBP_EUR-2026-04-29,2026-04-29,GBP_EUR,GBP,EUR,1.173222,manual_uploaded_rates,manual
GBP_INR-2026-04-30,2026-04-30,GBP_INR,GBP,INR,107.805,manual_uploaded_rates,manual
USD_INR-2026-04-30,2026-04-30,USD_INR,USD,INR,83.0118,manual_uploaded_rates,manual
EUR_INR-2026-04-30,2026-04-30,EUR_INR,EUR,INR,91.316,manual_uploaded_rates,manual
GBP_USD-2026-04-30,2026-04-30,GBP_USD,GBP,USD,1.282919,manual_uploaded_rates,manual
EUR_GBP-2026-04-30,2026-04-30,EUR_GBP,EUR,GBP,0.835389,manual_uploaded_rates,manual
EUR_USD-2026-04-30,2026-04-30,EUR_USD,EUR,USD,1.084017,manual_uploaded_rates,manual
USD_GBP-2026-04-30,2026-04-30,USD_GBP,USD,GBP,0.775718,manual_uploaded_rates,manual
GBP_EUR-2026-04-30,2026-04-30,GBP_EUR,GBP,EUR,1.173523,manual_uploaded_rates,manual
